S_GO_SPEA2_EXEC_4_1;497418.0;3578352.8663999983;0.32024759100385947;0.02443530498531999;0.13962343436913957;0.6404951820077189
S_GO_SPEA2_EXEC_4_2;497146.0;3443321.6598999994;0.3102731272700304;0.0249687669771337;0.13435466365187212;0.6205462545400608
S_GO_SPEA2_EXEC_4_3;497122.0;3648054.1666999976;0.30600853093919866;0.02501583715288197;0.1423431032478747;0.6120170618783973
S_GO_SPEA2_EXEC_4_4;496823.0;3566244.3738999986;0.3102615847988218;0.025602253092412482;0.1391509741699911;0.6205231695976436
S_GO_SPEA2_EXEC_4_5;496464.0;3346775.5246999986;0.32024660744740674;0.02630634447131367;0.13058753853174582;0.6404932148948135
S_GO_SPEA2_EXEC_4_6;496377.0;3497870.5612999983;0.3060085309391987;0.026476973858401143;0.13648310241654707;0.6120170618783974
S_GO_SPEA2_EXEC_4_7;496333.0;3430751.0676999986;0.3102731272700304;0.026563269180606305;0.1338641728253529;0.6205462545400608
S_GO_SPEA2_EXEC_4_8;496223.0;3338761.4469999983;0.32504339064828547;0.0267790074861192;0.13027483794196276;0.6500867812965709
S_GO_SPEA2_EXEC_4_9;496069.0;3943263.161499998;0.3006928757293311;0.02708104111383726;0.15386183693612188;0.6013857514586622
S_GO_SPEA2_EXEC_4_10;495957.0;3262291.5604999987;0.3250423879326027;0.027300701933995846;0.12729106619625177;0.6500847758652054
S_GO_SPEA2_EXEC_4_11;495883.0;3335410.7806999986;0.31532550816456023;0.027445834975886343;0.13014409858961334;0.6306510163291205
S_GO_SPEA2_EXEC_4_12;495716.0;3254277.482799999;0.3297193396716574;0.027773364948801376;0.12697836560646875;0.6594386793433148
S_GO_SPEA2_EXEC_4_13;495642.0;3327396.7029999983;0.3202475910038596;0.027918497990691873;0.12983139799983026;0.6404951820077192
S_GO_SPEA2_EXEC_4_14;495376.0;3250926.816499999;0.32024660744740663;0.028440192438568518;0.1268476262541193;0.6404932148948133
S_GO_SPEA2_EXEC_4_15;495135.0;3242912.738799999;0.32504339064828547;0.028912855453374048;0.12653492566433625;0.6500867812965709
S_GO_SPEA2_EXEC_4_16;494974.0;3685550.919299998;0.2895744494203678;0.02922861788235202;0.14380618572497234;0.5791488988407356
S_GO_SPEA2_EXEC_4_17;494966.0;3155009.090199998;0.3297183179826454;0.029244307940934775;0.12310502096534612;0.6594366359652908
S_GO_SPEA2_EXEC_4_18;494725.0;3146995.012499998;0.3342804675596744;0.029716970955740305;0.12279232037556306;0.6685609351193488
S_GO_SPEA2_EXEC_4_19;494626.0;3614725.9250999982;0.29516411611225835;0.029911135430701914;0.1410426715332244;0.5903282322245167
S_GO_SPEA2_EXEC_4_20;494479.0;3084787.1386999986;0.3342804675596744;0.03019944025716006;0.12036503684343446;0.6685609351193488
S_GO_SPEA2_EXEC_4_21;493974.0;3436765.6282999977;0.30059491015746237;0.031189875205196546;0.13409885443405573;0.6011898203149247
S_GO_SPEA2_EXEC_4_22;493962.0;3034421.9639999988;0.3387303535278806;0.031213410293070683;0.1183998425412609;0.6774607070557612
S_GO_SPEA2_EXEC_4_23;493924.0;3595715.3394999984;0.2951641161122586;0.031287938071338776;0.1403008991731634;0.5903282322245172
S_GO_SPEA2_EXEC_4_24;493834.0;2972251.7535999985;0.34731849813251103;0.031464451230394784;0.11597402859400954;0.6946369962650221
S_GO_SPEA2_EXEC_4_25;493752.0;3373551.6741999974;0.31518009103114253;0.031625274330868036;0.13163231474358225;0.6303601820622851
S_GO_SPEA2_EXEC_4_26;493721.0;3026407.8862999985;0.3430764633952306;0.03168607330787621;0.11808714195147785;0.6861529267904612
S_GO_SPEA2_EXEC_4_27;493681.0;3142616.8349999995;0.3248789810242323;0.03176452360079;0.12262148865447502;0.6497579620484646
S_GO_SPEA2_EXEC_4_28;493310.0;2909675.396699999;0.3430764633952307;0.03249215006756531;0.11353236725235519;0.6861529267904614
S_GO_SPEA2_EXEC_4_29;492885.0;3828604.571899999;0.2778331503524014;0.03332568442977424;0.1493879835578832;0.5556663007048028
S_GO_SPEA2_EXEC_4_30;492484.0;2856917.542199999;0.34731959409345703;0.0341121486162349;0.1114738131884436;0.6946391881869141
S_GO_SPEA2_EXEC_4_31;492416.0;3407591.2493999987;0.2996302395104262;0.03424551411418832;0.13296050192112915;0.5992604790208524
S_GO_SPEA2_EXEC_4_32;492395.0;3680981.905999999;0.2778384401636946;0.03428670051796806;0.14362790779866322;0.5556768803273892
S_GO_SPEA2_EXEC_4_33;492356.0;2801036.6693999986;0.35551460521226863;0.03436318955355899;0.10929340234938328;0.7110292104245373
S_GO_SPEA2_EXEC_4_34;492095.0;2772963.843899999;0.35947312540962195;0.034875077714821415;0.10819803125125599;0.7189462508192439
S_GO_SPEA2_EXEC_4_35;491922.0;2924384.1841999986;0.33854139742787526;0.03521437523167352;0.114106288132389;0.6770827948557505
S_GO_SPEA2_EXEC_4_36;491737.0;3356141.2502999986;0.30490047209448223;0.03557720783639976;0.1309529789515294;0.6098009441889645
S_GO_SPEA2_EXEC_4_37;491660.0;2753524.4186999984;0.35947312540962195;0.03572822465025879;0.10743952603672786;0.7189462508192439
S_GO_SPEA2_EXEC_4_38;491269.0;2720205.989399999;0.3633430502339499;0.036495076263491;0.10613947718734441;0.7266861004678998
S_GO_SPEA2_EXEC_4_39;491142.0;3088038.235699999;0.3340988153172239;0.03674415594349226;0.12049189111006356;0.6681976306344478
S_GO_SPEA2_EXEC_4_40;491105.0;2903382.4944999986;0.3340988153172239;0.0368167224644375;0.11328682505735162;0.6681976306344478
S_GO_SPEA2_EXEC_4_41;491011.0;3307502.6975999987;0.3103823313013306;0.03700108065278489;0.12905515556063768;0.6207646626026612
S_GO_SPEA2_EXEC_4_42;490955.0;2693916.520799999;0.3594731254096219;0.03711091106286418;0.10511369073454987;0.7189462508192438
S_GO_SPEA2_EXEC_4_43;490844.0;2876916.2781999987;0.33854139742787526;0.03732861062569992;0.11225414210166532;0.6770827948557505
S_GO_SPEA2_EXEC_4_44;490716.0;2819428.796199999;0.34711330886552727;0.03757965156302402;0.11001104312016402;0.6942266177310545
S_GO_SPEA2_EXEC_4_45;490429.0;2681962.2926999987;0.3671271813743571;0.0381425324146804;0.10464724976439667;0.7342543627487143
S_GO_SPEA2_EXEC_4_46;490281.0;2799989.3709999993;0.34711330886552727;0.038432798498461394;0.10925253790563594;0.6942266177310545
S_GO_SPEA2_EXEC_4_47;490038.0;2642980.7422999986;0.37082814529572977;0.038909384027912615;0.10312623209311335;0.7416562905914595
S_GO_SPEA2_EXEC_4_48;489478.0;2619413.9080999987;0.3744484080245004;0.04000768812870555;0.10220667987144481;0.7488968160490008
S_GO_SPEA2_EXEC_4_49;489304.0;2723163.587899999;0.35125028289623333;0.040348946902880496;0.10625487946193074;0.7025005657924667
S_GO_SPEA2_EXEC_4_50;489160.0;2641438.1072999984;0.3671271813743571;0.04063136795737011;0.10306604015433042;0.7342543627487143
S_GO_SPEA2_EXEC_4_51;488969.0;3543744.185999998;0.2789113225663356;0.041005968106033415;0.13827304132607074;0.5578226451326712
S_GO_SPEA2_EXEC_4_52;488659.0;2689445.6945999996;0.35924342441854945;0.04161395787611522;0.10493924396202141;0.7184868488370989
S_GO_SPEA2_EXEC_4_53;488439.0;2537256.8148999983;0.3744484080245005;0.042045434487141015;0.09900099950993536;0.748896816049001
S_GO_SPEA2_EXEC_4_54;488383.0;3504436.1154999984;0.2843322039532373;0.04215526489722031;0.13673928319585155;0.5686644079064745
S_GO_SPEA2_EXEC_4_55;487968.0;3311742.541199999;0.2941963777577094;0.04296918668620079;0.12922058964350264;0.5883927555154188
S_GO_SPEA2_EXEC_4_56;487689.0;2452536.2181999986;0.3814559696693297;0.043516377479274414;0.09569529403182882;0.7629119393386594
S_GO_SPEA2_EXEC_4_57;486879.0;2500908.9890999985;0.37799028835370285;0.04510499591077848;0.09758274690614649;0.7559805767074057
S_GO_SPEA2_EXEC_4_58;486824.0;2628937.7657999992;0.3686472472842236;0.04521286506353493;0.10257829043366834;0.7372944945684472
S_GO_SPEA2_EXEC_4_59;486782.0;3042388.878699999;0.3159085670770671;0.0452952378710944;0.11871070288211351;0.6318171341541342
S_GO_SPEA2_EXEC_4_60;486735.0;2394603.9360999987;0.3914158380168807;0.045387416965268094;0.0934348394345209;0.7828316760337614
S_GO_SPEA2_EXEC_4_61;486612.0;3823243.2354999986;0.27165091503492655;0.04562865161597797;0.14917879004653187;0.5433018300698531
S_GO_SPEA2_EXEC_4_62;486460.0;3494005.5908999983;0.2825668479899662;0.04592676272905034;0.13633229547795522;0.5651336959799323
S_GO_SPEA2_EXEC_4_63;486419.0;2765478.646799999;0.34785324040630766;0.046007174279286966;0.10790596700688108;0.6957064808126153
S_GO_SPEA2_EXEC_4_64;486342.0;2962804.6285999985;0.32496151994953043;0.04615819109314599;0.1156054120582285;0.6499230398990609
S_GO_SPEA2_EXEC_4_65;486016.0;2635859.177799999;0.3631057734299183;0.04679756098039331;0.10284835639703319;0.7262115468598366
S_GO_SPEA2_EXEC_4_66;485637.0;3484178.5624999986;0.27886870437366973;0.04754087750575139;0.13594885552497166;0.5577374087473395
S_GO_SPEA2_EXEC_4_67;485637.0;3564304.634299999;0.27804930915018633;0.04754087750575139;0.13907528764190247;0.5560986183003727
S_GO_SPEA2_EXEC_4_68;485175.0;2358256.1102999994;0.39459619931417866;0.04844697838890556;0.09201658683073204;0.7891923986283573
S_GO_SPEA2_EXEC_4_69;484973.0;2940028.528299999;0.3255314451785583;0.04884315236812015;0.11471671341274771;0.6510628903571166
S_GO_SPEA2_EXEC_4_70;484797.0;2654934.970399999;0.3599230939254147;0.049188333656940794;0.10359267306326655;0.7198461878508294
S_GO_SPEA2_EXEC_4_71;484712.0;2911955.702799999;0.3301626836231649;0.049355040529382575;0.11362134231462041;0.6603253672463298
S_GO_SPEA2_EXEC_4_72;484591.0;2342252.683499999;0.3977095845776838;0.049592352665446766;0.09139215053422471;0.7954191691553676
S_GO_SPEA2_EXEC_4_73;484455.0;3645683.126399999;0.27782419990656704;0.04985908366135362;0.1422505878358755;0.5556483998131341
S_GO_SPEA2_EXEC_4_74;484455.0;3660625.2263999986;0.27756403980635874;0.04985908366135362;0.14283361231573513;0.5551280796127175
S_GO_SPEA2_EXEC_4_75;484168.0;2779783.613899999;0.339089371757258;0.05042196451301;0.1084641312544023;0.678178743514516
S_GO_SPEA2_EXEC_4_76;484155.0;3650379.0706999986;0.27152605796760887;0.05044746085820698;0.14243381847166012;0.5430521159352177
S_GO_SPEA2_EXEC_4_77;484147.0;2887270.673799999;0.33016268362316503;0.05046315091678973;0.11265815934883613;0.6603253672463301
S_GO_SPEA2_EXEC_4_78;484112.0;2295790.5792999985;0.40934176688529617;0.0505317949230893;0.08957924979507896;0.8186835337705923
S_GO_SPEA2_EXEC_4_79;483965.0;3509904.419999999;0.2778092021945375;0.05082009974954744;0.13695265048604682;0.555618404389075
S_GO_SPEA2_EXEC_4_80;483665.0;3419417.2657999992;0.27832114605801495;0.0514084769464008;0.13342194021028678;0.5566422921160299
S_GO_SPEA2_EXEC_4_81;483665.0;3499943.664499999;0.2717301958133323;0.0514084769464008;0.1365639926471623;0.5434603916266646
S_GO_SPEA2_EXEC_4_82;483527.0;2790775.6235999996;0.3384802024015113;0.05167913045695335;0.10889302750981185;0.6769604048030226
S_GO_SPEA2_EXEC_4_83;483228.0;2528352.203099999;0.37344228431240795;0.052265546396483856;0.09865355124877752;0.7468845686248159
S_GO_SPEA2_EXEC_4_84;483215.0;3324076.978799999;0.28423518077961984;0.05229104274168084;0.12970186597454722;0.5684703615592397
S_GO_SPEA2_EXEC_4_85;483031.0;2331923.123699999;0.4007575547706302;0.05265191408908423;0.09098910235294001;0.8015151095412604
S_GO_SPEA2_EXEC_4_86;482828.0;2863011.5608999985;0.33016268362316503;0.05305004932562167;0.11171159516573075;0.6603253672463301
S_GO_SPEA2_EXEC_4_87;482708.0;3320119.4132999997;0.2837670660482407;0.053285400204363016;0.1295474460759287;0.5675341320964814
S_GO_SPEA2_EXEC_4_88;482688.0;2274062.553299999;0.4121387294688389;0.0533246253508199;0.08873144586811912;0.8242774589376778
S_GO_SPEA2_EXEC_4_89;482607.0;2608919.295899999;0.3595112548225282;0.05348348719397031;0.10179719152514587;0.7190225096450564
S_GO_SPEA2_EXEC_4_90;482552.0;2259442.7534999987;0.4121387294688389;0.05359135634672676;0.08816099719129009;0.8242774589376778
S_GO_SPEA2_EXEC_4_91;482410.0;2769269.578999999;0.3388781104095156;0.05386985488657068;0.10805388505548792;0.6777562208190312
S_GO_SPEA2_EXEC_4_92;482358.0;2681908.9848999986;0.35113021357988605;0.0539718402673586;0.10464516975205787;0.7022604271597721
S_GO_SPEA2_EXEC_4_93;482295.0;2983490.819299999;0.3209453309154792;0.054095399478697806;0.11641256470565725;0.6418906618309584
S_GO_SPEA2_EXEC_4_94;482252.0;2508147.422599999;0.37784373431001295;0.05417973354358012;0.09786518270341302;0.7556874686200259
S_GO_SPEA2_EXEC_4_95;482091.0;3149678.4782999987;0.30575158218980325;0.05449549597255809;0.12289702629054601;0.6115031643796065
S_GO_SPEA2_EXEC_4_96;481882.0;3282303.6587999994;0.2893302979345318;0.054905398753032596;0.12807191649187677;0.5786605958690636
S_GO_SPEA2_EXEC_4_97;481730.0;2999674.8414999987;0.3100532842644499;0.05520350986610496;0.11704404763812268;0.6201065685288998
S_GO_SPEA2_EXEC_4_98;481660.0;3249754.0137999994;0.28951234573951407;0.05534079787870408;0.12680186476917774;0.5790246914790281
S_GO_SPEA2_EXEC_4_99;481426.0;2425983.1067999983;0.3813056345889022;0.0557997320922497;0.09465922052391224;0.7626112691778044
S_GO_SPEA2_EXEC_4_100;481336.0;2757713.488299999;0.3433935505553434;0.055976245251305706;0.1076029789733724;0.6867871011106867
S_GO_SPEA2_EXEC_4_101;481244.0;2499103.466699999;0.3778437343100129;0.056156680925007404;0.09751229738712743;0.7556874686200258
S_GO_SPEA2_EXEC_4_102;481219.0;2398551.170699999;0.3846934328399385;0.056205712358078516;0.09358885623266502;0.769386865679877
S_GO_SPEA2_EXEC_4_103;481210.0;3181810.8279999993;0.29508981647387567;0.05622336367398412;0.12415079560479976;0.5901796329477513
S_GO_SPEA2_EXEC_4_104;481128.0;2237714.727499999;0.41487701000250793;0.05638418677445737;0.08731319326433025;0.8297540200050159
S_GO_SPEA2_EXEC_4_105;480781.0;2234636.4503999995;0.4066631019091334;0.05706474306548442;0.08719308224211174;0.8133262038182668
S_GO_SPEA2_EXEC_4_106;480499.0;2922449.5943999984;0.319908985295509;0.05761781763052658;0.1140308025438916;0.639817970591018
S_GO_SPEA2_EXEC_4_107;480418.0;2416939.1508999984;0.38130563458890204;0.057776679473676984;0.09430633520762663;0.7626112691778041
S_GO_SPEA2_EXEC_4_108;480225.0;2583405.6045999983;0.35951125482252827;0.05815520213698598;0.10080167505828497;0.7190225096450565
S_GO_SPEA2_EXEC_4_109;480137.0;2636371.738799998;0.3515444527016;0.0583277927813963;0.10286835596941063;0.7030889054032
S_GO_SPEA2_EXEC_4_110;480066.0;2574560.5573999994;0.3689775881773878;0.05846704205131826;0.10045655094299237;0.7379551763547756
S_GO_SPEA2_EXEC_4_111;479964.0;2555332.7790999985;0.3633609620432566;0.0586670902982484;0.09970630396015766;0.7267219240865131
S_GO_SPEA2_EXEC_4_112;479668.0;2332218.554199999;0.3880090700745657;0.05924762246581038;0.09100062972952011;0.7760181401491314
S_GO_SPEA2_EXEC_4_113;479116.0;2304914.6842999994;0.3912543808561151;0.06033023650802056;0.08993526244201683;0.7825087617122302
S_GO_SPEA2_EXEC_4_114;478596.0;2303492.103499999;0.403390399436583;0.06135009031589972;0.08987975488745766;0.806780798873166
S_GO_SPEA2_EXEC_4_115;478585.0;2175843.3260999992;0.4123238323927769;0.061371664146451003;0.084899038519052;0.8246476647855538
S_GO_SPEA2_EXEC_4_116;478551.0;2718696.6403999985;0.3394199310306542;0.06143834689542772;0.10608058403205488;0.6788398620613084
S_GO_SPEA2_EXEC_4_117;478351.0;2130990.786;0.4177496985275493;0.06183059835999662;0.08314894121932935;0.8354993970550986
S_GO_SPEA2_EXEC_4_118;478314.0;2271629.4031999996;0.403390399436583;0.06190316488094187;0.08863650699932073;0.806780798873166
S_GO_SPEA2_EXEC_4_119;478295.0;2794055.1953999987;0.3350260143076098;0.06194042877007592;0.10902099283214652;0.6700520286152196
S_GO_SPEA2_EXEC_4_120;477790.0;2852804.0425999993;0.3300102913853528;0.0629308637181124;0.11131330891095298;0.6600205827707056
S_GO_SPEA2_EXEC_4_121;477761.0;3499943.664499999;0.26628729839277776;0.0629877401804749;0.1365639926471623;0.5325745967855555
S_GO_SPEA2_EXEC_4_122;477511.0;2123877.6147;0.4277267846021555;0.06347805451118603;0.0828713930167785;0.855453569204311
S_GO_SPEA2_EXEC_4_123;477476.0;2738928.4748999984;0.33457465692832916;0.0635466985174856;0.10687000819505531;0.6691493138566583
S_GO_SPEA2_EXEC_4_124;477195.0;3434359.365799999;0.27206342859466087;0.06409781182520491;0.13400496469014642;0.5441268571893217
S_GO_SPEA2_EXEC_4_125;476797.0;2680661.223399998;0.3394199310306542;0.06487839223969702;0.10459648345632122;0.6788398620613084
S_GO_SPEA2_EXEC_4_126;476791.0;2094642.9601999999;0.42037741481172153;0.06489015978363409;0.08173068861554046;0.8407548296234431
S_GO_SPEA2_EXEC_4_127;476759.0;2466445.3451999985;0.37080686912452093;0.06495292001796511;0.0962380130294581;0.7416137382490419
S_GO_SPEA2_EXEC_4_128;476755.0;2616786.3642999986;0.34789892337277994;0.0649607650472565;0.10210415597203955;0.6957978467455599
S_GO_SPEA2_EXEC_4_129;476745.0;3339019.078799999;0.2781751697979071;0.06498037762048495;0.13028489045440686;0.5563503395958141
S_GO_SPEA2_EXEC_4_130;475934.0;2565146.704599999;0.3559904995124291;0.06657095730931185;0.10008923265224372;0.7119809990248582
S_GO_SPEA2_EXEC_4_131;475436.0;2592527.2513999986;0.34789892337277994;0.06754766345608842;0.10115759178893417;0.6957978467455599
S_GO_SPEA2_EXEC_4_132;475190.0;3169227.615099999;0.29001943258516744;0.06803013275750819;0.12365981233230221;0.5800388651703349
S_GO_SPEA2_EXEC_4_133;475158.0;3101284.429299999;0.2955752939789986;0.06809289299183921;0.12100874316792423;0.5911505879579972
S_GO_SPEA2_EXEC_4_134;475108.0;2563614.077199999;0.3598992213192811;0.06819095585798143;0.10002943119912108;0.7197984426385622
S_GO_SPEA2_EXEC_4_135;474972.0;2976410.0772999986;0.3107941463038542;0.0684576868538883;0.11613628185909815;0.6215882926077084
S_GO_SPEA2_EXEC_4_136;474780.0;2043913.7089999998;0.4370550689998449;0.06883424825987444;0.07975128844457727;0.8741101379996898
S_GO_SPEA2_EXEC_4_137;474740.0;3047826.580099999;0.2955752939789986;0.06891269855278823;0.11892287607265348;0.5911505879579972
S_GO_SPEA2_EXEC_4_138;474722.0;2181295.0243999995;0.40356574154059244;0.06894800118459943;0.08511175785339653;0.8071314830811849
S_GO_SPEA2_EXEC_4_139;474029.0;2841923.195699999;0.3202987700379468;0.07030715250933069;0.11088875010701611;0.6405975400758936
S_GO_SPEA2_EXEC_4_140;473701.0;2059450.7796;0.43479877441965825;0.07095044491122368;0.08035752802971641;0.8695975488393165
S_GO_SPEA2_EXEC_4_141;473289.0;2499826.1048999983;0.35989922131928115;0.07175848292823564;0.09754049394321267;0.7197984426385623
S_GO_SPEA2_EXEC_4_142;473163.0;2873414.832799999;0.31133086764108037;0.07200560135091405;0.11211751951293336;0.6226617352821607
S_GO_SPEA2_EXEC_4_143;472334.0;1975081.2482;0.43270455918414197;0.07363148367155216;0.07706552073753614;0.8654091183682839
S_GO_SPEA2_EXEC_4_144;471020.0;2745136.379899999;0.3258705600122736;0.07620857579376987;0.10711223389182106;0.6517411200245472
S_GO_SPEA2_EXEC_4_145;470816.0;2669027.3485999997;0.3393086015527357;0.07660867228763016;0.10414254232327959;0.6786172031054714
S_GO_SPEA2_EXEC_4_146;470727.0;3229218.552099999;0.28420576514746976;0.07678322418936331;0.12600059340328404;0.5684115302949395
S_GO_SPEA2_EXEC_4_147;470657.0;2936315.648199999;0.30025701549917166;0.07692051220196243;0.11457184087213536;0.6005140309983433
S_GO_SPEA2_EXEC_4_148;470302.0;2597806.559899999;0.347069111838713;0.07761675855157224;0.10136358466090205;0.694138223677426
S_GO_SPEA2_EXEC_4_149;470259.0;2007037.4338000002;0.42992452331753495;0.07770109261645455;0.07831241632033496;0.8598490466350699
S_GO_SPEA2_EXEC_4_150;469209.0;3094172.773399999;0.29550534739153167;0.07976041280544131;0.1207312540946321;0.5910106947830633
S_GO_SPEA2_EXEC_4_151;468893.0;2904206.342799999;0.3061434946602816;0.08038017011946018;0.11331897072138751;0.6122869893205632
S_GO_SPEA2_EXEC_4_152;468626.0;3470084.855099999;0.26562848457136157;0.08090382582465967;0.1353989344010213;0.5312569691427231
S_GO_SPEA2_EXEC_4_153;468624.0;2451314.3464999986;0.3629568681276002;0.08090774833930536;0.09564761792791117;0.7259137362552004
S_GO_SPEA2_EXEC_4_154;468037.0;2623422.382399999;0.34359289102554047;0.0820590063878151;0.1023630861760331;0.6871857820510809
S_GO_SPEA2_EXEC_4_155;467468.0;1799334.5803999996;0.47911288139216435;0.08317496180451364;0.07020807703275833;0.9582257627843287
S_GO_SPEA2_EXEC_4_156;467317.0;1794759.9522999995;0.4791128813921644;0.08347111166026316;0.07002958002306398;0.9582257627843288
S_GO_SPEA2_EXEC_4_157;467271.0;2826981.095699999;0.32095496958236513;0.083561329497114;0.11030572562715646;0.6419099391647303
S_GO_SPEA2_EXEC_4_158;467215.0;3430970.459699999;0.2657020382766808;0.0836711599071933;0.133872733262419;0.5314040765533616
S_GO_SPEA2_EXEC_4_159;466531.0;1797934.9679999996;0.4761404113872082;0.08501265991601896;0.07015346568016965;0.9522808227744164
S_GO_SPEA2_EXEC_4_160;466378.0;2400141.7239999985;0.3746862867104997;0.08531273228641417;0.09365091789136233;0.7493725734209994
S_GO_SPEA2_EXEC_4_161;466089.0;1846842.1781999995;0.47479410861358307;0.08587953565271625;0.07206177179431969;0.9495882172271661
S_GO_SPEA2_EXEC_4_162;465945.0;2365392.2090999987;0.37764229570516705;0.08616195670720586;0.09229502963937987;0.7552845914103341
S_GO_SPEA2_EXEC_4_163;465938.0;1842267.5500999994;0.47479410861358307;0.08617568550846577;0.07188327478462535;0.9495882172271661
S_GO_SPEA2_EXEC_4_164;465593.0;1940411.8537999997;0.4347971305212888;0.08685231928484713;0.075712758700265;0.8695942610425776
S_GO_SPEA2_EXEC_4_165;465512.0;2051674.8613000005;0.4150203065426619;0.08701118112799754;0.0800541201605221;0.8300406130853238
S_GO_SPEA2_EXEC_4_166;465042.0;2621125.531999999;0.33876655241655046;0.08793297206973447;0.10227346557318776;0.6775331048331009
S_GO_SPEA2_EXEC_4_167;464825.0;1731357.0297999997;0.4797681036140057;0.08835856490879172;0.06755566699128507;0.9595362072280114
S_GO_SPEA2_EXEC_4_168;464639.0;2339115.4839999992;0.37764229570516694;0.08872335877084081;0.09126974042408603;0.7552845914103339
S_GO_SPEA2_EXEC_4_169;464542.0;2557175.1090999986;0.35135309345826493;0.08891360073115673;0.09977818967166942;0.7027061869165299
S_GO_SPEA2_EXEC_4_170;464295.0;1660271.0821999996;0.4830607965214819;0.08939803128989933;0.06478197068187609;0.9661215930429639
S_GO_SPEA2_EXEC_4_171;464071.0;1842521.1397999995;0.47164019022367965;0.0898373529302165;0.0718931695787266;0.9432803804473593
S_GO_SPEA2_EXEC_4_172;463988.0;2254120.8997999993;0.40022765638282826;0.0900001372880126;0.08795334425192204;0.8004553127656565
S_GO_SPEA2_EXEC_4_173;463501.0;1987129.5879000002;0.43243894708745606;0.09095526960423789;0.07753563383989558;0.8648778941749121
S_GO_SPEA2_EXEC_4_174;463183.0;2403337.8180999993;0.3708661037755033;0.09157894943290244;0.0937756260046955;0.7417322075510066
S_GO_SPEA2_EXEC_4_175;463134.0;1841121.5273999996;0.46837108756070933;0.09167505104172183;0.07183855822613792;0.9367421751214187
S_GO_SPEA2_EXEC_4_176;463055.0;3370289.360899999;0.2751793714798414;0.09182999037022654;0.1315050228291344;0.5503587429596828
S_GO_SPEA2_EXEC_4_177;462841.0;3438803.867899998;0.2596611158746334;0.09224969943731527;0.13417838432494253;0.5193222317492668
S_GO_SPEA2_EXEC_4_178;462828.0;3198659.172499999;0.2883211349070407;0.09227519578251225;0.1248081996704002;0.5766422698140814
S_GO_SPEA2_EXEC_4_179;462750.0;2529723.9343999987;0.35174876879670874;0.09242817385369413;0.09870707471118839;0.7034975375934175
S_GO_SPEA2_EXEC_4_180;462390.0;2313693.3910999997;0.3844491248678704;0.09313422648991816;0.09027779802710262;0.7688982497357408
S_GO_SPEA2_EXEC_4_181;462349.0;3334377.016399999;0.2797827384244462;0.09321463804015478;0.1301037622317182;0.5595654768488924
S_GO_SPEA2_EXEC_4_182;462232.0;1425174.2073;0.4843577268192498;0.0934441051469276;0.055608746489480124;0.9687154536384996
S_GO_SPEA2_EXEC_4_183;462196.0;3327440.496399999;0.28112180825942407;0.09351471041055;0.12983310677063603;0.5622436165188481
S_GO_SPEA2_EXEC_4_184;462078.0;2470747.772899999;0.35574020857171657;0.09374613877464565;0.09640588907579205;0.7114804171434331
S_GO_SPEA2_EXEC_4_185;461801.0;2284599.8080999996;0.3877438187751086;0.09428940705307358;0.0891425980822603;0.7754876375502172
S_GO_SPEA2_EXEC_4_186;461231.0;1345765.5955;0.4881370854823251;0.09540732372709497;0.052510308880906284;0.9762741709646502
S_GO_SPEA2_EXEC_4_187;461073.0;2803861.403799999;0.3118920566314986;0.0957172023841044;0.10940362041138943;0.6237841132629972
S_GO_SPEA2_EXEC_4_188;461042.0;1334395.5795;0.4889928865731572;0.09577800136111259;0.052066663231071536;0.9779857731463144
S_GO_SPEA2_EXEC_4_189;460960.0;1356756.7893;0.48535639778352135;0.09593882446158583;0.05293917330078579;0.9707127955670427
S_GO_SPEA2_EXEC_4_190;460847.0;2385305.594699999;0.3634552901678676;0.09616044653906726;0.09307202827288416;0.7269105803357352
S_GO_SPEA2_EXEC_4_191;460799.0;3224143.6570999986;0.2860047413418759;0.0962545868905638;0.125802576523614;0.5720094826837518
S_GO_SPEA2_EXEC_4_192;460794.0;3623007.948499999;0.25225428597530103;0.09626439317717803;0.14136582707260445;0.5045085719506021
S_GO_SPEA2_EXEC_4_193;460794.0;3637950.048499999;0.25111192331557897;0.09626439317717803;0.1419488515524641;0.5022238466311579
S_GO_SPEA2_EXEC_4_194;460771.0;1345386.7733;0.48631904044392793;0.09630950209560345;0.052495527650951036;0.9726380808878559
S_GO_SPEA2_EXEC_4_195;460769.0;3483068.992099999;0.25322188613313124;0.09631342461024914;0.13590556129555764;0.5064437722662625
S_GO_SPEA2_EXEC_4_196;460622.0;3476687.195099999;0.25921034063419196;0.09660172943670728;0.13565655052220618;0.5184206812683839
S_GO_SPEA2_EXEC_4_197;460518.0;2788293.581899999;0.3118920566314986;0.09680570019828312;0.10879618094399228;0.6237841132629972
S_GO_SPEA2_EXEC_4_198;459933.0;3322882.208699999;0.27392537603266465;0.09795303573214717;0.12965524734556572;0.5478507520653293
S_GO_SPEA2_EXEC_4_199;459218.0;1282037.4711;0.4913496058217456;0.099355334717981;0.050023706824920806;0.9826992116434912
S_GO_SPEA2_EXEC_4_200;459100.0;1764916.1670999995;0.47150235066965906;0.09958676308207666;0.0688651080048555;0.9430047013393181
S_GO_SPEA2_EXEC_4_201;458963.0;2571083.712399999;0.3436778301275941;0.09985545533530636;0.1003208882350947;0.6873556602551882
S_GO_SPEA2_EXEC_4_202;458869.0;2414512.121199999;0.35992068967337837;0.10003981352365375;0.09421163515017514;0.7198413793467567
S_GO_SPEA2_EXEC_4_203;458584.0;2579375.893099999;0.3394094875481467;0.10059877186066443;0.1006444401012661;0.6788189750962934
S_GO_SPEA2_EXEC_4_204;458454.0;2314418.7500999994;0.3743993289967357;0.10085373531263422;0.09030610074584272;0.7487986579934715
S_GO_SPEA2_EXEC_4_205;458300.0;1835361.2804999996;0.46681430115452294;0.10115576894035228;0.07161379966122834;0.9336286023090459
S_GO_SPEA2_EXEC_4_206;458137.0;2518325.8578999992;0.3478463058503693;0.10147545388397594;0.09826233417118313;0.6956926117007386
S_GO_SPEA2_EXEC_4_207;458030.0;2677029.919199999;0.3210741855283705;0.1016853084175203;0.10445479391854429;0.642148371056741
S_GO_SPEA2_EXEC_4_208;458021.0;2556007.3991999985;0.34032874561954773;0.1017029597334259;0.09973262690224112;0.6806574912390955
S_GO_SPEA2_EXEC_4_209;457982.0;2569846.0459999987;0.33586276969083695;0.10177944876901684;0.10027259583917311;0.6717255393816739
S_GO_SPEA2_EXEC_4_210;457722.0;2320070.0889999988;0.37407099430356566;0.10228937567295641;0.09052660983912161;0.7481419886071313
S_GO_SPEA2_EXEC_4_211;457655.0;2294400.5486;0.37083177245680066;0.102420779913587;0.08952501230999617;0.7416635449136013
S_GO_SPEA2_EXEC_4_212;457638.0;2329069.9429999995;0.3674485849621851;0.10245412128807536;0.09087777434726726;0.7348971699243702
S_GO_SPEA2_EXEC_4_213;457575.0;1263915.2859999996;0.49274684264266366;0.10257768049941457;0.04931659888548472;0.9854936852853273
S_GO_SPEA2_EXEC_4_214;457543.0;3302090.043799999;0.2801362423423111;0.10264044073374559;0.12884395970018933;0.5602724846846222
S_GO_SPEA2_EXEC_4_215;457434.0;1826659.7940999996;0.4653101057101863;0.10285421778193564;0.07127427713210822;0.9306202114203725
S_GO_SPEA2_EXEC_4_216;457363.0;1833961.6680999997;0.4633743760178632;0.1029934670518576;0.07155918830863968;0.9267487520357264
S_GO_SPEA2_EXEC_4_217;456872.0;3018612.6595999994;0.27965743377584146;0.10395644439737427;0.11778298068952973;0.5593148675516829
S_GO_SPEA2_EXEC_4_218;456864.0;1627252.2812999994;0.4790208818547745;0.10397213445595703;0.06349361300656194;0.958041763709549
S_GO_SPEA2_EXEC_4_219;456751.0;2484403.8677999987;0.34445812916535473;0.10419375653343846;0.09693873503626523;0.6889162583307095
S_GO_SPEA2_EXEC_4_220;456533.0;3237275.816799999;0.2612442685423283;0.10462131062981857;0.1263149791028048;0.5224885370846566
S_GO_SPEA2_EXEC_4_221;456401.0;1517665.7663999994;0.4834501185564366;0.10488019659643404;0.05921766646295672;0.9669002371128732
S_GO_SPEA2_EXEC_4_222;456200.0;1751220.3951999994;0.46925414176234215;0.1052744093183258;0.06833071389102452;0.9385082835246843
S_GO_SPEA2_EXEC_4_223;456160.0;3387498.6142999986;0.25952764948348556;0.10535285961123958;0.13217650916721993;0.5190552989669711
S_GO_SPEA2_EXEC_4_224;456083.0;3381992.085199998;0.26085251013004296;0.1055038764250986;0.13196165039473415;0.5217050202600859
S_GO_SPEA2_EXEC_4_225;456071.0;1232945.4239999996;0.4933937425266064;0.10552741151297274;0.04810818857609883;0.9867874850532128
S_GO_SPEA2_EXEC_4_226;455703.0;3360471.825499998;0.26085251013004296;0.10624915420777953;0.13112195328267914;0.5217050202600859
S_GO_SPEA2_EXEC_4_227;455588.0;2837189.6790999994;0.30958742010954815;0.10647469879990665;0.11070405344097708;0.6191748402190963
S_GO_SPEA2_EXEC_4_228;455492.0;3225826.4830999994;0.26887660588696216;0.10666297950289971;0.12586823856264096;0.5377532117739243
S_GO_SPEA2_EXEC_4_229;455328.0;1294032.5912000001;0.487806488313211;0.10698462570384622;0.050491743356409456;0.975612976626422
S_GO_SPEA2_EXEC_4_230;455317.0;2885214.9547999995;0.2969144560435332;0.10700619953439751;0.11257794743078497;0.5938289120870665
S_GO_SPEA2_EXEC_4_231;455162.0;1620074.4876999995;0.4796566780789133;0.10731019441943841;0.06321354331219636;0.9593133561578266
S_GO_SPEA2_EXEC_4_232;454726.0;2464383.5212999987;0.3486052644804365;0.10816530261219863;0.09615756290485315;0.697210528960873
S_GO_SPEA2_EXEC_4_233;454185.0;3616390.906899999;0.2523663534001856;0.10922634282385751;0.14110763731098797;0.5047327068003712
S_GO_SPEA2_EXEC_4_234;454185.0;3631333.006899999;0.2513038734294203;0.10922634282385751;0.1416906617908476;0.5026077468588406
S_GO_SPEA2_EXEC_4_235;454089.0;2334853.738199999;0.3635890092867342;0.1094146235268506;0.0911034517412142;0.7271780185734684
S_GO_SPEA2_EXEC_4_236;454071.0;2861547.012799999;0.2911561986291479;0.1094499261586618;0.11165445009280046;0.5823123972582958
S_GO_SPEA2_EXEC_4_237;453973.0;3599668.976299999;0.2442437808776826;0.10964212937630056;0.14045516577818373;0.4884875617553652
S_GO_SPEA2_EXEC_4_238;453400.0;1113161.4086;0.4983338055147383;0.11076592982229047;0.04343434666136903;0.9966676110294767
S_GO_SPEA2_EXEC_4_239;453159.0;2613786.000099999;0.33140652150593675;0.111238592837096;0.10198708502638303;0.6628130430118735
S_GO_SPEA2_EXEC_4_240;452898.0;1022758.1098;0.49889709132542936;0.11175048099835842;0.03990690833205348;0.9977941826508587
S_GO_SPEA2_EXEC_4_241;452631.0;2303015.417999999;0.36812321246255836;0.11227413670355792;0.08986115513804532;0.7362464249251167
S_GO_SPEA2_EXEC_4_242;452509.0;2398519.8935;0.35978682931075495;0.11251341009694495;0.0935876358303614;0.7195736586215099
S_GO_SPEA2_EXEC_4_243;452049.0;1050794.3006000002;0.4985125527699496;0.11341558846545344;0.04100084998405794;0.9970251055398992
S_GO_SPEA2_EXEC_4_244;451804.0;1734067.4610999997;0.46816125107749795;0.11389609650955035;0.06766142507073025;0.9363225021549959
S_GO_SPEA2_EXEC_4_245;451661.0;2497956.5052999984;0.34370020236468024;0.11417655630671711;0.09746754420158761;0.6874004047293605
S_GO_SPEA2_EXEC_4_246;451661.0;2540015.171499999;0.3402145479083694;0.11417655630671711;0.09910862758242736;0.6804290958167388
S_GO_SPEA2_EXEC_4_247;451443.0;2327832.1657999996;0.36730685222542575;0.11460411040309722;0.09082947762805028;0.7346137044508515
S_GO_SPEA2_EXEC_4_248;451360.0;2887993.6741999993;0.2867933736692744;0.11476689476089331;0.11268637003757122;0.5735867473385488
S_GO_SPEA2_EXEC_4_249;451193.0;2271256.371;0.3709428939856038;0.11509442473380835;0.08862195168886398;0.7418857879712076
S_GO_SPEA2_EXEC_4_250;450906.0;960445.0596000002;0.49926826789688;0.11565730558546473;0.037475520931264925;0.99853653579376
S_GO_SPEA2_EXEC_4_251;450872.0;979723.9416000001;0.49926826789687995;0.11572398833444145;0.038227761924855205;0.9985365357937599
S_GO_SPEA2_EXEC_4_252;450462.0;3292039.423999999;0.25812882027978773;0.1165281038368077;0.12845179545412205;0.5162576405595755
S_GO_SPEA2_EXEC_4_253;450452.0;2260319.8608;0.37094289398560387;0.11654771641003614;0.08819522096354193;0.7418857879712077
S_GO_SPEA2_EXEC_4_254;449604.0;2401815.138799999;0.35266351447789623;0.1182108626198083;0.0937162127156079;0.7053270289557925
S_GO_SPEA2_EXEC_4_255;449446.0;947988.4975;0.49927828357565124;0.11852074127681775;0.03698947943514377;0.9985565671513025
S_GO_SPEA2_EXEC_4_256;449364.0;1119629.4882999999;0.4936480849176538;0.118681564377291;0.04368672409176925;0.9872961698353075
S_GO_SPEA2_EXEC_4_257;449303.0;2749793.6414999994;0.30319990049230056;0.11880120107398451;0.10729395517075176;0.6063998009846011
S_GO_SPEA2_EXEC_4_258;449204.0;2364902.4085999983;0.36125634889309327;0.11899536554894612;0.09227591815694114;0.7225126977861865
S_GO_SPEA2_EXEC_4_259;449056.0;1776827.4121999997;0.466456815177226;0.11928563163272711;0.06932987182512898;0.932913630354452
S_GO_SPEA2_EXEC_4_260;449018.0;3127847.1369999996;0.2680301542221682;0.1193601594109952;0.12204519111302276;0.5360603084443364
S_GO_SPEA2_EXEC_4_261;448942.0;994185.7775;0.49908847209169055;0.11950921496753139;0.03879204702222525;0.9981769441833811
S_GO_SPEA2_EXEC_4_262;448632.0;2834129.487699999;0.29129938447230125;0.12011720473761318;0.11058464810308909;0.5825987689446025
S_GO_SPEA2_EXEC_4_263;448619.0;1167802.0964;0.49180079876770094;0.12014270108281017;0.04556636683147685;0.9836015975354019
S_GO_SPEA2_EXEC_4_264;448568.0;946698.5105000001;0.4992552017363137;0.12024272520627524;0.03693914554635299;0.9985104034726274
S_GO_SPEA2_EXEC_4_265;448566.0;2195691.5398000004;0.37797896380460816;0.12024664772092093;0.08567349421594776;0.7559579276092163
S_GO_SPEA2_EXEC_4_266;448112.0;3461641.009299999;0.24650998865820656;0.12113705854549234;0.13506946472771167;0.4930199773164131
S_GO_SPEA2_EXEC_4_267;447666.0;1801907.3705999996;0.4634140920432353;0.12201177931148101;0.07030846450628232;0.9268281840864706
S_GO_SPEA2_EXEC_4_268;447379.0;2734391.990999999;0.31608806924243804;0.12257466016313738;0.10669299953053099;0.6321761384848761
S_GO_SPEA2_EXEC_4_269;447188.0;1022622.1156000001;0.49843931436310274;0.12294926031180069;0.03990160198637792;0.9968786287262055
S_GO_SPEA2_EXEC_4_270;446650.0;2351725.6062999982;0.35942773201364886;0.12400441675149104;0.09176177367208486;0.7188554640272977
S_GO_SPEA2_EXEC_4_271;446509.0;3109172.841099999;0.2601375343899364;0.12428095403401213;0.12131654041105697;0.5202750687798728
S_GO_SPEA2_EXEC_4_272;446248.0;1360037.0110999998;0.4815589642503227;0.12479284219527455;0.05306716398541306;0.9631179285006454
S_GO_SPEA2_EXEC_4_273;446203.0;1747729.1829999997;0.467804092616888;0.12488109877480255;0.06819449059061933;0.935608185233776
S_GO_SPEA2_EXEC_4_274;445757.0;2540015.171499999;0.3372902469035045;0.1257558195407912;0.09910862758242736;0.674580493807009
S_GO_SPEA2_EXEC_4_275;445621.0;2965878.712699999;0.27505423121560396;0.12602255053669806;0.11572535947415045;0.5501084624312079
S_GO_SPEA2_EXEC_4_276;445613.0;2892682.862699999;0.2801867417478631;0.12603824059528082;0.11286933706939246;0.5603734834957262
S_GO_SPEA2_EXEC_4_277;444993.0;2243948.6921;0.3679805538395605;0.12725422013544443;0.08755643577832621;0.735961107679121
S_GO_SPEA2_EXEC_4_278;444972.0;832281.207;0.4989872922494585;0.12729540653922417;0.0324747068891341;0.997974584498917
S_GO_SPEA2_EXEC_4_279;444954.0;2259847.5060999994;0.3641295955565188;0.12733070917103537;0.08817679019723217;0.7282591911130376
S_GO_SPEA2_EXEC_4_280;444931.0;2487257.316999999;0.341611794091751;0.1273758180894608;0.09705007351851579;0.683223588183502
S_GO_SPEA2_EXEC_4_281;444642.0;1415762.4269999994;0.47521741907775955;0.12794262145576285;0.055241509065425874;0.9504348381555191
S_GO_SPEA2_EXEC_4_282;444368.0;2713331.703899999;0.30997473106264495;0.12848000596222225;0.10587125004871972;0.6199494621252899
S_GO_SPEA2_EXEC_4_283;444052.0;875325.1983;0.49896158711954697;0.12909976327624112;0.03415423658300347;0.9979231742390939
S_GO_SPEA2_EXEC_4_284;443763.0;3041677.2887999993;0.26822750709492366;0.1296665666425432;0.1186829374186699;0.5364550141898473
S_GO_SPEA2_EXEC_4_285;443700.0;2401815.138799999;0.34995326108262403;0.12979012585388242;0.0937162127156079;0.6999065221652481
S_GO_SPEA2_EXEC_4_286;443537.0;929088.1212999999;0.49874240727457797;0.13010981079750605;0.036252007325925074;0.9974848145491559
S_GO_SPEA2_EXEC_4_287;443363.0;3402409.101999998;0.24673916491210407;0.130451069571681;0.1327583001695386;0.49347832982420814
S_GO_SPEA2_EXEC_4_288;443343.0;3173885.874399999;0.2551059446782491;0.13049029471813792;0.12384157254040105;0.5102118893564982
S_GO_SPEA2_EXEC_4_289;443189.0;2202155.4305000002;0.3751405871380501;0.13079232834585597;0.08592570819612706;0.7502811742761002
S_GO_SPEA2_EXEC_4_290;443179.0;3387498.6142999986;0.2532894619206626;0.1308119409190844;0.13217650916721993;0.5065789238413252
S_GO_SPEA2_EXEC_4_291;443054.0;2815669.419399999;0.29945258496441474;0.13105709808443997;0.10986435632892208;0.5989051699288295
S_GO_SPEA2_EXEC_4_292;442933.0;2727002.6009999993;0.2979809778609912;0.13129441022050417;0.10640467357492704;0.5959619557219824
S_GO_SPEA2_EXEC_4_293;442890.0;3365270.1545999986;0.2468580489109716;0.13137874428538648;0.13130917886192994;0.4937160978219432
S_GO_SPEA2_EXEC_4_294;442856.0;2864285.8659999995;0.28001351461058854;0.13144542703436318;0.11176131716385085;0.5600270292211771
S_GO_SPEA2_EXEC_4_295;442835.0;1038114.5939000001;0.4982107838660651;0.1314866134381429;0.0405061016285028;0.9964215677321302
S_GO_SPEA2_EXEC_4_296;442746.0;2323152.7696999987;0.3617629295957349;0.1316611653398761;0.0906468926850195;0.7235258591914698
S_GO_SPEA2_EXEC_4_297;442191.0;2825482.384799999;0.2858360313118489;0.13274966315405481;0.11024724755895103;0.5716720626236979
S_GO_SPEA2_EXEC_4_298;441909.0;3623007.948499999;0.23944239615876808;0.13330273771909695;0.14136582707260445;0.47888479231753617
S_GO_SPEA2_EXEC_4_299;441814.0;2337186.817799998;0.35791584985611535;0.1334890571647672;0.09119448596801369;0.7158316997122307
S_GO_SPEA2_EXEC_4_300;441810.0;1707485.6157999998;0.46767105549567783;0.13349690219405858;0.06662423039730804;0.9353421109913557
S_GO_SPEA2_EXEC_4_301;441609.0;3201087.9645999996;0.2531295604246696;0.13389111491595032;0.12490296849478166;0.5062591208493392
S_GO_SPEA2_EXEC_4_302;441558.0;2772748.391699999;0.29229510918625956;0.1339911390394154;0.10818962454089805;0.5845902183725191
S_GO_SPEA2_EXEC_4_303;441539.0;1647622.4203999995;0.47038753499017566;0.13402840292854942;0.06428843366453144;0.9407750699803513
S_GO_SPEA2_EXEC_4_304;441351.0;1667991.8749999995;0.46981757902478344;0.1343971193052442;0.06508322761405591;0.9396351580495669
S_GO_SPEA2_EXEC_4_305;441301.0;2153472.9348;0.38199350228580564;0.13449518217138642;0.0840261701972004;0.7639870045716113
S_GO_SPEA2_EXEC_4_306;440591.0;849007.5459;0.49761970361489044;0.13588767487060605;0.03312735042900658;0.9952394072297809
S_GO_SPEA2_EXEC_4_307;440583.0;1446581.3417999996;0.47427945613158884;0.1359033649291888;0.056444029579350206;0.9485589122631777
S_GO_SPEA2_EXEC_4_308;440085.0;2614948.236699999;0.32455338351833557;0.1368800710759654;0.10203243423360214;0.6491067670366711
S_GO_SPEA2_EXEC_4_309;439913.0;2907700.046499999;0.26895553374519027;0.13721740733549465;0.11345529123741112;0.5379110674903805
S_GO_SPEA2_EXEC_4_310;439800.0;2612800.113299999;0.3291097754881922;0.13743902941297606;0.1019486167964307;0.6582195509763844
S_GO_SPEA2_EXEC_4_311;439638.0;2347707.1454;0.35664760850203525;0.13775675309927687;0.09160497770123352;0.7132952170040705
S_GO_SPEA2_EXEC_4_312;439521.0;2669850.9186999993;0.3147997323846653;0.1379862202060497;0.10417467713225426;0.6295994647693306
S_GO_SPEA2_EXEC_4_313;439122.0;1376752.0597999997;0.481246846198018;0.13876876187786466;0.053719366993969155;0.962493692396036
S_GO_SPEA2_EXEC_4_314;438923.0;1041935.8914;0.4967286096977856;0.13915905208511073;0.04065520449806775;0.9934572193955712
S_GO_SPEA2_EXEC_4_315;438741.0;1507165.4153999998;0.4733046888444331;0.13951600091786842;0.05880795419492756;0.9466093776888662
S_GO_SPEA2_EXEC_4_316;438687.0;2217108.1831999994;0.3734686800596452;0.13962190881330203;0.08650914833274687;0.7469373601192904
S_GO_SPEA2_EXEC_4_317;437790.0;2224359.7794;0.36920264516885287;0.14138115663189357;0.08679209772424187;0.7384052903377057
S_GO_SPEA2_EXEC_4_318;437610.0;2669768.775499999;0.31027284997685434;0.1417341829500056;0.10417147199399027;0.6205456999537087
S_GO_SPEA2_EXEC_4_319;437581.0;2209507.1127;0.3680053227712097;0.14179105941236808;0.08621256283441406;0.7360106455424194
S_GO_SPEA2_EXEC_4_320;436991.0;3394084.0435999986;0.2410348812292147;0.14294820123284635;0.13243346545129547;0.4820697624584294
S_GO_SPEA2_EXEC_4_321;436971.0;3180502.9159999993;0.2486500094744994;0.14298742637930326;0.12409976230201754;0.4973000189489988
S_GO_SPEA2_EXEC_4_322;436942.0;1281449.2599;0.4817857945327704;0.14304430284166572;0.05000075546407275;0.9635715890655407
S_GO_SPEA2_EXEC_4_323;436858.0;2850589.3918999997;0.2803899386022874;0.14320904845678467;0.11122689565094013;0.5607798772045748
S_GO_SPEA2_EXEC_4_324;436787.0;2641922.274899999;0.31607217655895253;0.14334829772670662;0.1030849318471417;0.6321443531179051
S_GO_SPEA2_EXEC_4_325;436415.0;2832582.953499999;0.275046308353685;0.1440778854508048;0.11052430402176583;0.55009261670737
S_GO_SPEA2_EXEC_4_326;436145.0;3074623.9647999997;0.25643984766237454;0.14460742492797282;0.11996848085888276;0.5128796953247491
S_GO_SPEA2_EXEC_4_327;436145.0;3089566.0647999994;0.2555058262097371;0.14460742492797282;0.12055150533874238;0.5110116524194742
S_GO_SPEA2_EXEC_4_328;435904.0;2159731.4584;0.3763197745611446;0.14508008794277835;0.08427037097664769;0.7526395491222893
S_GO_SPEA2_EXEC_4_329;435364.0;3010544.5163999996;0.2496017570513044;0.1461391668971144;0.11746817052277854;0.4992035141026088
S_GO_SPEA2_EXEC_4_330;435257.0;3431445.407499999;0.23792285104321878;0.14634902143065875;0.13389126520866856;0.47584570208643756
S_GO_SPEA2_EXEC_4_331;435237.0;3192762.906199999;0.247611119051862;0.14638824657711566;0.12457813377653848;0.495222238103724
S_GO_SPEA2_EXEC_4_332;435205.0;1104112.9474;0.4957875878935887;0.14645100681144668;0.04308128555318074;0.9915751757871774
S_GO_SPEA2_EXEC_4_333;435169.0;1783621.7651999998;0.4620550882497015;0.14652161207506909;0.06959498008459772;0.924110176499403
S_GO_SPEA2_EXEC_4_334;435139.0;3201087.9645999996;0.24650868989946784;0.14658044979475443;0.12490296849478166;0.4930173797989357
S_GO_SPEA2_EXEC_4_335;435135.0;2121311.9575000005;0.37863026361722946;0.1465882948240458;0.08277128386515137;0.7572605272344589
S_GO_SPEA2_EXEC_4_336;434849.0;1425034.1250999994;0.4739869955948502;0.14714921441837933;0.055603280634493685;0.9479739911897004
S_GO_SPEA2_EXEC_4_337;434840.0;2808076.537899999;0.2892400095852667;0.14716686573428495;0.10956809035645679;0.5784800191705334
S_GO_SPEA2_EXEC_4_338;434832.0;1459703.5194999992;0.4729837587832573;0.14718255579286768;0.0569560426717648;0.9459675175665146
S_GO_SPEA2_EXEC_4_339;434610.0;1646948.7826999996;0.4698126311834002;0.14761795491853918;0.0642621490546268;0.9396252623668004
S_GO_SPEA2_EXEC_4_340;434591.0;2720208.440899999;0.30100540579980806;0.1476552188076732;0.10613957284220635;0.6020108115996161
S_GO_SPEA2_EXEC_4_341;434538.0;2919607.6651999997;0.2563969484153643;0.147759165445784;0.11391991355950339;0.5127938968307286
S_GO_SPEA2_EXEC_4_342;434538.0;2934549.7652;0.255466895937991;0.147759165445784;0.11450293803936304;0.510933791875982
S_GO_SPEA2_EXEC_4_343;434406.0;2614723.276399999;0.32480396765802455;0.14801805141239946;0.10202365652753027;0.6496079353160491
S_GO_SPEA2_EXEC_4_344;434366.0;1381968.8376999996;0.4780215455859686;0.14809650170531324;0.0539229199899798;0.9560430911719372
S_GO_SPEA2_EXEC_4_345;434149.0;2917788.9527;0.2554668959379911;0.14852209454437051;0.11384894937713767;0.5109337918759822
S_GO_SPEA2_EXEC_4_346;433774.0;1086371.5500999999;0.49567111886486204;0.14925756604043722;0.04238903553927267;0.9913422377297241
S_GO_SPEA2_EXEC_4_347;433396.0;2897964.718899999;0.2620861698687958;0.14999892130847245;0.11307542934984155;0.5241723397375916
S_GO_SPEA2_EXEC_4_348;432320.0;1461742.8718999997;0.47182593618839597;0.15210923418785316;0.057035615982896484;0.9436518723767919
S_GO_SPEA2_EXEC_4_349;432263.0;2242165.6285;0.36566380006207105;0.1522210258552553;0.08748686257724024;0.7313276001241421
S_GO_SPEA2_EXEC_4_350;432129.0;2539459.862499999;0.32918910405949253;0.15248383433651647;0.09908696002961441;0.6583782081189851
S_GO_SPEA2_EXEC_4_351;431834.0;2691811.4442;0.30010950256640134;0.1530624052467556;0.10503155293666476;0.6002190051328027
S_GO_SPEA2_EXEC_4_352;431794.0;2245406.3331999998;0.36551351920302;0.15314085553966938;0.08761331134763369;0.73102703840604
S_GO_SPEA2_EXEC_4_353;431636.0;2740427.8907999997;0.28145647872460444;0.15345073419667882;0.10692851377159351;0.5629129574492089
S_GO_SPEA2_EXEC_4_354;431523.0;1922538.2990999997;0.4598618322155573;0.15367235627416023;0.07501535204844162;0.9197236644311146
S_GO_SPEA2_EXEC_4_355;431169.0;2653007.962999999;0.30535085588980176;0.1543666413664472;0.10351748333176491;0.6107017117796035
S_GO_SPEA2_EXEC_4_356;431087.0;3394084.0435999986;0.23496019481033853;0.15452746446692045;0.13243346545129547;0.46992038962067706
S_GO_SPEA2_EXEC_4_357;431004.0;922393.0421999998;0.47931942876388167;0.15469024882471655;0.03599077262599021;0.9586388575277633
S_GO_SPEA2_EXEC_4_358;430903.0;2716906.0680999993;0.28145647872460444;0.15488833581432385;0.10601071784966698;0.5629129574492089
S_GO_SPEA2_EXEC_4_359;430451.0;2632237.125999999;0.3113170554465294;0.15577482412424956;0.10270702787783446;0.6226341108930588
S_GO_SPEA2_EXEC_4_360;430225.0;859647.3395999998;0.4768835742364798;0.15621806827921245;0.03354250359942816;0.9537671484729596
S_GO_SPEA2_EXEC_4_361;430204.0;328836.8388;0.48160574099629444;0.15625925468299218;0.0128308555624751;0.9632114819925889
S_GO_SPEA2_EXEC_4_362;430126.0;653057.3394999999;0.47931942876388167;0.15641223275417404;0.025481586636450667;0.9586388575277633
S_GO_SPEA2_EXEC_4_363;428661.0;539806.3589000001;0.4773006586787207;0.15928547473214127;0.021062656629429608;0.9546013173574414
S_GO_SPEA2_EXEC_4_364;428576.0;366603.70120000007;0.48048114097334876;0.15945218160458308;0.014304477429996446;0.9609622819466975
S_GO_SPEA2_EXEC_4_365;428478.0;1723618.4399999995;0.46317489451661464;0.15964438482222182;0.0672537156395345;0.9263497890332293
S_GO_SPEA2_EXEC_4_366;428318.0;320090.99990000005;0.4793194287638816;0.15995818599387696;0.012489602447075743;0.9586388575277632
S_GO_SPEA2_EXEC_4_367;428259.0;457498.4304000001;0.4781203338481183;0.1600739001759248;0.017851090838674817;0.9562406676962366
S_GO_SPEA2_EXEC_4_368;428161.0;684342.6723999998;0.475608856102478;0.16026610339356354;0.02670230627701379;0.951217712204956
S_GO_SPEA2_EXEC_4_369;428132.0;1478782.5678999997;0.4703380250914871;0.16032297985592603;0.05770048637577074;0.9406760501829742
S_GO_SPEA2_EXEC_4_370;427686.0;647566.0453999998;0.475608856102478;0.16119770062191469;0.025267322317083986;0.951217712204956
S_GO_SPEA2_EXEC_4_371;426580.0;295401.40300000005;0.4781203338481183;0.16336685122098074;0.011526241246804915;0.9562406676962366
S_GO_SPEA2_EXEC_4_372;426363.0;284667.1413;0.47705255125648066;0.163792444060038;0.011107402037836979;0.9541051025129613
S_GO_SPEA2_EXEC_4_373;425817.0;1430727.4445;0.47203458264317394;0.16486329055831112;0.055825427761193425;0.9440691652863479
S_GO_SPEA2_EXEC_4_374;425562.0;1427073.4775;0.4717277653495463;0.16536341117563647;0.05568285394562538;0.9434555306990926
S_GO_SPEA2_EXEC_4_375;425506.0;310580.76320000004;0.4768835742364798;0.16547324158571577;0.012118523361447914;0.9537671484729596
S_GO_SPEA2_EXEC_4_376;424869.0;0.0;0.4450380565154654;0.16672256250036774;0.0;0.8900761130309308
S_GO_SPEA2_EXEC_4_377;424637.0;2512896.393799999;0.30227565483109275;0.16717757419926765;0.09805048239112414;0.6045513096621855
S_GO_SPEA2_EXEC_4_378;424139.0;2790714.181899999;0.26574783436667604;0.16815428034604424;0.10889063012154751;0.5314956687333521
S_GO_SPEA2_EXEC_4_379;423869.0;2765688.1934999987;0.26976692680811015;0.16868381982321226;0.10791414329105624;0.5395338536162203
S_GO_SPEA2_EXEC_4_380;423746.0;2336464.7603999986;0.34806724571857606;0.16892505447392214;0.09116631207411233;0.6961344914371521
S_GO_SPEA2_EXEC_4_381;423238.0;2473496.736799998;0.3154629767441753;0.16992137319392717;0.09651315065535249;0.6309259534883506
S_GO_SPEA2_EXEC_4_382;423051.0;2468925.675599999;0.3023340847198946;0.1702881283132991;0.09633479282221416;0.6046681694397892
S_GO_SPEA2_EXEC_4_383;422876.0;1790023.4276;0.4284871956156544;0.17063134834479687;0.0698447659842368;0.8569743912313088
S_GO_SPEA2_EXEC_4_384;422612.0;1724471.4958;0.43478017040788447;0.17114912027802784;0.06728700094843261;0.8695603408157689
S_GO_SPEA2_EXEC_4_385;422395.0;2425362.7471999987;0.3075091717842212;0.1715747131170851;0.0946350147674847;0.6150183435684424
S_GO_SPEA2_EXEC_4_386;421551.0;2690293.9260999984;0.2762522486636849;0.17323001429756588;0.10497234103198395;0.5525044973273698
S_GO_SPEA2_EXEC_4_387;421352.0;1572204.141;0.4378107270458883;0.17362030450481195;0.061345694483352496;0.8756214540917766
S_GO_SPEA2_EXEC_4_388;421282.0;1822447.3927999998;0.4282337484276194;0.17375759251741107;0.07110991381792263;0.8564674968552388
S_GO_SPEA2_EXEC_4_389;420733.0;1640781.6726;0.4335274895085821;0.1748343227876527;0.06402151513046021;0.8670549790171642
S_GO_SPEA2_EXEC_4_390;419847.0;2612516.438399999;0.2816895755152046;0.17657199677569296;0.1019375481105685;0.5633791510304093
S_GO_SPEA2_EXEC_4_391;419511.0;2378125.2929999987;0.334917170743417;0.17723097923616873;0.09279186071518626;0.669834341486834
S_GO_SPEA2_EXEC_4_392;419343.0;2991436.8006999986;0.2513887575537735;0.1775604704664066;0.11672260825192646;0.502777515107547
S_GO_SPEA2_EXEC_4_393;419332.0;1630406.2562;0.4312221414984062;0.1775820442969579;0.06361667767455126;0.8624442829968124
S_GO_SPEA2_EXEC_4_394;419185.0;2356082.6242999984;0.3391658079419604;0.17787034912341604;0.0919317797725118;0.6783316158839208
S_GO_SPEA2_EXEC_4_395;419021.0;2521579.587199999;0.28745968167746944;0.17819199532436253;0.09838929114729335;0.5749193633549389
S_GO_SPEA2_EXEC_4_396;418684.0;2659447.534699999;0.2757009692795182;0.17885293904216115;0.10376874841103163;0.5514019385590364
S_GO_SPEA2_EXEC_4_397;418595.0;1702241.7210000001;0.42819422330519247;0.1790274909438943;0.06641961932937192;0.8563884466103849
S_GO_SPEA2_EXEC_4_398;418437.0;2504096.4967999985;0.29173512599683965;0.17933736960090374;0.09770711998749657;0.5834702519936793
S_GO_SPEA2_EXEC_4_399;418437.0;2640511.870699999;0.27765602391364863;0.17933736960090374;0.10302989941026221;0.5553120478272973
S_GO_SPEA2_EXEC_4_400;416988.0;2292901.831999998;0.3481260267005009;0.18217923146170548;0.08946653401938286;0.6962520534010018
S_GO_SPEA2_EXEC_4_401;416877.0;2442845.837599999;0.29849962232727983;0.18239693102454121;0.09531718592728147;0.5969992446545597
S_GO_SPEA2_EXEC_4_402;415874.0;2252219.998499998;0.35398185893857287;0.18436407211935427;0.08787917315202994;0.7079637178771457
S_GO_SPEA2_EXEC_4_403;415418.0;2554536.162199998;0.28141212402513266;0.1852584054585714;0.09967522083571262;0.5628242480502653
S_GO_SPEA2_EXEC_4_404;414043.0;2396460.689999999;0.31269048713038033;0.18795513427748262;0.09350728795091251;0.6253809742607607
S_GO_SPEA2_EXEC_4_405;413875.0;2643855.3914999985;0.27502042394100684;0.1882846255077205;0.1031603599529784;0.5500408478820137
S_GO_SPEA2_EXEC_4_406;413875.0;2772693.620699999;0.2596688392350722;0.1882846255077205;0.1081874874360877;0.5193376784701444
S_GO_SPEA2_EXEC_4_407;413279.0;2365622.9169999985;0.32517011186439765;0.18945353487213584;0.09230403161054837;0.6503402237287953
S_GO_SPEA2_EXEC_4_408;413155.0;2350398.4357999996;0.3217413698011058;0.18969673078016855;0.09170998892359257;0.6434827396022116
S_GO_SPEA2_EXEC_4_409;412753.0;2334562.3645999986;0.33500924438246776;0.19048515622395204;0.0910920826604568;0.6700184887649355
S_GO_SPEA2_EXEC_4_410;412505.0;2537865.6859999984;0.28640671952233293;0.1909715480400175;0.09902475699759634;0.5728134390446659
S_GO_SPEA2_EXEC_4_411;412263.0;2634802.9029999985;0.2766540183452265;0.19144617231214586;0.1028071417039272;0.553308036690453
S_GO_SPEA2_EXEC_4_412;411696.0;2469427.102399999;0.2971189788020466;0.19255820521419872;0.09635435795022546;0.5942379576040931
S_GO_SPEA2_EXEC_4_413;411548.0;1651560.6808;0.4283885786918606;0.19284847129797972;0.06444210029915858;0.8567771573837212
S_GO_SPEA2_EXEC_4_414;411362.0;2469028.8071999983;0.2978310612649005;0.1932132651600288;0.09633881690500351;0.595662122529801
S_GO_SPEA2_EXEC_4_415;410361.0;2450238.4023999986;0.29812981236357616;0.19517648374019617;0.09560563576012615;0.5962596247271523
S_GO_SPEA2_EXEC_4_416;410247.0;2278201.4269999983;0.3510520654885645;0.19540006707500043;0.088892940215376;0.702104130977129
S_GO_SPEA2_EXEC_4_417;410230.0;2261931.9699999983;0.34829684123146104;0.1954334084494888;0.08825812370999699;0.6965936824629221
S_GO_SPEA2_EXEC_4_418;409552.0;2410662.3421999984;0.3063521478056087;0.19676314091437738;0.09406142096347782;0.6127042956112174
S_GO_SPEA2_EXEC_4_419;409403.0;2405428.219199999;0.300966276859177;0.19705536825548123;0.09385719118054262;0.601932553718354
S_GO_SPEA2_EXEC_4_420;408660.0;2666705.6283999984;0.2674859311213679;0.1985125824463547;0.10405195132790508;0.5349718622427359
S_GO_SPEA2_EXEC_4_421;408528.0;2534601.634199998;0.2795856070683407;0.1987714684129702;0.09889739724877053;0.5591712141366814
S_GO_SPEA2_EXEC_4_422;408294.0;0.0;0.4187420305647217;0.1992304026265158;0.0;0.8374840611294434
S_GO_SPEA2_EXEC_4_423;407302.0;2361791.295599999;0.3174867728629391;0.20117596989077757;0.09215452591364139;0.6349735457258782
S_GO_SPEA2_EXEC_4_424;406331.0;2511785.847999999;0.2822592937877535;0.20308035075125963;0.09800715010266367;0.564518587575507
S_GO_SPEA2_EXEC_4_425;405863.0;2314625.046599998;0.33277338615590224;0.20399821917835087;0.09031415021075118;0.6655467723118045
S_GO_SPEA2_EXEC_4_426;405747.0;2494302.7575999987;0.2870860883839174;0.20422572502780081;0.0973249789428669;0.5741721767678348
S_GO_SPEA2_EXEC_4_427;404921.0;2452267.9946999983;0.2926767259669903;0.2058457235764704;0.09568482824277816;0.5853534519339806
S_GO_SPEA2_EXEC_4_428;404789.0;2461214.2142999982;0.2907234164044041;0.20610460954308588;0.09603389999500844;0.5814468328088082
S_GO_SPEA2_EXEC_4_429;403603.0;2434886.0286999987;0.2981071293863261;0.2084306607279795;0.09500660284701132;0.5962142587726522
S_GO_SPEA2_EXEC_4_430;403472.0;2228578.9648999986;0.3487414260637317;0.20868758543727212;0.08695672575052787;0.6974828521274634
S_GO_SPEA2_EXEC_4_431;403340.0;2243292.8051999984;0.34629145098579006;0.2089464714038876;0.08753084378531852;0.6925829019715801
S_GO_SPEA2_EXEC_4_432;402777.0;2373534.245099998;0.30338590301491725;0.21005065927664907;0.09261272302276628;0.6067718060298345
S_GO_SPEA2_EXEC_4_433;400537.0;2331940.8574999985;0.3148761017073408;0.21444387567982082;0.09098979430651553;0.6297522034146816
S_GO_SPEA2_EXEC_4_434;400527.0;2344632.187899999;0.3135189785797348;0.21446348825304926;0.0914849962061941;0.6270379571594696
S_GO_SPEA2_EXEC_4_435;399763.0;2305471.7506999983;0.3259343146857666;0.21596188884770248;0.08995699856666509;0.6518686293715332
S_GO_SPEA2_EXEC_4_436;399105.0;2291677.2920999983;0.33327816137775035;0.21725239616613418;0.08941875380520516;0.6665563227555007
S_GO_SPEA2_EXEC_4_437;398031.0;2423421.696599998;0.2910551251156488;0.2193587865308692;0.09455927708560287;0.5821102502312976
S_GO_SPEA2_EXEC_4_438;397540.0;2252138.2307999986;0.344860854428065;0.22032176387638588;0.08787598266536732;0.68972170885613
S_GO_SPEA2_EXEC_4_439;397409.0;0.0;0.40195476564041027;0.2205786885856785;0.0;0.8039095312808205
S_GO_SPEA2_EXEC_4_440;397339.0;2237866.183399998;0.34069309287414057;0.22071597659827763;0.08731910290871213;0.6813861857482811
S_GO_SPEA2_EXEC_4_441;396623.0;2410726.4230999984;0.29655738076494814;0.2221202368414343;0.09406392133045378;0.5931147615298963
S_GO_SPEA2_EXEC_4_442;396582.0;2219046.8974999986;0.346746131856661;0.22220064839167092;0.08658479485474535;0.693492263713322
S_GO_SPEA2_EXEC_4_443;393005.0;2292723.3998999987;0.3262090299744351;0.22921606583548582;0.08945957179303633;0.6524180599488703
S_GO_SPEA2_EXEC_4_444;392873.0;2274542.866199998;0.32473690856068327;0.22947495180210128;0.08875018715473158;0.6494738171213665
S_GO_SPEA2_EXEC_4_445;385448.0;0.0;0.3957869985206942;0.24403728742422193;0.0;0.7915739970413884
S_GO_SPEA2_EXEC_4_446;372005.0;0.0;0.37423896383776367;0.2704024696152209;0.0;0.7484779276755273
S_GO_SPEA2_EXEC_4_447;361601.0;0.0;0.35659844692782716;0.2908073908020954;0.0;0.7131968938556543
S_GO_SPEA2_EXEC_4_448;351372.0;0.0;0.3428091841427063;0.3108690919574721;0.0;0.6856183682854126
S_GO_SPEA2_EXEC_4_449;343391.0;0.0;0.33556977869083;0.3265218866510943;0.0;0.67113955738166
S_GO_SPEA2_EXEC_4_450;325718.0;0.0;0.32789545619960825;0.36118318731772564;0.0;0.6557909123992165
S_GO_SPEA2_EXEC_4_451;310816.0;0.0;0.305811888178497;0.3904098439427548;0.0;0.611623776356994
S_GO_SPEA2_EXEC_4_452;300414.0;0.0;0.30567462470166284;0.41081084261498363;0.0;0.6113492494033257
S_GO_SPEA2_EXEC_4_453;290542.0;0.0;0.2957134549707158;0.4301723749061048;0.0;0.5914269099414317
S_GO_SPEA2_EXEC_4_454;276900.0;0.0;0.28478566906929975;0.4569278473043499;0.0;0.5695713381385995
S_GO_SPEA2_EXEC_4_455;261090.0;0.0;0.2784014397771986;0.4879353255785219;0.0;0.5568028795543972
