S_PR_NSGAII_EXEC_1_62;794614.0;1515316.9296000001;0.49356541773393775;0.16017130258877443;0.03159807537733318;0.9871308354678755
S_PR_NSGAII_EXEC_1_63;791471.0;1426018.8534000001;0.49281122638522723;0.16349314388022348;0.029735991421362813;0.9856224527704545
S_PR_NSGAII_EXEC_1_64;789992.0;1340223.9762000004;0.4921170603357529;0.16505630114081943;0.027946957758635736;0.9842341206715058
S_PR_NSGAII_EXEC_1_85;706393.0;0.0;0.39801421323683733;0.25341220636635164;0.0;0.7960284264736747
S_PR_NSGAII_EXEC_2_3;939390.0;7182271.629999998;0.1484799505806932;0.007157336692870777;0.14976798312754863;0.2969599011613864
S_PR_NSGAII_EXEC_2_26;922294.0;5302803.9888;0.2499543954029995;0.025226124067548684;0.11057647207410007;0.499908790805999
S_PR_NSGAII_EXEC_2_27;921794.0;5264233.8352000015;0.25141736315929486;0.025754574797973287;0.10977218975073832;0.5028347263185897
S_PR_NSGAII_EXEC_2_28;921353.0;5244749.8481;0.2583823810373784;0.026220668342207782;0.10936590082133307;0.5167647620747567
S_PR_NSGAII_EXEC_2_32;915897.0;5090189.262200001;0.2749984372280101;0.03198712271260101;0.10614293343528126;0.5499968744560202
S_PR_NSGAII_EXEC_2_33;913496.0;5017970.6518;0.2824070590678627;0.03452474312009994;0.10463699824080822;0.5648141181357254
S_PR_NSGAII_EXEC_2_35;908438.0;4855901.920200001;0.309721708062935;0.03987055070907519;0.10125746759783089;0.61944341612587
S_PR_NSGAII_EXEC_2_36;907362.0;4840520.613600002;0.3130494040979622;0.041007776680948925;0.10093672962159976;0.6260988081959245
S_PR_NSGAII_EXEC_2_37;906455.0;4867410.220900001;0.3066034706137483;0.04196638630593915;0.10149744389973862;0.6132069412274966
S_PR_NSGAII_EXEC_2_38;905851.0;4785367.307700001;0.3158628935662594;0.042604754788292065;0.09978664789077835;0.6317257871325188
S_PR_NSGAII_EXEC_2_39;905574.0;4745881.2527;0.3270851616058024;0.0428975164929473;0.09896326677632536;0.6541703232116048
S_PR_NSGAII_EXEC_2_40;902987.0;4681521.9074;0.33268845299182;0.04563172057216418;0.09762121653963854;0.66537690598364
S_PR_NSGAII_EXEC_2_42;898206.0;4635386.679900001;0.337847082323141;0.0506847664564842;0.09665918386672423;0.675694164646282
S_PR_NSGAII_EXEC_2_44;895829.0;4514780.710500002;0.34868249773831816;0.053197021228922746;0.09414425353260365;0.6973649954766363
S_PR_NSGAII_EXEC_2_45;892965.0;4406736.542300002;0.36296490477397647;0.05622398701279485;0.0918912675702769;0.7259298095479529
S_PR_NSGAII_EXEC_2_46;890245.0;4367876.8571000025;0.3655653035277569;0.05909875898630467;0.09108094780277246;0.7311306070555138
S_PR_NSGAII_EXEC_2_47;888981.0;4329428.2408000035;0.3700008653285333;0.060434682432818056;0.09027919983027259;0.7400017306570666
S_PR_NSGAII_EXEC_2_82;844264.0;2113618.0488000005;0.48259041341326075;0.1076961450576117;0.044074121472729766;0.9651808268265215
S_PR_NSGAII_EXEC_2_114;730066.0;0.0;0.42151685849666026;0.22839217808366855;0.0;0.8430337169933205
S_PR_NSGAII_EXEC_3_46;767135.0;477391.5688;0.4728394363814523;0.1892138978314496;0.009954785352677116;0.9456788727629046
S_PR_NSGAII_EXEC_3_52;755101.0;0.0;0.4445827219617202;0.20193265001130883;0.0;0.8891654439234404
S_PR_NSGAII_EXEC_3_66;718974.0;0.0;0.41027607502521024;0.24011532908740787;0.0;0.8205521500504205
S_PR_NSGAII_EXEC_3_67;717161.0;0.0;0.4085239237460005;0.24203149143592748;0.0;0.817047847492001
S_PR_NSGAII_EXEC_4_79;856561.0;2415442.332900001;0.47694816664350603;0.09469942779354909;0.050367898235468736;0.9538963332870121
S_PR_NSGAII_EXEC_4_83;849481.0;2185596.8586000004;0.4805437967750698;0.10218229013636143;0.04557505623641085;0.9610875935501396
S_PR_NSGAII_EXEC_4_86;842579.0;2030359.2656;0.4857585066907672;0.1094770240191426;0.042337971591481414;0.9715170133815344
S_PR_NSGAII_EXEC_4_87;840273.0;2366737.481300001;0.4758954366020697;0.11191423878786086;0.04935228259623419;0.9517908732041394
S_PR_NSGAII_EXEC_4_89;834313.0;1750384.3711000003;0.4958880715926122;0.11821337149452207;0.036499808203108816;0.9917761431852244
S_PR_NSGAII_EXEC_4_90;831833.0;1603262.0450999998;0.4969392836874029;0.1208344871174281;0.03343194678360778;0.9938785673748058
S_PR_NSGAII_EXEC_4_91;828448.0;1512066.1969999997;0.4975937067985428;0.12441209856240264;0.03153028962788374;0.9951874135970856
S_PR_NSGAII_EXEC_4_92;827857.0;1762583.9356000002;0.4958001969765819;0.1250367273257645;0.0367541990510639;0.9916003939531638
S_PR_NSGAII_EXEC_4_94;823269.0;1474238.6225;0.49815582897877475;0.12988579122814065;0.030741491900461663;0.9963116579575495
S_PR_NSGAII_EXEC_4_95;822509.0;1393926.7452;0.4981493515761105;0.13068903633838602;0.02906679223661615;0.996298703152221
S_PR_NSGAII_EXEC_4_96;821571.0;1571976.0880999998;0.49588550661334885;0.1316804099086626;0.03277955782904172;0.9917710132266977
S_PR_NSGAII_EXEC_4_97;820875.0;1381072.8272000002;0.4983655214514768;0.1324160133254136;0.028798756512917564;0.9967310429029536
S_PR_NSGAII_EXEC_4_98;814806.0;1509405.2704999999;0.4975213638925599;0.13883034829130741;0.03147480278253929;0.9950427277851198
S_PR_NSGAII_EXEC_4_100;763294.0;325463.90489999996;0.46938004872912087;0.19327345634257137;0.006786720849443743;0.9387600974582417
S_PR_NSGAII_EXEC_4_104;757278.0;0.0;0.44681021478545424;0.19963177553104014;0.0;0.8936204295709085
S_PR_NSGAII_EXEC_4_114;733573.0;0.0;0.4247211267027407;0.2246856246604704;0.0;0.8494422534054814
S_PR_NSGAII_EXEC_5_1;939955.0;6458275.5125;0.14848434329422155;0.006560187367490979;0.1346708879609947;0.2969686865884431
S_PR_NSGAII_EXEC_5_3;939887.0;6371124.8895;0.1484920526444922;0.006632056666828725;0.1328535836724044;0.2969841052889844
S_PR_NSGAII_EXEC_5_6;939387.0;6296707.121299998;0.15142641783212013;0.007160507397253325;0.13130179064279884;0.30285283566424026
S_PR_NSGAII_EXEC_5_7;939338.0;6968142.296399999;0.14848003860862685;0.007212295568834935;0.14530286121712627;0.2969600772172537
S_PR_NSGAII_EXEC_5_8;939233.0;6266219.578399998;0.1524803960437455;0.007323270222224101;0.1306660505808976;0.304960792087491
S_PR_NSGAII_EXEC_5_11;938390.0;6196388.940299998;0.16373539883664281;0.008214238153719976;0.12920991046708424;0.32747079767328563
S_PR_NSGAII_EXEC_5_12;938236.0;6165901.397399999;0.16468964698936725;0.008377000978690752;0.12857417040518304;0.3293792939787345
S_PR_NSGAII_EXEC_5_13;937643.0;6115177.8352999985;0.17555896487962086;0.009003743544974328;0.1275164596996967;0.3511179297592417
S_PR_NSGAII_EXEC_5_14;937489.0;6084690.292399998;0.17641622031729948;0.009166506369945104;0.12688071963779543;0.35283244063459895
S_PR_NSGAII_EXEC_5_15;937394.0;6008736.516599996;0.173071784274915;0.00926691200872578;0.1252968970815761;0.34614356854983
S_PR_NSGAII_EXEC_5_16;937375.0;6088567.711199997;0.16871006656376367;0.009286993136481913;0.12696157333190958;0.33742013312752733
S_PR_NSGAII_EXEC_5_17;937178.0;6059877.904599997;0.17169320543335387;0.009495202724269205;0.1263633204820934;0.34338641086670774
S_PR_NSGAII_EXEC_5_19;936278.0;5997008.929;0.17416484313567424;0.010446414039033484;0.12505234810984595;0.34832968627134847
S_PR_NSGAII_EXEC_5_20;936231.0;5944272.374299999;0.17969683206047068;0.010496088407693397;0.12395266157034998;0.35939366412094137
S_PR_NSGAII_EXEC_5_22;935281.0;5896690.747999998;0.18480170693556916;0.011500144795500137;0.1229604679341313;0.3696034138711383
S_PR_NSGAII_EXEC_5_23;934650.0;5906581.980699998;0.1839349754592427;0.012167049617295981;0.12316672440122685;0.3678699509184854
S_PR_NSGAII_EXEC_5_25;934439.0;5848175.241899998;0.1921652443290048;0.012390055825535162;0.12194880061307661;0.3843304886580096
S_PR_NSGAII_EXEC_5_27;933276.0;5799848.5828;0.19805782454378565;0.013619232224502781;0.12094107121525387;0.3961156490875713
S_PR_NSGAII_EXEC_5_28;933203.0;5812187.650199999;0.19606472470208183;0.013696386031144772;0.12119837104090425;0.39212944940416367
S_PR_NSGAII_EXEC_5_29;933081.0;5778893.364699999;0.2063092726820266;0.013825328009368374;0.12050410351025562;0.4126185453640532
S_PR_NSGAII_EXEC_5_31;932374.0;5730966.277300001;0.20994835185387298;0.014572557342188758;0.11950470616261237;0.41989670370774596
S_PR_NSGAII_EXEC_5_32;932301.0;5761261.230199999;0.20806313902877827;0.014649711148830749;0.12013643025054926;0.41612627805755653
S_PR_NSGAII_EXEC_5_33;931746.0;5695607.848599999;0.22541308118229098;0.015236291459602055;0.1187673961824608;0.45082616236458195
S_PR_NSGAII_EXEC_5_38;930502.0;5638354.166799999;0.21098170360451968;0.016551076876898458;0.11757351646145496;0.42196340720903935
S_PR_NSGAII_EXEC_5_39;929360.0;5540588.342499999;0.21797319922448283;0.017758058345188246;0.11553485918440998;0.43594639844896566
S_PR_NSGAII_EXEC_5_40;928029.0;5530966.2201;0.2230302126754323;0.01916479418957853;0.11533421432725434;0.4460604253508646
S_PR_NSGAII_EXEC_5_41;927591.0;5469120.133099999;0.23484668366047673;0.01962771702943048;0.11404457169168042;0.46969336732095346
S_PR_NSGAII_EXEC_5_42;927226.0;5474759.353999999;0.23273398534025144;0.020013486062640435;0.11416216328165538;0.4654679706805029
S_PR_NSGAII_EXEC_5_43;927176.0;5440339.760799999;0.24047155641275195;0.020066331135682895;0.11344443032484229;0.4809431128255039
S_PR_NSGAII_EXEC_5_44;926633.0;5397546.0563;0.23824368607006458;0.02064022862892401;0.1125520766039456;0.47648737214012915
S_PR_NSGAII_EXEC_5_46;925125.0;5378427.0622000005;0.24277093068004932;0.022234036031884605;0.11215339867399596;0.48554186136009864
S_PR_NSGAII_EXEC_5_47;925103.0;5371192.196199999;0.24506218528401716;0.022257287864023284;0.1120025339692287;0.4901243705680343
S_PR_NSGAII_EXEC_5_48;925100.0;5504450.476999999;0.2286578219440293;0.022260458568405833;0.11478129603485396;0.4573156438880586
S_PR_NSGAII_EXEC_5_49;924502.0;5353434.248000001;0.2507182072428495;0.022892485641993653;0.11163223718522955;0.501436414485699
S_PR_NSGAII_EXEC_5_50;924499.0;5338405.5720999995;0.25150621908770754;0.022895656346376202;0.11131885242417161;0.5030124381754151
S_PR_NSGAII_EXEC_5_51;923404.0;5271058.810699999;0.2598514590216796;0.024052963446006076;0.10991450723303182;0.5197029180433592
S_PR_NSGAII_EXEC_5_52;922318.0;5253185.666300001;0.2697909132634174;0.025200758432488306;0.10954180832566186;0.5395818265268348
S_PR_NSGAII_EXEC_5_53;921275.0;5151172.093;0.26914168612617223;0.02630310665615402;0.10741457506133385;0.5382833722523445
S_PR_NSGAII_EXEC_5_54;920045.0;5135179.401500002;0.27298211238639225;0.027603095452998536;0.10708108821008036;0.5459642247727845
S_PR_NSGAII_EXEC_5_55;919141.0;5090836.776100003;0.2804380830444662;0.028558534373606212;0.10615643568858583;0.5608761660889324
S_PR_NSGAII_EXEC_5_56;917509.0;5039815.031000002;0.29343523422878004;0.030283397557712106;0.10509250713604304;0.5868704684575601
S_PR_NSGAII_EXEC_5_57;916279.0;5023822.3395000035;0.29682659790807975;0.03158338635455662;0.10475902028478956;0.5936531958161595
S_PR_NSGAII_EXEC_5_58;915375.0;4975989.493200002;0.30343356125810766;0.032538825275164295;0.10376158809527472;0.6068671225162153
S_PR_NSGAII_EXEC_5_59;914229.0;5077637.2989000045;0.2834009624808789;0.03375003434929748;0.10588119420783695;0.5668019249617579
S_PR_NSGAII_EXEC_5_60;913247.0;4953638.835500001;0.3148275368407197;0.03478791158385139;0.10329552205130593;0.6296550736814394
S_PR_NSGAII_EXEC_5_61;912200.0;4893048.454100001;0.3171231866090765;0.0358944874133605;0.1020320639580053;0.634246373218153
S_PR_NSGAII_EXEC_5_63;907606.0;4753116.444500002;0.344131585851817;0.040749892724501725;0.09911413827482189;0.688263171703634
S_PR_NSGAII_EXEC_5_64;907576.0;4791660.664300002;0.32507118897618864;0.0407815997683272;0.09991787981483254;0.6501423779523773
S_PR_NSGAII_EXEC_5_66;905442.0;4727835.126500002;0.3335278888617358;0.04303702748577939;0.09858696077406422;0.6670557777234716
S_PR_NSGAII_EXEC_5_68;903837.0;4678969.323700001;0.34602994473266707;0.04473335433044236;0.09756798890746209;0.6920598894653341
S_PR_NSGAII_EXEC_5_69;901466.0;4620784.902200002;0.3518477388384741;0.04723926769411581;0.09635470098040855;0.7036954776769482
S_PR_NSGAII_EXEC_5_72;898307.0;4548195.464200002;0.3490324694128111;0.05057801940893843;0.09484103312075644;0.6980649388256221
S_PR_NSGAII_EXEC_5_74;894348.0;4384921.421700002;0.36616283875607125;0.05476229229244041;0.0914363687886297;0.7323256775121425
S_PR_NSGAII_EXEC_5_77;890747.0;4366979.100800002;0.3661205520164582;0.058568194452958376;0.09106222738153004;0.7322411040329164
S_PR_NSGAII_EXEC_5_79;888627.0;4273227.177;0.3749929260629565;0.06080882554995867;0.08910726977686284;0.749985852125913
S_PR_NSGAII_EXEC_5_80;887277.0;4239452.769900001;0.382936525238157;0.062235642522105096;0.08840299053301369;0.765873050476314
S_PR_NSGAII_EXEC_5_81;885948.0;4206265.845000001;0.39089112556967076;0.06364026456357368;0.08771096173425348;0.7817822511393415
S_PR_NSGAII_EXEC_5_90;867558.0;2864717.0451000007;0.4661496793251029;0.08307668242859045;0.05973637815139804;0.9322993586502057
S_PR_NSGAII_EXEC_5_91;864565.0;2690274.477800002;0.46871831489291654;0.08623998850091211;0.056098822678421235;0.9374366297858331
S_PR_NSGAII_EXEC_5_93;863142.0;2658872.5252000014;0.47048262410745434;0.08774395927970052;0.05544401493103325;0.9409652482149087
S_PR_NSGAII_EXEC_5_94;861559.0;2628482.106900001;0.471342312889249;0.08941703429222479;0.05481030015530935;0.942684625778498
S_PR_NSGAII_EXEC_5_95;860249.0;2516508.5927000004;0.47541930604064;0.09080157520593725;0.05247537768935995;0.95083861208128
S_PR_NSGAII_EXEC_5_96;858697.0;2597380.689800001;0.47300982753610926;0.0924418862731752;0.054161759310373966;0.9460196550722185
S_PR_NSGAII_EXEC_5_97;858407.0;2467022.3113;0.47769103834600335;0.09274838769682148;0.051443467321781663;0.9553820766920067
S_PR_NSGAII_EXEC_5_98;856741.0;2417853.6141999997;0.478917063414271;0.09450918553059624;0.05041817936596031;0.957834126828542
S_PR_NSGAII_EXEC_5_99;855275.0;2340953.4910000004;0.48001044154266065;0.09605860307220117;0.048814623144859286;0.9600208830853213
S_PR_NSGAII_EXEC_5_112;837142.0;1785512.7306000001;0.49585993265160205;0.1152233972617797;0.0372323206760316;0.9917198653032041
S_PR_NSGAII_EXEC_5_118;825484.0;1469189.5493;0.49829135455863716;0.12754475449235966;0.030636206337789712;0.9965827091172743
S_PR_NSGAII_EXEC_5_119;823702.0;1431245.9568999999;0.4985627769107964;0.12942815289559292;0.029844989352536006;0.9971255538215928
S_PR_NSGAII_EXEC_5_124;819467.0;1448551.6502999999;0.49779367349605347;0.13390413058228928;0.03020585551447783;0.9955873469921069
S_PR_NSGAII_EXEC_5_131;753803.0;0.0;0.44427695030986314;0.2033045081074911;0.0;0.8885539006197263
S_PR_NSGAII_EXEC_6_34;910360.0;4891053.4976;0.32754201677678746;0.03783918610132303;0.1019904642209271;0.6550840335535749
S_PR_NSGAII_EXEC_6_39;904259.0;4680822.2306;0.3412269970781392;0.044287341913963996;0.09760662656190233;0.6824539941562784
S_PR_NSGAII_EXEC_6_40;903569.0;4638677.959099999;0.3435231788129345;0.04501660392194994;0.09672781511225306;0.687046357625869
S_PR_NSGAII_EXEC_6_42;900283.0;4528925.3131;0.35877571321651963;0.04848958212230041;0.09443920319653643;0.7175514264330393
S_PR_NSGAII_EXEC_6_45;894621.0;4411080.0864;0.37022718003725213;0.054473758193628576;0.09198184112040067;0.7404543600745043
S_PR_NSGAII_EXEC_6_60;861516.0;2595358.3634000006;0.473017167108989;0.08946248105504132;0.05411958884373656;0.946034334217978
S_PR_NSGAII_EXEC_6_75;832131.0;1826988.0647000005;0.49549053043521574;0.12051953048209503;0.03809718313984491;0.9909810608704315
S_PR_NSGAII_EXEC_6_80;820597.0;1531013.4698000003;0.49756346356994546;0.1327098319315297;0.031925386747459476;0.9951269271398909
S_PR_NSGAII_EXEC_6_87;765372.0;361026.9619;0.47028035390044226;0.1910772151069267;0.007528297831647082;0.9405607078008845
S_PR_NSGAII_EXEC_6_88;761610.0;1412351.124;0.46679203951916176;0.19505327840264142;0.029450985733521527;0.9335840790383235
S_PR_NSGAII_EXEC_6_93;753126.0;0.0;0.44298361678949133;0.204020030396486;0.0;0.8859672335789827
S_PR_NSGAII_EXEC_6_98;732975.0;0.0;0.4244817144433111;0.22531765173405824;0.0;0.8489634288866222
S_PR_NSGAII_EXEC_6_105;713425.0;0.0;0.40612406952697494;0.24598007529366006;0.0;0.8122481390539499
S_PR_NSGAII_EXEC_7_3;939940.0;6643873.260999997;0.14848062610402352;0.006576040889403717;0.13854105632802685;0.29696125220804703
S_PR_NSGAII_EXEC_7_4;939929.0;7061407.6143999975;0.14848046303225582;0.006587666805473059;0.1472476718971157;0.29696092606451163
S_PR_NSGAII_EXEC_7_83;865758.0;2686920.6699;0.4707277658280582;0.08497910505811901;0.0560288875561011;0.9414555316561164
S_PR_NSGAII_EXEC_7_84;865513.0;2747114.1128000002;0.46766745970444734;0.08523804591602707;0.05728406850790204;0.9353349194088947
S_PR_NSGAII_EXEC_7_86;864235.0;2630279.1600000006;0.47159670905641005;0.08658876598299234;0.054847773120998346;0.9431934181128201
S_PR_NSGAII_EXEC_7_90;858755.0;2747114.1128000002;0.46747863034314113;0.09238058598844595;0.05728406850790204;0.9349572606862823
S_PR_NSGAII_EXEC_7_95;853999.0;2344527.2985000005;0.47979225448806945;0.09740720933624475;0.04888914579854526;0.9595845089761389
S_PR_NSGAII_EXEC_7_110;832319.0;1650988.371;0.4970990662924973;0.12032083300745539;0.03442715776146538;0.9941981325849946
S_PR_NSGAII_EXEC_7_111;831670.0;1685615.8569999998;0.4961805118626039;0.12100676205554652;0.03514922579316378;0.9923610237252078
S_PR_NSGAII_EXEC_7_112;828285.0;1581269.7282999998;0.49686077283946367;0.12458437350052105;0.03297335302649057;0.9937215456789273
S_PR_NSGAII_EXEC_7_114;826443.0;1548137.2807;0.4974264671331784;0.12653118599140528;0.03228246021307978;0.9948529342663568
S_PR_NSGAII_EXEC_7_118;822902.0;1498178.2145000002;0.4976512215417765;0.1302736740642723;0.031240691122579697;0.995302443083553
S_PR_NSGAII_EXEC_7_122;763415.0;373574.54449999996;0.46964523806621045;0.1931455712658086;0.007789945710749689;0.9392904761324209
S_PR_NSGAII_EXEC_7_128;753549.0;0.0;0.44413250752061073;0.2035729610785468;0.0;0.8882650150412215
S_PR_NSGAII_EXEC_7_129;748997.0;0.0;0.4401953590542479;0.20838397652833235;0.0;0.8803907181084958
S_PR_NSGAII_EXEC_7_145;703090.0;0.0;0.3939831329148729;0.25690315189153656;0.0;0.7879662658297458
S_PR_NSGAII_EXEC_7_147;695929.0;0.0;0.38771809557444753;0.26447162325267765;0.0;0.7754361911488951
S_PR_NSGAII_EXEC_7_148;690523.0;0.0;0.3827111111533438;0.2701852325500284;0.0;0.7654222223066875
S_PR_NSGAII_EXEC_7_149;685425.0;0.0;0.3771907824015609;0.27557331619743763;0.0;0.7543815648031218
S_PR_NSGAII_EXEC_7_150;683134.0;0.0;0.3749996147488551;0.27799467744424317;0.0;0.7499992294977103
S_PR_NSGAII_EXEC_7_162;649412.0;0.0;0.34533737577403195;0.31363550850699984;0.0;0.6906747515480639
S_PR_NSGAII_EXEC_7_170;623053.0;0.0;0.3222672583278041;0.3414943741135239;0.0;0.6445345166556082
S_PR_NSGAII_EXEC_7_173;614229.0;0.0;0.31624594663273126;0.35082047260405724;0.0;0.6324918932654625
S_PR_NSGAII_EXEC_7_174;610831.0;0.0;0.3131617970708591;0.3544118237680228;0.0;0.6263235941417182
S_PR_NSGAII_EXEC_7_184;580218.0;0.0;0.2941658228590618;0.38676674818899937;0.0;0.5883316457181236
S_PR_NSGAII_EXEC_7_186;574998.0;0.0;0.2916168377562406;0.39228377381463214;0.0;0.5832336755124812
S_PR_NSGAII_EXEC_7_187;571296.0;0.0;0.2901843742612661;0.3961964230226959;0.0;0.5803687485225322
S_PR_NSGAII_EXEC_7_188;566310.0;0.0;0.2887385356793831;0.40146613370649004;0.0;0.5774770713587662
S_PR_NSGAII_EXEC_7_189;564538.0;0.0;0.28770123617000654;0.4033389630951148;0.0;0.5754024723400131
S_PR_NSGAII_EXEC_7_190;560499.0;0.0;0.28654594834464014;0.4076077880954847;0.0;0.5730918966892803
S_PR_NSGAII_EXEC_7_191;557524.0;0.0;0.2852980013401872;0.4107520699415111;0.0;0.5705960026803744
S_PR_NSGAII_EXEC_7_192;551022.0;0.0;0.2833151477400226;0.41762404323995256;0.0;0.5666302954800452
S_PR_NSGAII_EXEC_7_193;546983.0;0.0;0.28213117894159195;0.42189286824032246;0.0;0.5642623578831839
S_PR_NSGAII_EXEC_7_194;544008.0;0.0;0.280857634817712;0.42503715008634885;0.0;0.561715269635424
S_PR_NSGAII_EXEC_7_195;541660.0;0.0;0.2800617647684904;0.42751875471642276;0.0;0.5601235295369807
S_PR_NSGAII_EXEC_8_58;766668.0;383756.0016;0.47278999436190533;0.18970747081366615;0.008002254068567487;0.9455799887238107
S_PR_NSGAII_EXEC_8_59;766489.0;320405.6050999999;0.4716104658763286;0.18989665617515816;0.006681242889526974;0.9432209317526572
S_PR_NSGAII_EXEC_8_61;762792.0;302649.5845;0.4704407558272816;0.19380402087591767;0.006310986300716618;0.9408815116545632
S_PR_NSGAII_EXEC_8_62;761288.0;282646.5191;0.46780233536574845;0.19539360067303485;0.005893873315346771;0.9356046707314969
S_PR_NSGAII_EXEC_8_65;752189.0;0.0;0.4422007992489814;0.20501034706530172;0.0;0.8844015984979628
S_PR_NSGAII_EXEC_8_67;747451.0;0.0;0.4376285663223751;0.21001794618680522;0.0;0.8752571326447502
S_PR_NSGAII_EXEC_8_73;734195.0;0.0;0.4250433309475529;0.2240282319518222;0.0;0.8500866618951058
S_PR_NSGAII_EXEC_8_76;728750.0;0.0;0.41973103957194724;0.2297830604061461;0.0;0.8394620791438945
S_PR_NSGAII_EXEC_8_78;723472.0;0.0;0.4139362641767273;0.23536138631650816;0.0;0.8278725283534546
S_PR_NSGAII_EXEC_8_79;721804.0;0.0;0.4122308958742397;0.23712429795320464;0.0;0.8244617917484794
S_PR_NSGAII_EXEC_8_80;720053.0;0.0;0.4105031418769113;0.23897493241115159;0.0;0.8210062837538226
S_PR_NSGAII_EXEC_8_81;717785.0;0.0;0.40875271831902615;0.24137198492435757;0.0;0.8175054366380523
S_PR_NSGAII_EXEC_8_82;712762.0;0.0;0.40336245989106784;0.2466808009622031;0.0;0.8067249197821357
S_PR_NSGAII_EXEC_8_83;708973.0;0.0;0.39964999676929575;0.2506854005973607;0.0;0.7992999935385915
S_PR_NSGAII_EXEC_8_84;705969.0;0.0;0.3977570851023589;0.2538603325857517;0.0;0.7955141702047178
S_PR_NSGAII_EXEC_8_85;705075.0;0.0;0.3958392537955151;0.25480520249175087;0.0;0.7916785075910302
S_PR_NSGAII_EXEC_8_87;699208.0;0.0;0.3899325412468636;0.2610060433625531;0.0;0.7798650824937272
S_PR_NSGAII_EXEC_8_88;697119.0;0.0;0.3879112680483368;0.2632139105142671;0.0;0.7758225360966736
S_PR_NSGAII_EXEC_8_89;694536.0;0.0;0.3858631289710699;0.2659438869876406;0.0;0.7717262579421398
S_PR_NSGAII_EXEC_8_91;688836.0;0.0;0.37996155737334725;0.271968225314481;0.0;0.7599231147466945
S_PR_NSGAII_EXEC_8_92;684717.0;0.0;0.37528141782464697;0.2763216024317189;0.0;0.7505628356492939
S_PR_NSGAII_EXEC_8_93;682459.0;0.0;0.3730631928885704;0.2787080859303164;0.0;0.7461263857771409
S_PR_NSGAII_EXEC_8_94;680168.0;0.0;0.3708147603275725;0.2811294471771219;0.0;0.741629520655145
S_PR_NSGAII_EXEC_8_95;677857.0;0.0;0.3685355672526241;0.2835719464531444;0.0;0.7370711345052482
S_PR_NSGAII_EXEC_8_96;675513.0;0.0;0.3662250393521396;0.2860493234773749;0.0;0.7324500787042793
S_PR_NSGAII_EXEC_8_97;673123.0;0.0;0.3638825797308486;0.2885753179688045;0.0;0.7277651594616972
S_PR_NSGAII_EXEC_8_98;670588.0;0.0;0.36194726955301915;0.2912545631720572;0.0;0.7238945391060383
S_PR_NSGAII_EXEC_8_99;668775.0;0.0;0.3595433807785707;0.2931707255205768;0.0;0.7190867615571414
S_PR_NSGAII_EXEC_8_100;665181.0;0.0;0.3566572760647597;0.29696922937086884;0.0;0.7133145521295194
S_PR_NSGAII_EXEC_8_101;662923.0;0.0;0.3541806234287835;0.29935571286946633;0.0;0.708361246857567
S_PR_NSGAII_EXEC_8_102;660758.0;0.0;0.3521262790890844;0.30164390453220485;0.0;0.7042525581781688
S_PR_NSGAII_EXEC_8_103;657905.0;0.0;0.3506299092041054;0.30465924440000763;0.0;0.7012598184082108
S_PR_NSGAII_EXEC_8_104;656931.0;0.0;0.3495685073022316;0.30568866642287473;0.0;0.6991370146044632
S_PR_NSGAII_EXEC_8_105;654660.0;0.0;0.34760555584935254;0.30808888964046327;0.0;0.6952111116987051
S_PR_NSGAII_EXEC_8_106;652518.0;0.0;0.3454736511400746;0.31035277256960225;0.0;0.6909473022801492
S_PR_NSGAII_EXEC_8_107;649127.0;0.0;0.3412520772059284;0.3139367254233419;0.0;0.6825041544118567
S_PR_NSGAII_EXEC_8_108;646665.0;0.0;0.3390340956221817;0.3165388168199526;0.0;0.6780681912443633
S_PR_NSGAII_EXEC_8_109;643805.0;0.0;0.3366424741075885;0.31956155499798133;0.0;0.673284948215177
S_PR_NSGAII_EXEC_8_110;640579.0;0.0;0.3338694857285407;0.3229711191106808;0.0;0.6677389714570814
S_PR_NSGAII_EXEC_8_111;636767.0;0.0;0.33055562460492266;0.32700002747943796;0.0;0.6611112492098453
S_PR_NSGAII_EXEC_8_112;631042.0;0.0;0.32819582805070663;0.33305078834279966;0.0;0.6563916561014133
S_PR_NSGAII_EXEC_8_113;629694.0;0.0;0.32529293178883284;0.3344754915120244;0.0;0.6505858635776657
S_PR_NSGAII_EXEC_8_114;625867.0;0.0;0.32243211948162326;0.33852025340269426;0.0;0.6448642389632465
S_PR_NSGAII_EXEC_8_117;614119.0;0.0;0.31577556560241465;0.35093673176475065;0.0;0.6315511312048293
S_PR_NSGAII_EXEC_9_78;877311.0;4068005.620400002;0.3981799007190069;0.07276872248092821;0.08482789686956474;0.7963598014380138
S_PR_NSGAII_EXEC_9_79;875943.0;4061769.179100002;0.40176458037920404;0.07421456367936992;0.08469785176914095;0.8035291607584081
S_PR_NSGAII_EXEC_9_84;867647.0;2851495.895800002;0.4673198811199413;0.08298261819857487;0.05946068475419788;0.9346397622398827
S_PR_NSGAII_EXEC_9_88;860913.0;2579595.882100001;0.47668900771669526;0.09009979263593339;0.053790902439907716;0.9533780154333905
S_PR_NSGAII_EXEC_9_89;856863.0;2443067.2758;0.47810518272864694;0.09438024355237264;0.05094394606480244;0.9562103654572939
S_PR_NSGAII_EXEC_9_92;854382.0;2383478.8061;0.4789402405794087;0.0970024160767395;0.04970138028834962;0.9578804811588174
S_PR_NSGAII_EXEC_9_94;848108.0;2136469.8961999994;0.4841396614102724;0.10363341584210738;0.04455063855146859;0.9682793228205449
S_PR_NSGAII_EXEC_9_95;846943.0;2129463.0449999995;0.48395502008045527;0.1048647060439967;0.044404528514650224;0.9679100401609105
S_PR_NSGAII_EXEC_9_112;809094.0;1211695.4631000005;0.4983834621171717;0.14486736943567805;0.025266822952683027;0.9967669242343434
S_PR_NSGAII_EXEC_9_113;804272.0;1279901.6396000006;0.4977343533519112;0.14996374827989287;0.026689089056986106;0.9954687067038224
S_PR_NSGAII_EXEC_9_121;748745.0;0.0;0.4389949166388456;0.20865031569646636;0.0;0.8779898332776912
S_PR_NSGAII_EXEC_9_125;737905.0;0.0;0.42842845299033805;0.22010712753207168;0.0;0.8568569059806761
S_PR_NSGAII_EXEC_9_127;733790.0;0.0;0.42488669448928595;0.22445627704346613;0.0;0.8497733889785719
S_PR_NSGAII_EXEC_10_5;939398.0;6872128.388899999;0.14848008298938295;0.0071488814811839834;0.14330073570318633;0.2969601659787659
S_PR_NSGAII_EXEC_10_7;938808.0;7129833.320699998;0.14847622855061685;0.00777245334308501;0.14867451573630217;0.2969524571012337
S_PR_NSGAII_EXEC_10_76;888537.0;4271046.403299999;0.39314487994278285;0.0609039466814351;0.08906179529531547;0.7862897598855657
S_PR_NSGAII_EXEC_10_78;886041.0;4191730.9709000005;0.40122389906690986;0.06354197272771471;0.08740787395212654;0.8024477981338197
S_PR_NSGAII_EXEC_10_85;876293.0;3965547.9975000005;0.40837431436016813;0.0738446481680727;0.08269140408172845;0.8167486287203363
S_PR_NSGAII_EXEC_10_87;872525.0;3876308.6654000003;0.4197546871984405;0.07782705287255248;0.08083054508435487;0.839509374396881
S_PR_NSGAII_EXEC_10_88;870275.0;2977059.921900002;0.4646326124942835;0.08020508115946318;0.062079002733682574;0.929265224988567
S_PR_NSGAII_EXEC_10_89;869529.0;2892159.125900001;0.46546158894644846;0.08099352964925668;0.06030861285734709;0.9309231778928969
S_PR_NSGAII_EXEC_10_90;869123.0;3826189.124200002;0.42067759081359213;0.08142263164236145;0.07978542969642546;0.8413551816271843
S_PR_NSGAII_EXEC_10_91;868231.0;2861009.0360000017;0.46642006436891015;0.08236538774543894;0.059659057065126975;0.9328401287378203
S_PR_NSGAII_EXEC_10_92;867485.0;2837767.314400002;0.46721876045078303;0.08315383623523244;0.059174410152873676;0.9344375209015661
S_PR_NSGAII_EXEC_10_93;866210.0;2917403.3590000025;0.46409360250356013;0.08450138559781517;0.06083501704696265;0.9281872050071203
S_PR_NSGAII_EXEC_10_94;865953.0;3780721.1732;0.4368692281502114;0.08477300927325342;0.07883731137550748;0.8737384563004228
S_PR_NSGAII_EXEC_10_96;865105.0;2735631.1443000017;0.46997164131385516;0.08566926171205354;0.0570446204445096;0.9399432826277103
S_PR_NSGAII_EXEC_10_98;863848.0;3743743.6474;0.4402691780062794;0.08699778684834099;0.07806623924883091;0.8805383560125588
S_PR_NSGAII_EXEC_10_100;861998.0;3692138.4112999993;0.44508164037609554;0.088953054550912;0.07699014347751042;0.8901632807521911
S_PR_NSGAII_EXEC_10_101;860823.0;3166155.3274000017;0.4624423512077387;0.0901949137674098;0.06602210582966239;0.9248847024154774
S_PR_NSGAII_EXEC_10_102;860369.0;2589278.2931000018;0.47507272794184074;0.09067474703063534;0.053992804462274155;0.9501454558836815
S_PR_NSGAII_EXEC_10_103;860291.0;2554513.089600002;0.4730809072868752;0.09075718534458159;0.05326786468285039;0.9461618145737504
S_PR_NSGAII_EXEC_10_104;857657.0;2487581.922800002;0.4762646860019937;0.09354106379245837;0.051872185658662674;0.9525293720039874
S_PR_NSGAII_EXEC_10_106;855697.0;3580733.0242000013;0.4433336605185501;0.0956125906557228;0.07466706785533285;0.8866673210371002
S_PR_NSGAII_EXEC_10_108;854065.0;3166155.327400001;0.4623223032813197;0.0973374538398287;0.06602210582966238;0.9246446065626394
S_PR_NSGAII_EXEC_10_111;851173.0;3530676.3178000012;0.45275108521775054;0.10039401286460459;0.07362326272713056;0.9055021704355011
S_PR_NSGAII_EXEC_10_112;850352.0;3488391.3019;0.4548285318997373;0.10126172896396178;0.07274151641146531;0.9096570637994746
S_PR_NSGAII_EXEC_10_113;850340.0;3452089.989600001;0.45493190528521915;0.10127441178149196;0.07198454499515951;0.9098638105704383
S_PR_NSGAII_EXEC_10_114;850157.0;3322992.7200000007;0.46040673695404016;0.10146782474882737;0.06929255022090096;0.9208134739080803
S_PR_NSGAII_EXEC_10_116;848697.0;3017368.6426000027;0.46273823677637205;0.1030109008816672;0.06291953844615476;0.9254764735527441
S_PR_NSGAII_EXEC_10_121;840427.0;3294312.7612000005;0.4603193466179876;0.11175147596289008;0.06869450272187351;0.9206386932359752
S_PR_NSGAII_EXEC_10_125;833669.0;3254345.7059000013;0.46158710447513396;0.11889401603530897;0.06786109157116936;0.9231742089502679
S_PR_NSGAII_EXEC_10_127;831580.0;1700896.4961;0.4961101639511481;0.12110188318702295;0.03546786460506109;0.9922203279022962
S_PR_NSGAII_EXEC_10_129;827696.0;1576818.7849000003;0.49732369560873424;0.12520688846096123;0.03288053993748842;0.9946473912174685
S_PR_NSGAII_EXEC_10_133;821044.0;1370071.4386000005;0.49845750584926807;0.1322373969785301;0.02856935057185817;0.9969150116985361
S_PR_NSGAII_EXEC_10_139;817379.0;1301137.9108000002;0.49833229171670335;0.1361109408325424;0.027131917408602428;0.9966645834334067
S_PR_NSGAII_EXEC_10_148;741654.0;0.0;0.4330467769083838;0.21614480395534802;0.0;0.8660935538167676
S_PR_NSGAII_EXEC_10_159;710699.0;0.0;0.40247899951688904;0.24886118867593499;0.0;0.8049579990337781
S_PR_NSGAII_EXEC_10_160;708179.0;0.0;0.3993973425319054;0.251524580357275;0.0;0.7987946850638108
S_PR_NSGAII_EXEC_10_162;703236.0;0.0;0.39492669941786807;0.25674884427825256;0.0;0.7898533988357361
S_PR_NSGAII_EXEC_10_166;691093.0;0.0;0.3828274352104219;0.26958279871734436;0.0;0.7656548704208438
S_PR_NSGAII_EXEC_11_35;912239.0;4926103.1824;0.3139248814240458;0.035853268256387384;0.10272133613334908;0.6278497628480916
S_PR_NSGAII_EXEC_11_36;910119.0;4832351.258599998;0.32562168536863806;0.03809389935338769;0.1007663785286819;0.6512433707372761
S_PR_NSGAII_EXEC_11_38;905610.0;4762387.1117;0.3283323939074664;0.04285946804035672;0.09930745442886305;0.6566647878149328
S_PR_NSGAII_EXEC_11_39;903490.0;4669854.642299999;0.33920632646222;0.045100099137357026;0.09737792544001722;0.67841265292444
S_PR_NSGAII_EXEC_11_71;860911.0;2590443.3503000005;0.4751199678777587;0.09010190643885509;0.054017098763027585;0.9502399357555174
S_PR_NSGAII_EXEC_11_87;834214.0;1714478.6270000003;0.4966670109477688;0.11831800473914615;0.03575108535418604;0.9933340218955377
S_PR_NSGAII_EXEC_11_88;833242.0;1687138.0352000003;0.4975774381868114;0.11934531295909157;0.03518096694286112;0.9951548763736228
S_PR_NSGAII_EXEC_11_97;767038.0;403618.8139999999;0.4721800778853148;0.18931641727315196;0.00841644243481685;0.9443601557706296
S_PR_NSGAII_EXEC_11_102;758736.0;0.0;0.44893167981083376;0.198090813201122;0.0;0.8978633596216675
S_PR_NSGAII_EXEC_11_103;756676.0;0.0;0.44607041342564907;0.20026803021047135;0.0;0.8921408268512981
S_PR_NSGAII_EXEC_11_110;732808.0;0.0;0.4240509668450173;0.22549415427802005;0.0;0.8481019336900346
S_PR_NSGAII_EXEC_12_2;939947.0;6884441.686799997;0.14848421118983504;0.006568642579177773;0.14355749817154362;0.2969684223796701
S_PR_NSGAII_EXEC_12_3;939921.0;6803039.563399995;0.14848033048485362;0.006596122017159852;0.14186006420190717;0.29696066096970725
S_PR_NSGAII_EXEC_12_75;860954.0;2593829.518100002;0.4750727279418407;0.09005645967603856;0.05408770866864844;0.9501454558836814
S_PR_NSGAII_EXEC_12_77;858515.0;2557626.6374000013;0.47056625244018574;0.09263424233904977;0.05333278979267628;0.9411325048803715
S_PR_NSGAII_EXEC_12_79;856094.0;2680735.7781000016;0.46949923469017435;0.09519300077576567;0.05589991738921424;0.9389984693803487
S_PR_NSGAII_EXEC_12_91;835301.0;1816591.0153000003;0.4957080539968188;0.11716915285120307;0.037880379153678284;0.9914161079936376
S_PR_NSGAII_EXEC_12_94;828987.0;1589185.6975999998;0.49762593842579966;0.12384242867500492;0.03313842040595427;0.9952518768515993
S_PR_NSGAII_EXEC_12_97;824393.0;1483996.6441;0.49781701735006273;0.12869783398614615;0.030944970589326992;0.9956340347001255
S_PR_NSGAII_EXEC_12_99;820360.0;1363166.8735;0.498906122276361;0.13296031757775095;0.028425373451154375;0.997812244552722
S_PR_NSGAII_EXEC_12_102;819134.0;1322531.6088;0.498906122276361;0.13425607876875206;0.02757802849520023;0.997812244552722
S_PR_NSGAII_EXEC_12_103;817968.0;1349020.1261000002;0.4982064581856346;0.13548842587210225;0.028130379062879917;0.9964129163712692
S_PR_NSGAII_EXEC_12_109;760083.0;336750.7496;0.46673782448907497;0.19666716693335815;0.007022079250472759;0.9334756489781499
S_PR_NSGAII_EXEC_12_113;753572.0;0.0;0.44415519533525527;0.20354865234494726;0.0;0.8883103906705105
S_PR_NSGAII_EXEC_12_114;749350.0;0.0;0.44021849527159035;0.2080108903126526;0.0;0.8804369905431807
S_PR_NSGAII_EXEC_12_141;668962.0;0.0;0.36189788055110694;0.292973084947398;0.0;0.7237957611022139
S_PR_NSGAII_EXEC_12_142;666496.0;0.0;0.35949351510767963;0.29557940394985216;0.0;0.7189870302153593
S_PR_NSGAII_EXEC_12_145;658488.0;0.0;0.3520749144213489;0.30404307084833254;0.0;0.7041498288426978
S_PR_NSGAII_EXEC_12_146;655605.0;0.0;0.3495311229078995;0.30709011775996076;0.0;0.699062245815799
S_PR_NSGAII_EXEC_12_147;653078.0;0.0;0.3469505781268488;0.3097609077515267;0.0;0.6939011562536976
S_PR_NSGAII_EXEC_12_154;632723.0;0.0;0.3289919866141792;0.33127413698711217;0.0;0.6579839732283584
S_PR_NSGAII_EXEC_12_156;626247.0;0.0;0.3241116444759157;0.33811863084757154;0.0;0.6482232889518313
S_PR_NSGAII_EXEC_12_157;623017.0;0.0;0.3202046194995705;0.3415324225661145;0.0;0.640409238999141
S_PR_NSGAII_EXEC_12_158;621087.0;0.0;0.31984233135235424;0.34357224238555345;0.0;0.6396846627047085
S_PR_NSGAII_EXEC_12_159;619182.0;0.0;0.3171818036647965;0.34558563966847117;0.0;0.634363607329593
S_PR_NSGAII_EXEC_12_160;614715.0;0.0;0.3165766967470744;0.3503068184940845;0.0;0.6331533934941488
S_PR_NSGAII_EXEC_12_161;612124.0;0.0;0.3134970438540115;0.3530452501791448;0.0;0.626994087708023
S_PR_NSGAII_EXEC_12_162;608072.0;0.0;0.30998942849101196;0.35732781489850574;0.0;0.6199788569820239
S_PR_NSGAII_EXEC_12_163;606714.0;0.0;0.30781295431912764;0.35876308708233895;0.0;0.6156259086382553
S_PR_NSGAII_EXEC_12_164;601836.0;0.0;0.305759164036426;0.36391865240836135;0.0;0.611518328072852
S_PR_NSGAII_EXEC_12_165;600307.0;0.0;0.3034641240500752;0.3655346547419998;0.0;0.6069282481001504
S_PR_NSGAII_EXEC_12_166;598001.0;0.0;0.30250256392380115;0.36797186951071803;0.0;0.6050051278476023
S_PR_NSGAII_EXEC_12_167;595665.0;0.0;0.3011245944169735;0.37044079132326174;0.0;0.602249188833947
S_PR_NSGAII_EXEC_12_168;593396.0;0.0;0.3002491877213265;0.3728389007379286;0.0;0.600498375442653
S_PR_NSGAII_EXEC_12_169;590510.0;0.0;0.29835048690522026;0.3758891183539394;0.0;0.5967009738104405
S_PR_NSGAII_EXEC_12_170;588204.0;0.0;0.2974161496448031;0.3783263331226576;0.0;0.5948322992896062
S_PR_NSGAII_EXEC_12_171;585868.0;0.0;0.29595966233841303;0.3807952549352014;0.0;0.5919193246768261
S_PR_NSGAII_EXEC_12_172;581798.0;0.0;0.29430059854657514;0.38509684388085763;0.0;0.5886011970931503
S_PR_NSGAII_EXEC_12_173;578715.0;0.0;0.29374034062605847;0.3883552710846557;0.0;0.5874806812521169
S_PR_NSGAII_EXEC_12_174;576785.0;0.0;0.29333651857648163;0.39039509090409463;0.0;0.5866730371529633
S_PR_NSGAII_EXEC_12_175;575040.0;0.0;0.2918635211547482;0.3922393839532765;0.0;0.5837270423094963
S_PR_NSGAII_EXEC_12_176;571469.0;0.0;0.29047076190691207;0.396013579069969;0.0;0.5809415238138241
S_PR_NSGAII_EXEC_12_177;566928.0;0.0;0.2888922553556199;0.4008129686036852;0.0;0.5777845107112398
S_PR_NSGAII_EXEC_12_178;562466.0;0.0;0.28720633392508665;0.4055288629219943;0.0;0.5744126678501733
S_PR_NSGAII_EXEC_12_179;559862.0;0.0;0.28636247794589376;0.4082810343260456;0.0;0.5727249558917875
S_PR_NSGAII_EXEC_12_180;553104.0;0.0;0.28411319792708983;0.41542357439846456;0.0;0.5682263958541797
S_PR_NSGAII_EXEC_13_82;853943.0;2361719.250800001;0.4796484041078976;0.0974663958180523;0.04924764017952095;0.9592968082157952
S_PR_NSGAII_EXEC_13_97;839027.0;1952303.6718000004;0.48956017383078587;0.11323113800807895;0.0407103209737549;0.9791203476615717
S_PR_NSGAII_EXEC_13_100;826883.0;1560119.6506999999;0.4970504530373577;0.12606614934863164;0.032532322022885495;0.9941009060747154
S_PR_NSGAII_EXEC_13_103;823171.0;1470859.4474000002;0.4977871103103345;0.12998936757130386;0.030671027809790422;0.995574220620669
S_PR_NSGAII_EXEC_13_125;727461.0;0.0;0.41835661462580087;0.2311454063891807;0.0;0.8367132292516017
S_PR_NSGAII_EXEC_13_149;666342.0;0.0;0.3592627318724452;0.2957421667748229;0.0;0.7185254637448903
S_PR_NSGAII_EXEC_14_57;842779.0;2057373.6094000002;0.48519866152134294;0.10926564372697276;0.0429012869316505;0.9703973230426859
S_PR_NSGAII_EXEC_14_65;819510.0;1369550.502;0.49839916102684517;0.13385868381947277;0.02855848776577973;0.9967983220536903
S_PR_NSGAII_EXEC_14_69;761511.0;278829.199;0.4718918270181744;0.19515791164726548;0.005814272826562522;0.9437836540363488
S_PR_NSGAII_EXEC_14_71;758821.0;222485.7387;0.46452102538494566;0.19800097657694982;0.004639373456798904;0.9290420507698913
S_PR_NSGAII_EXEC_14_75;752197.0;0.0;0.44293883302949616;0.20500189185361492;0.0;0.8858776660589923
S_PR_NSGAII_EXEC_14_87;715335.0;0.0;0.4061922865752551;0.2439613935034381;0.0;0.8123845731505102
S_PR_NSGAII_EXEC_14_89;708410.0;0.0;0.39946756547772494;0.2512804361198188;0.0;0.7989351309554499
S_PR_NSGAII_EXEC_15_3;939586.0;6366480.767699995;0.14978256315635088;0.0069501840065443335;0.13275674233985438;0.29956512631270177
S_PR_NSGAII_EXEC_15_4;939495.0;6330769.678099995;0.15143950946269807;0.007046362039481611;0.13201207851478552;0.30287901892539615
S_PR_NSGAII_EXEC_15_12;934577.0;5870390.277899996;0.19254266406759374;0.012244203423937972;0.12241203861189143;0.3850853281351875
S_PR_NSGAII_EXEC_15_17;932623.0;5777151.382999996;0.2040520782643592;0.014309388878437308;0.12046777891835843;0.4081041565287184
S_PR_NSGAII_EXEC_15_18;931816.0;5709618.787499998;0.2076011847435568;0.015162308357342611;0.11905955863034305;0.4152023694871136
S_PR_NSGAII_EXEC_15_19;931622.0;5661341.767399997;0.2095249224320224;0.015367347240747356;0.11805286432744529;0.4190498448640448
S_PR_NSGAII_EXEC_15_20;930720.0;5653109.896499998;0.22060383568564088;0.016320672358433333;0.1178812096246477;0.44120767137128175
S_PR_NSGAII_EXEC_15_21;930674.0;5590417.230299996;0.21474188778201736;0.016369289825632398;0.11657391373591466;0.4294837755640347
S_PR_NSGAII_EXEC_15_22;929772.0;5582185.359399998;0.22551041169211913;0.017322614943318375;0.11640225903311707;0.45102082338423827
S_PR_NSGAII_EXEC_15_26;927389.0;5482516.227099996;0.22977882512376754;0.019841211124522015;0.11432391311505215;0.4595576502475351
S_PR_NSGAII_EXEC_15_69;869847.0;3993109.0366000007;0.4081652976661776;0.08065743498470664;0.08326611936006255;0.8163305953323552
S_PR_NSGAII_EXEC_15_73;866769.0;2768554.1658000015;0.4673755899945058;0.08391057768120047;0.05773114620996856;0.9347511799890116
S_PR_NSGAII_EXEC_15_74;865910.0;3899063.3101000004;0.4167168088930527;0.08481845603606994;0.08130503524833979;0.8334336177861054
S_PR_NSGAII_EXEC_15_76;865378.0;3868105.8879;0.419866473729264;0.08538072761324171;0.08065949705031956;0.839732947458528
S_PR_NSGAII_EXEC_15_79;864504.0;2858759.869800002;0.46607343812393415;0.08630445949002391;0.05961215643217324;0.9321468762478683
S_PR_NSGAII_EXEC_15_82;863861.0;2639192.443800001;0.47094115397412084;0.08698404712934994;0.055033636954411935;0.9418823079482417
S_PR_NSGAII_EXEC_15_83;862681.0;3786157.5078999996;0.42443617973720543;0.088231190853152;0.07895067229048935;0.8488723594744109
S_PR_NSGAII_EXEC_15_84;861488.0;3777059.0336999986;0.4350223640558653;0.08949207429594509;0.07876094678292425;0.8700447281117306
S_PR_NSGAII_EXEC_15_86;855502.0;3744383.939;0.43354847045201017;0.0958186864405884;0.07807959089946256;0.8670969409040203
S_PR_NSGAII_EXEC_15_88;854238.0;3681664.3428999996;0.436080262516708;0.09715460988710178;0.07677173345624978;0.872160525033416
S_PR_NSGAII_EXEC_15_89;853789.0;2375787.5830000015;0.4759594666031402;0.09762915864302307;0.04954099941850624;0.9519189332062804
S_PR_NSGAII_EXEC_15_90;853112.0;2302979.0268000006;0.4782272362852454;0.09834468093201798;0.04802276240684048;0.9564544725704908
S_PR_NSGAII_EXEC_15_92;848889.0;3639170.2154;0.442645673580946;0.10280797580118416;0.07588562665072929;0.885291347161892
S_PR_NSGAII_EXEC_15_95;844094.0;3559817.2397999996;0.4511344137424812;0.10787581830595606;0.07423092243971886;0.9022688274849624
S_PR_NSGAII_EXEC_15_98;838142.0;1864020.3991000003;0.49544899009286025;0.1141664958009305;0.03886939816028865;0.9908979801857205
S_PR_NSGAII_EXEC_15_102;830676.0;1593881.5300000003;0.49689672107460575;0.12205732210763062;0.03323634003137131;0.9937934421492115
S_PR_NSGAII_EXEC_15_121;760984.0;383679.1663;0.46674843202514704;0.19571489871713302;0.008000651864069131;0.9334968640502941
S_PR_NSGAII_EXEC_15_122;759095.0;230961.7464;0.4655592687910863;0.19771138557667714;0.004816119010796083;0.9311185375821726
S_PR_NSGAII_EXEC_15_166;632782.0;0.0;0.329115628731684;0.33121177980092203;0.0;0.658231257463368
S_PR_NSGAII_EXEC_15_173;612773.0;0.0;0.3156132768783522;0.35235932113105367;0.0;0.6312265537567044
S_PR_NSGAII_EXEC_16_2;939947.0;7664874.510300001;0.14848293148511144;0.006568642579177773;0.15983143710945785;0.29696586297022287
S_PR_NSGAII_EXEC_16_73;759202.0;221985.1822;0.46647025794888675;0.19759829712036628;0.004628935625802197;0.9329405158977735
S_PR_NSGAII_EXEC_16_150;535879.0;0.0;0.27875721294366046;0.433628702061592;0.0;0.5575144258873209
S_PR_NSGAII_EXEC_16_151;533275.0;0.0;0.27788323066867204;0.4363808734656433;0.0;0.5557664613373441
S_PR_NSGAII_EXEC_16_152;529121.0;0.0;0.2764159841249001;0.44077124213401087;0.0;0.5528319682498002
S_PR_NSGAII_EXEC_16_153;526517.0;0.0;0.2755324604133842;0.4435234135380622;0.0;0.5510649208267684
S_PR_NSGAII_EXEC_16_154;522363.0;0.0;0.2741566482520189;0.44791378220642974;0.0;0.5483132965040378
S_PR_NSGAII_EXEC_16_155;519759.0;0.0;0.2732637334709705;0.45066595361048106;0.0;0.546527466941941
S_PR_NSGAII_EXEC_16_156;516741.0;0.0;0.2729914677967217;0.453855682219324;0.0;0.5459829355934434
S_PR_NSGAII_EXEC_16_157;514137.0;0.0;0.2716550912352399;0.4566078536233753;0.0;0.5433101824704798
S_PR_NSGAII_EXEC_16_158;509983.0;0.0;0.27056702999839977;0.46099822229174287;0.0;0.5411340599967995
S_PR_NSGAII_EXEC_16_159;507379.0;0.0;0.26965967420268955;0.4637503936957942;0.0;0.5393193484053791
S_PR_NSGAII_EXEC_16_160;503101.0;0.0;0.2683760159064888;0.46827181814530705;0.0;0.5367520318129776
S_PR_NSGAII_EXEC_16_161;496467.0;0.0;0.26727310243054625;0.4752833024365806;0.0;0.5345462048610925
S_PR_NSGAII_EXEC_16_162;492189.0;0.0;0.26597442964841;0.4798047268860935;0.0;0.53194885929682
S_PR_NSGAII_EXEC_16_163;489585.0;0.0;0.2650480890312888;0.4825568982901448;0.0;0.5300961780625776
S_PR_NSGAII_EXEC_16_164;485431.0;0.0;0.26459712222983045;0.48694726695851237;0.0;0.5291942444596609
S_PR_NSGAII_EXEC_16_165;482827.0;0.0;0.2636654297317415;0.4896994383625637;0.0;0.527330859463483
S_PR_NSGAII_EXEC_17_47;766992.0;405659.37179999996;0.47189334837166813;0.18936503474035102;0.00845899307086975;0.9437866967433363
S_PR_NSGAII_EXEC_17_48;764311.0;314854.01729999995;0.47106314436140895;0.19219858755688773;0.006565478664669677;0.9421262887228179
S_PR_NSGAII_EXEC_17_53;757729.0;0.0;0.44776299761176963;0.19915511297219715;0.0;0.8955259952235393
S_PR_NSGAII_EXEC_17_63;735507.0;0.0;0.4264837389170636;0.22264157723518804;0.0;0.8529674778341272
S_PR_NSGAII_EXEC_17_104;608844.0;0.0;0.31280805196330136;0.35651188697073016;0.0;0.6256161039266027
S_PR_NSGAII_EXEC_19_21;908519.0;4879292.1502;0.32531929808508864;0.0397849416907464;0.10174521127454689;0.6506385961701773
S_PR_NSGAII_EXEC_19_22;908360.0;4803862.375000001;0.3430856896742218;0.039952989023021426;0.10017231541632268;0.6861713793484436
S_PR_NSGAII_EXEC_19_38;869785.0;2912823.1411000025;0.46524186354016944;0.08072296287527929;0.0607395082674976;0.9304837270803389
S_PR_NSGAII_EXEC_19_39;869609.0;2900812.441200002;0.46638834543524277;0.08090897753238875;0.0604890557097776;0.9327766908704855
S_PR_NSGAII_EXEC_19_56;824232.0;1448159.8206000002;0.49910613848187685;0.12886799512134287;0.030197684903991124;0.9982122769637537
S_PR_NSGAII_EXEC_19_58;822844.0;1409319.1718000006;0.4985984578277464;0.13033497434900154;0.02938776209212702;0.9971969156554928
S_PR_NSGAII_EXEC_19_59;822546.0;1402686.1541000004;0.4990602880070047;0.1306499309843346;0.029249447400876843;0.9981205760140094
S_PR_NSGAII_EXEC_19_66;757345.0;0.0;0.4477066409330601;0.19956096313316324;0.0;0.8954132818661202
S_PR_NSGAII_EXEC_19_69;750744.0;0.0;0.44137519590809754;0.2065375696762288;0.0;0.8827503918161951
S_PR_NSGAII_EXEC_19_72;742041.0;0.0;0.4331072928753745;0.21573578308999938;0.0;0.866214585750749
S_PR_NSGAII_EXEC_19_88;690160.0;0.0;0.3826519303378173;0.2705688877803167;0.0;0.7653038606756346
S_PR_NSGAII_EXEC_19_90;685841.0;0.0;0.3783970677219133;0.2751336451897244;0.0;0.7567941354438266
S_PR_NSGAII_EXEC_20_57;856644.0;2457589.8899;0.47448682779422413;0.09461170497229861;0.051246778195852966;0.9489736555884483
S_PR_NSGAII_EXEC_20_59;851432.0;2278712.4729;0.4780528089553216;0.10012027538624464;0.04751674522700026;0.9561056179106432
S_PR_NSGAII_EXEC_20_60;848707.0;2190376.5934000006;0.4794624063918616;0.1030003318670587;0.04567472543269835;0.9589248127837232
S_PR_NSGAII_EXEC_20_62;839801.0;1968993.86;0.4868375601549751;0.11241309627738168;0.04105835234231136;0.9736751203099502
S_PR_NSGAII_EXEC_20_75;768578.0;410021.38649999996;0.4738742453979857;0.18768878902344419;0.008549951778315868;0.9477484907959715
S_PR_NSGAII_EXEC_20_76;764816.0;319344.38649999996;0.47173746011788786;0.19166485231915886;0.006659113878321722;0.9434749202357757
S_PR_NSGAII_EXEC_20_84;748945.0;0.0;0.4399851339351684;0.2084389354042965;0.0;0.8799702678703368
S_PR_NSGAII_EXEC_20_86;744576.0;0.0;0.43507985758982926;0.21305653788674667;0.0;0.8701597151796585
S_PR_NSGAII_EXEC_20_87;742839.0;0.0;0.43365864584095926;0.21489237572424172;0.0;0.8673172916819185
S_PR_NSGAII_EXEC_20_90;736255.0;0.0;0.42697619177797225;0.22185101494247286;0.0;0.8539523835559445
S_PR_NSGAII_EXEC_20_91;734840.0;0.0;0.42544184595385237;0.22334653050957448;0.0;0.8508836919077047
S_PR_NSGAII_EXEC_20_93;729516.0;0.0;0.42012875192742294;0.2289734738871356;0.0;0.8402575038548459
S_PR_NSGAII_EXEC_21_80;862983.0;3809190.037400001;0.4350922649211835;0.08791200661197554;0.07943095703426492;0.870184529842367
S_PR_NSGAII_EXEC_21_94;846874.0;2124674.7549000005;0.4827407469442544;0.10493763224479528;0.04430468091936978;0.9654814938885088
S_PR_NSGAII_EXEC_21_95;844144.0;2074313.1304000004;0.4839550200804552;0.10782297323291361;0.04325451750075344;0.9679100401609104
S_PR_NSGAII_EXEC_21_96;842001.0;2014929.0949000004;0.48645512507745275;0.11008791306351344;0.042016214678891245;0.9729102501549055
S_PR_NSGAII_EXEC_21_98;839705.0;2033817.5667000003;0.48438314697980894;0.11251455881762319;0.0424100856533656;0.9687662939596179
S_PR_NSGAII_EXEC_21_100;834864.0;1858878.8198999998;0.48999552540555513;0.11763101878959417;0.03876218362057977;0.9799910508111103
S_PR_NSGAII_EXEC_21_103;830970.0;1809163.3971999998;0.4912299900697887;0.12174659307814095;0.037725495094764076;0.9824599801395774
S_PR_NSGAII_EXEC_21_107;825704.0;1728559.3517999998;0.4926926788784332;0.12731223617097284;0.03604470300928299;0.9853853577568664
S_PR_NSGAII_EXEC_21_108;824589.0;1546082.7284000001;0.4966518944983968;0.1284906812998197;0.032239617757370394;0.9933037889967936
S_PR_NSGAII_EXEC_21_109;822797.0;1441195.009;0.49833259432039456;0.13038464871766145;0.030052451495964843;0.9966651886407891
S_PR_NSGAII_EXEC_21_113;818812.0;1351250.4271;0.4982506609572735;0.13459640103914552;0.028176886310133292;0.996501321914547
S_PR_NSGAII_EXEC_21_116;815759.0;1291125.5720000004;0.4984381311230231;0.13782312119911813;0.026923135582222847;0.9968762622460462
S_PR_NSGAII_EXEC_21_117;815188.0;1259657.8669000003;0.498388252424641;0.13842661193326303;0.02626695673390498;0.996776504849282
S_PR_NSGAII_EXEC_21_118;813937.0;1478101.3142000001;0.4976245562116144;0.13974879566078535;0.030822038498412113;0.9952491124232288
S_PR_NSGAII_EXEC_21_119;813029.0;1223563.7283000003;0.49850007337711216;0.14070846218723643;0.02551430539748536;0.9970001467542243
S_PR_NSGAII_EXEC_21_127;744540.0;0.0;0.4348523021704309;0.21309458633933723;0.0;0.8697046043408618
S_PR_NSGAII_EXEC_21_128;740868.0;0.0;0.43108450202607507;0.2169755285035755;0.0;0.8621690040521501
S_PR_NSGAII_EXEC_21_132;729033.0;0.0;0.41997746650220064;0.22948395729272578;0.0;0.8399549330044013
S_PR_NSGAII_EXEC_21_135;722615.0;0.0;0.4137125722807335;0.23626715086845593;0.0;0.827425144561467
S_PR_NSGAII_EXEC_22_1;939942.0;7148943.765200001;0.1484842058459817;0.006573927086482019;0.1490730153861179;0.2969684116919634
S_PR_NSGAII_EXEC_22_23;927416.0;5506261.171300001;0.23463923756093957;0.019812674785079087;0.11481905345302779;0.46927847512187915
S_PR_NSGAII_EXEC_22_73;870286.0;3018824.4884;0.46522697559725973;0.08019345524339384;0.06294989640258454;0.9304539511945195
S_PR_NSGAII_EXEC_22_78;865077.0;3818117.488500001;0.4331284902860929;0.08569885495295732;0.0796171162906389;0.8662569805721858
S_PR_NSGAII_EXEC_22_84;856320.0;2466701.2555000014;0.4737148774063112;0.09495414104561375;0.051436772520733434;0.9474297548126224
S_PR_NSGAII_EXEC_22_87;852438.0;2289767.0028;0.47683508951098025;0.09905703251663034;0.047747259294531594;0.9536701790219605
S_PR_NSGAII_EXEC_22_97;828995.0;1595331.4826000002;0.49610469876839686;0.12383397346331812;0.03326657510012386;0.9922093975367937
S_PR_NSGAII_EXEC_22_108;809494.0;1275797.8378000003;0.49815039943279765;0.14444460885133836;0.026603514721956222;0.9963007988655953
S_PR_NSGAII_EXEC_22_109;803815.0;1454020.9626;0.4968112768593392;0.15044675224750095;0.0303199040933208;0.9936225537186784
S_PR_NSGAII_EXEC_22_110;760891.0;233533.0625;0.4674951287174161;0.19581319055299198;0.004869737259467137;0.9349902574348322
S_PR_NSGAII_EXEC_22_112;758886.0;212450.8719;0.4664702579488869;0.19793227798199461;0.004430121866353334;0.9329405158977738
S_PR_NSGAII_EXEC_22_113;758699.0;0.0;0.44805044767736074;0.19812991855517342;0.0;0.8961008953547215
S_PR_NSGAII_EXEC_22_116;753325.0;0.0;0.44356622850082666;0.20380970700577702;0.0;0.8871324570016533
S_PR_NSGAII_EXEC_22_120;746163.0;0.0;0.43566170958348677;0.21137923526837898;0.0;0.8713234191669735
S_PR_NSGAII_EXEC_22_121;744342.0;0.0;0.4342443688472333;0.21330385282858538;0.0;0.8684887376944666
S_PR_NSGAII_EXEC_22_122;740145.0;0.0;0.42987665149384297;0.21773966825976948;0.0;0.8597533029876859
S_PR_NSGAII_EXEC_22_123;737160.0;0.0;0.42743562083925773;0.22089451912040434;0.0;0.8548712416785155
S_PR_NSGAII_EXEC_22_125;732140.0;0.0;0.4221993449028924;0.22620016445386731;0.0;0.8443986898057848
S_PR_NSGAII_EXEC_22_126;731170.0;0.0;0.4216175802105971;0.22722535887089104;0.0;0.8432351604211942
S_PR_NSGAII_EXEC_22_127;728324.0;0.0;0.41922956639529435;0.23023330042846785;0.0;0.8384591327905887
S_PR_NSGAII_EXEC_22_134;709690.0;0.0;0.400375449578263;0.24992760224993182;0.0;0.800750899156526
S_PR_NSGAII_EXEC_22_135;706550.0;0.0;0.3981102258672524;0.2532462728369983;0.0;0.7962204517345048
S_PR_NSGAII_EXEC_22_136;705253.0;0.0;0.39619524375471527;0.25461707403171974;0.0;0.7923904875094305
S_PR_NSGAII_EXEC_22_137;700798.0;0.0;0.392011998149925;0.2593255700398029;0.0;0.78402399629985
S_PR_NSGAII_EXEC_22_139;697202.0;0.0;0.3882791788873206;0.26312618769301666;0.0;0.7765583577746412
S_PR_NSGAII_EXEC_22_141;692359.0;0.0;0.3838747723098621;0.2682447614679093;0.0;0.7677495446197242
S_PR_NSGAII_EXEC_22_142;687987.0;0.0;0.37964151704762433;0.272865534654742;0.0;0.7592830340952487
S_PR_NSGAII_EXEC_22_167;612269.0;0.0;0.31541364345663114;0.35289199946732164;0.0;0.6308272869132623
S_PR_NSGAII_EXEC_23_2;939561.0;7172468.247599992;0.14848026582856005;0.006976606543065564;0.14956355855472347;0.2969605316571201
S_PR_NSGAII_EXEC_23_6;938867.0;7248621.816599993;0.14847644054607467;0.007710096156894908;0.15115154728929805;0.29695288109214935
S_PR_NSGAII_EXEC_23_7;938617.0;7764572.067699995;0.14847229089405276;0.007974321522107208;0.16191037576059045;0.2969445817881055
S_PR_NSGAII_EXEC_23_19;935570.0;6913214.068099993;0.1484795339124084;0.011194700273314718;0.14415747290642805;0.2969590678248168
S_PR_NSGAII_EXEC_23_53;906302.0;4837158.179899999;0.3230093690190243;0.04212809222944908;0.10086661463018867;0.6460187380380485
S_PR_NSGAII_EXEC_23_55;904494.0;4744494.239899998;0.33147946401009426;0.04403897007066443;0.09893434415680749;0.6629589280201885
S_PR_NSGAII_EXEC_23_57;903436.0;4704618.527899997;0.3341351042338344;0.04515717181624288;0.09810283773799287;0.6682702084676688
S_PR_NSGAII_EXEC_23_58;902439.0;4644573.4899;0.3357842420997498;0.04621090257270954;0.09685075139242584;0.6715684841994995
S_PR_NSGAII_EXEC_23_59;901939.0;4644179.9551;0.33657836035618516;0.04673935330313413;0.09684254522642115;0.6731567207123703
S_PR_NSGAII_EXEC_23_60;900194.0;4571530.2897;0.3440110112552529;0.04858364635231599;0.09532762147772837;0.6880220225105058
S_PR_NSGAII_EXEC_23_61;898710.0;4563262.211099999;0.349634509494616;0.0501520881202162;0.09515521175556056;0.699269018989232
S_PR_NSGAII_EXEC_23_62;898125.0;4508242.5803000005;0.356549411802902;0.05077037547481298;0.09400791747850769;0.713098823605804
S_PR_NSGAII_EXEC_23_63;897963.0;4462275.275599999;0.3545984632104631;0.050941593511470554;0.09304938640792373;0.7091969264209262
S_PR_NSGAII_EXEC_23_64;896638.0;4422576.956799999;0.3620643336909484;0.05234198794709574;0.09222157907251244;0.7241286673818969
S_PR_NSGAII_EXEC_23_66;893409.0;4341659.2128;0.37343480097581655;0.055754722764177804;0.09053424560165188;0.7468696019516331
S_PR_NSGAII_EXEC_23_67;892376.0;4390556.978100002;0.36174391556445845;0.05684650197323503;0.09155388396478986;0.7234878311289169
S_PR_NSGAII_EXEC_23_68;891830.0;4375211.7778;0.36582701427992387;0.05742357017085869;0.09123389889349014;0.7316540285598477
S_PR_NSGAII_EXEC_23_69;890343.0;4289546.1543000005;0.371015580690864;0.05899518264314145;0.08944756048749491;0.742031161381728
S_PR_NSGAII_EXEC_23_70;888457.0;4248136.163;0.37497495331401753;0.06098849879830304;0.0885840605813614;0.7499499066280351
S_PR_NSGAII_EXEC_23_71;887114.0;4208628.4103;0.38175453890674055;0.06240791746022351;0.08776022701663433;0.7635090778134811
S_PR_NSGAII_EXEC_23_72;886016.0;4199752.7058999995;0.39718848554776903;0.06356839526423594;0.08757514680590102;0.7943769710955381
S_PR_NSGAII_EXEC_23_73;885276.0;4188578.5872999993;0.3857533936220319;0.06435050234526433;0.08734213902059813;0.7715067872440639
S_PR_NSGAII_EXEC_23_74;885156.0;4136455.893;0.3932972535267752;0.06447733052056624;0.0862552529763725;0.7865945070535504
S_PR_NSGAII_EXEC_23_75;883854.0;4149625.6862000013;0.3907474007614274;0.0658534162225919;0.08652987547290025;0.7814948015228548
S_PR_NSGAII_EXEC_23_76;883164.0;4088122.6151;0.3924709577029265;0.06658267823057785;0.08524738556033239;0.784941915405853
S_PR_NSGAII_EXEC_23_77;880625.0;4068707.942200002;0.4002452494716078;0.06926615103967397;0.0848425420020397;0.8004904989432156
S_PR_NSGAII_EXEC_23_78;879935.0;4007204.8710999996;0.40186247247670775;0.06999541304765991;0.0835600520894718;0.8037249449534155
S_PR_NSGAII_EXEC_23_79;878431.0;3987897.2756000008;0.4113449376765029;0.07158499284477711;0.08315744135765278;0.8226898753530058
S_PR_NSGAII_EXEC_23_80;877224.0;3914803.2840999993;0.41305831956383393;0.07286067290802209;0.08163325231974843;0.8261166391276679
S_PR_NSGAII_EXEC_23_81;875202.0;3906979.5316000013;0.41954076845541294;0.07499772766185918;0.08147010788679221;0.8390815369108259
S_PR_NSGAII_EXEC_23_82;872652.0;3895741.103000001;0.42267060071369694;0.07769282638702463;0.0812357590802232;0.8453412014273939
S_PR_NSGAII_EXEC_23_94;856559.0;2427764.4548999993;0.4758759836950319;0.09470154159647079;0.05062484470795843;0.9517519673900638
S_PR_NSGAII_EXEC_23_95;853906.0;2381742.8952999995;0.47857439799035323;0.09750550117210371;0.04966518228961068;0.9571487959807065
S_PR_NSGAII_EXEC_23_122;818909.0;1365673.4083000002;0.49868077277857087;0.13449388159744313;0.028477640850798108;0.9973615455571417
S_PR_NSGAII_EXEC_23_129;765901.0;384575.2904999999;0.4708654072225983;0.1905181142341375;0.008019338252022655;0.9417308144451966
S_PR_NSGAII_EXEC_23_132;761342.0;265713.4865;0.4678730220882779;0.195336527994149;0.005540778045301265;0.9357460441765558
S_PR_NSGAII_EXEC_24_62;746426.0;0.0;0.4374791275645856;0.21110127018417565;0.0;0.8749582551291712
S_PR_NSGAII_EXEC_25_38;923644.0;5316960.034800001;0.2608757163698902;0.023799307095402268;0.11087166036099601;0.5217514327397804
S_PR_NSGAII_EXEC_25_43;916085.0;5020908.088300002;0.3044570085059242;0.03178842523796136;0.10469825099799063;0.6089140170118484
S_PR_NSGAII_EXEC_25_70;871057.0;3202127.541800001;0.4623645981271852;0.0793785842170791;0.06677221474740597;0.9247291962543704
S_PR_NSGAII_EXEC_25_71;870872.0;3197717.2558000004;0.4633611303820189;0.0795741109873362;0.06668024946493505;0.9267222607640379
S_PR_NSGAII_EXEC_25_72;870074.0;3086831.9686000007;0.4641798009682539;0.08041751835309387;0.06436801920158827;0.9283596019365078
S_PR_NSGAII_EXEC_25_73;869340.0;3331978.7271000016;0.4623482330454056;0.08119328402535718;0.0694799305135253;0.9246964660908112
S_PR_NSGAII_EXEC_25_74;866715.0;3281622.8433000017;0.4620012864861352;0.08396765036008633;0.06842988680258713;0.9240025729722704
S_PR_NSGAII_EXEC_25_75;866647.0;3193156.815000001;0.4623236384315096;0.08403951965942408;0.06658515308652245;0.9246472768630192
S_PR_NSGAII_EXEC_25_79;863500.0;2680957.5175000024;0.4705751782258854;0.0873655885567165;0.05590454119967823;0.9411503564517708
S_PR_NSGAII_EXEC_25_97;832221.0;1749358.7474000002;0.4965321820578568;0.1204244093506186;0.036478421432890436;0.9930643641157136
S_PR_NSGAII_EXEC_25_112;763398.0;304182.0897;0.470119719829269;0.19316353859064303;0.00634294279369828;0.940239439658538
S_PR_NSGAII_EXEC_25_114;759249.0;249572.8971;0.46741697234066704;0.19754862275170637;0.005204207160007709;0.9348339446813341
S_PR_NSGAII_EXEC_25_132;712892.0;0.0;0.40587136675112384;0.2465434037722927;0.0;0.8117427335022477
S_PR_NSGAII_EXEC_26_2;939938.0;7319680.650899999;0.14848007677934527;0.006578154692325416;0.15263329830690844;0.29696015355869054
S_PR_NSGAII_EXEC_26_4;939637.0;6288846.609899999;0.15631544991992613;0.0068962820320410245;0.1311378796966002;0.31263089983985226
S_PR_NSGAII_EXEC_26_5;939381.0;7410467.078699999;0.1484757950856713;0.0071668488060184195;0.15452641804498227;0.2969515901713426
S_PR_NSGAII_EXEC_26_6;939321.0;7301568.179299999;0.1484757484128167;0.0072302628936693715;0.15225560884029785;0.2969514968256334
S_PR_NSGAII_EXEC_26_8;938140.0;6147968.070299998;0.17079133395107177;0.008478463518932276;0.12820021654087704;0.34158266790214353
S_PR_NSGAII_EXEC_26_9;937765.0;6131173.154099999;0.1720148860483335;0.008874801566750726;0.12785000133660052;0.344029772096667
S_PR_NSGAII_EXEC_26_17;934866.0;5869863.085299999;0.2011958083780212;0.011938758901752554;0.12240104535286576;0.4023916167560424
S_PR_NSGAII_EXEC_26_20;933629.0;5830430.831299996;0.19717819822324292;0.013246146008823014;0.121578786121248;0.39435639644648585
S_PR_NSGAII_EXEC_26_21;932685.0;5767604.879;0.20845847261568207;0.014243860987864657;0.1202687108903509;0.41691694523136413
S_PR_NSGAII_EXEC_26_22;932185.0;5713290.593099999;0.2103842657366146;0.014772311718289258;0.11913612478482427;0.4207685314732292
S_PR_NSGAII_EXEC_26_28;928905.0;5531132.131;0.2294146117125524;0.01823894850987463;0.11533767397653412;0.4588292234251048
S_PR_NSGAII_EXEC_26_29;928605.0;5528603.198100001;0.23766565868448142;0.01855601894812939;0.11528493952155809;0.47533131736896284
S_PR_NSGAII_EXEC_26_30;928344.0;5512584.5936;0.23249568663804962;0.018831870229411032;0.11495091232068447;0.46499137327609924
S_PR_NSGAII_EXEC_26_31;927676.0;5479405.471900001;0.23948669360540495;0.019537880405258296;0.1142590462377872;0.4789733872108099
S_PR_NSGAII_EXEC_26_49;907057.0;4891721.2727999985;0.30582673305705627;0.041330131626507935;0.10200438897204185;0.6116534661141125
S_PR_NSGAII_EXEC_26_51;905737.0;4772622.741099998;0.3281757925739042;0.042725241554828874;0.09952089241203199;0.6563515851478084
S_PR_NSGAII_EXEC_26_52;904145.0;4719420.0325;0.3333574941110964;0.044407828680500805;0.09841148542014626;0.6667149882221928
S_PR_NSGAII_EXEC_26_54;901484.0;4682154.862299998;0.33262160043462646;0.04722024346782052;0.09763441520207669;0.6652432008692529
S_PR_NSGAII_EXEC_26_55;899933.0;4603798.126399998;0.34170241642779275;0.04885949763359763;0.09600048503279944;0.6834048328555855
S_PR_NSGAII_EXEC_26_56;898979.0;4567251.892099999;0.3443283394421422;0.04986778162724777;0.0952384063919478;0.6886566788842844
S_PR_NSGAII_EXEC_26_57;898341.0;4550595.417799999;0.34652053003561456;0.05054208475926955;0.0948910780409137;0.6930410600712291
S_PR_NSGAII_EXEC_26_58;897387.0;4514049.1835;0.34907542524013285;0.05155036875291969;0.09412899940006207;0.6981508504802657
S_PR_NSGAII_EXEC_26_62;893573.0;4455287.1318;0.35652461402668817;0.05558139092459854;0.09290366646628861;0.7130492280533763
S_PR_NSGAII_EXEC_26_64;890716.0;4336115.878499999;0.37207788924597907;0.058600958398244696;0.09041865348251715;0.7441557784919581
S_PR_NSGAII_EXEC_26_66;887123.0;4291728.8532;0.36725264208748215;0.06239840534707587;0.0894930751141852;0.7345052841749643
S_PR_NSGAII_EXEC_26_68;883958.0;4180046.153199998;0.382591644734555;0.06574349847066359;0.08716421683773495;0.76518328946911
S_PR_NSGAII_EXEC_26_70;880567.0;4065756.1056999993;0.40022112470271876;0.06932745132440322;0.084780988969531;0.8004422494054375
S_PR_NSGAII_EXEC_26_71;876753.0;4006994.0539999995;0.405648879498009;0.07335847349608207;0.08355565603575756;0.811297758996018
S_PR_NSGAII_EXEC_26_72;874400.0;4114097.7631000006;0.39201175534968946;0.07584536263346023;0.08578903111870284;0.7840235106993789
S_PR_NSGAII_EXEC_26_73;871407.0;3952320.2960000006;0.40909219416638193;0.07900866870578188;0.08241557405508433;0.8181843883327639
S_PR_NSGAII_EXEC_26_75;870055.0;3935697.949500001;0.41015526775372363;0.08043759948085;0.08206895735240301;0.8203105355074473
S_PR_NSGAII_EXEC_26_78;866241.0;3899409.660000001;0.41514889922853954;0.08446862165252884;0.08131225749342488;0.8302977984570791
S_PR_NSGAII_EXEC_26_88;854778.0;2387472.434500001;0.47730336425994074;0.09658388309824321;0.049784657237710694;0.9546067285198815
S_PR_NSGAII_EXEC_26_90;853613.0;2345510.7462000013;0.4771321096453836;0.09781517330013254;0.04890965309569695;0.9542642192907672
S_PR_NSGAII_EXEC_26_96;848045.0;2132054.4401000002;0.48334077404078685;0.10370000063414088;0.04445856545972936;0.9666815480815737
S_PR_NSGAII_EXEC_26_98;845026.0;2113708.3335;0.4839608185893055;0.10689078614444461;0.04407600413021236;0.967921637178611
S_PR_NSGAII_EXEC_26_99;843900.0;2019673.217;0.4859246019484897;0.10808085718936081;0.04211514126301819;0.9718492038969794
S_PR_NSGAII_EXEC_26_100;838634.0;1885992.0316000003;0.48810934179861226;0.11364650028219268;0.039327560599007876;0.9762186835972245
S_PR_NSGAII_EXEC_26_101;835967.0;1864092.4742000005;0.48936452288280646;0.1164652564782775;0.038870901102939226;0.9787290457656129
S_PR_NSGAII_EXEC_26_102;834834.0;1837271.3389;0.4897176903897293;0.11766272583341965;0.03831161463397674;0.9794353807794586
S_PR_NSGAII_EXEC_26_105;829333.0;1656237.9437000002;0.4965124590220843;0.12347674076955109;0.03453662423058031;0.9930249180441686
S_PR_NSGAII_EXEC_26_106;828122.0;1571718.2105000003;0.4974203569991636;0.12475664843863947;0.03277418044845305;0.9948407139983272
S_PR_NSGAII_EXEC_26_107;826754.0;1753492.9394999999;0.49108230705298744;0.12620248963708117;0.036564629480229184;0.9821646141059749
S_PR_NSGAII_EXEC_26_108;825130.0;1505576.2221000004;0.4981665256660116;0.1279188976095003;0.031394957729928036;0.9963330513320232
S_PR_NSGAII_EXEC_26_110;820333.0;1656420.9187;0.49269142261445964;0.1329888539171939;0.03454043970820695;0.9853828452289193
S_PR_NSGAII_EXEC_26_114;815569.0;1283441.3202000002;0.49877486362969065;0.13802393247667946;0.02676290008108652;0.9975497272593813
S_PR_NSGAII_EXEC_26_115;815534.0;1264828.8588000003;0.49861999434472337;0.1380609240278092;0.02637478460056447;0.9972399886894467
S_PR_NSGAII_EXEC_26_116;813188.0;1255054.499;0.49889120756499605;0.1405404148549614;0.02617096522014805;0.9977824151299921
S_PR_NSGAII_EXEC_26_117;806419.0;1165135.3838000004;0.49867537054825595;0.14769458084344964;0.02429593107748675;0.9973507410965119
S_PR_NSGAII_EXEC_26_118;806015.0;1109909.8609000002;0.4983834621171718;0.14812156903363272;0.023144343445051677;0.9967669242343437
S_PR_NSGAII_EXEC_26_119;805628.0;1106043.0365000004;0.4983476635382999;0.14853058989898135;0.02306371067016784;0.9966953270765998
S_PR_NSGAII_EXEC_26_120;804850.0;1179719.9913000003;0.4981369844216356;0.14935285923552202;0.024600055923010296;0.9962739688432712
S_PR_NSGAII_EXEC_26_122;758724.0;0.0;0.4489316798108337;0.1981034960186522;0.0;0.8978633596216674
S_PR_NSGAII_EXEC_26_136;726425.0;0.0;0.4167758640296867;0.2322403563026205;0.0;0.8335517280593734
S_PR_NSGAII_EXEC_26_137;724612.0;0.0;0.41511059752126167;0.23415651865114007;0.0;0.8302211950425233
S_PR_NSGAII_EXEC_26_139;711208.0;0.0;0.402584840256196;0.24832322583236274;0.0;0.805169680512392
S_PR_NSGAII_EXEC_26_140;707654.0;0.0;0.39885938358946194;0.2520794536242208;0.0;0.7977187671789239
S_PR_NSGAII_EXEC_26_141;703848.0;0.0;0.3950352024946485;0.25610202058421283;0.0;0.790070404989297
S_PR_NSGAII_EXEC_26_142;701885.0;0.0;0.3930851927681375;0.25817671815185983;0.0;0.786170385536275
S_PR_NSGAII_EXEC_26_143;699922.0;0.0;0.39110940106570835;0.26025141571950683;0.0;0.7822188021314167
S_PR_NSGAII_EXEC_26_144;697555.0;0.0;0.38910743464399977;0.2627531014773369;0.0;0.7782148692879995
S_PR_NSGAII_EXEC_26_145;695824.0;0.0;0.38707888737740875;0.2645825979060668;0.0;0.7741577747548175
S_PR_NSGAII_EXEC_26_146;693735.0;0.0;0.38502333913188896;0.2667904650577808;0.0;0.7700466782637779
S_PR_NSGAII_EXEC_26_147;691538.0;0.0;0.38294035509991653;0.2691124775672665;0.0;0.7658807101998331
S_PR_NSGAII_EXEC_26_148;689387.0;0.0;0.3808294850936201;0.2713858726095531;0.0;0.7616589701872402
S_PR_NSGAII_EXEC_26_149;687265.0;0.0;0.37869026279287127;0.27362861750947515;0.0;0.7573805255857425
S_PR_NSGAII_EXEC_26_150;684805.0;0.0;0.3765222049447285;0.27622859510316417;0.0;0.753044409889457
S_PR_NSGAII_EXEC_26_155;670877.0;0.0;0.36287888815957664;0.2909491186498718;0.0;0.7257577763191533
S_PR_NSGAII_EXEC_26_157;665530.0;0.0;0.3580753521385692;0.29660037076103246;0.0;0.7161507042771385
S_PR_NSGAII_EXEC_26_158;663239.0;0.0;0.35562276203167326;0.299021732007838;0.0;0.7112455240633465
S_PR_NSGAII_EXEC_26_160;658279.0;0.0;0.35182646666162637;0.30426396325365;0.0;0.7036529333232527
S_PR_NSGAII_EXEC_26_162;652816.0;0.0;0.3467158285373423;0.3100378159342692;0.0;0.6934316570746846
S_PR_NSGAII_EXEC_27_1;939930.0;7169853.134399999;0.14848028812739744;0.006586609904012209;0.14950902702907395;0.2969605762547949
S_PR_NSGAII_EXEC_27_2;939752.0;8561346.981599998;0.14848003879287652;0.006774738364043366;0.1785250873739731;0.29696007758575305
S_PR_NSGAII_EXEC_27_57;750612.0;0.0;0.4405635461462102;0.2066770806690609;0.0;0.8811270922924204
S_PR_NSGAII_EXEC_27_61;742370.0;0.0;0.433335797305449;0.21538806250938;0.0;0.866671594610898
S_PR_NSGAII_EXEC_27_68;721875.0;0.0;0.41340950154747325;0.23704925794948434;0.0;0.8268190030949465
S_PR_NSGAII_EXEC_27_127;536396.0;0.0;0.27992756719916634;0.433082284006333;0.0;0.5598551343983327
S_PR_NSGAII_EXEC_28_7;935384.0;5931100.943600001;0.17832307093003197;0.011391283945032669;0.12367800492793014;0.35664614186006394
S_PR_NSGAII_EXEC_28_8;934114.0;5865775.7448;0.1850654169717556;0.012733548800311151;0.12231581427632397;0.3701308339435112
S_PR_NSGAII_EXEC_28_9;933553.0;5850535.575600001;0.18903570363871944;0.013326470519847552;0.12199801936112296;0.3780714072774389
S_PR_NSGAII_EXEC_28_10;932429.0;5770846.4081;0.19678564419103525;0.014514427761842053;0.1203363047242472;0.3935712883820705
S_PR_NSGAII_EXEC_28_11;931868.0;5733507.995500001;0.2004903140673034;0.015107349481378454;0.11955770722245847;0.4009806281346068
S_PR_NSGAII_EXEC_28_12;931118.0;5661212.077800001;0.20788528587301788;0.015900025577015354;0.11805015998112915;0.41577057174603577
S_PR_NSGAII_EXEC_28_13;930524.0;5809756.177800001;0.1908685648370452;0.016527825044759775;0.12114766887644461;0.3817371296740904
S_PR_NSGAII_EXEC_28_14;929583.0;5566179.108700001;0.21845836640499303;0.017522369319418873;0.11606848943928003;0.43691673280998605
S_PR_NSGAII_EXEC_28_16;927567.0;5619149.1011000015;0.21405214456609173;0.01965308266449086;0.1171730437274934;0.42810428913218346
S_PR_NSGAII_EXEC_28_17;926758.0;5549896.364700002;0.21663261740262899;0.02050811594631786;0.11572895428184099;0.43326523480525797
S_PR_NSGAII_EXEC_28_18;925837.0;5363235.057499999;0.24657951507495257;0.021481522191759972;0.11183660810677769;0.49315903014990514
S_PR_NSGAII_EXEC_28_19;925250.0;5524957.045500002;0.22174609581134788;0.022101923349278452;0.11520890829505921;0.44349219162269576
S_PR_NSGAII_EXEC_28_21;924692.0;5341214.3974;0.250845994910573;0.022691674364432306;0.11137742332232334;0.501691989821146
S_PR_NSGAII_EXEC_28_22;924503.0;5494830.5863000015;0.22507341025113622;0.022891428740532804;0.11458069771411819;0.45014682050227245
S_PR_NSGAII_EXEC_28_23;922968.0;5386485.2674;0.23469735215553092;0.024513772482936326;0.11232143202090962;0.46939470431106184
S_PR_NSGAII_EXEC_28_24;922275.0;5283576.753099999;0.24354452338418742;0.02524620519530482;0.1101755370412507;0.48708904676837483
S_PR_NSGAII_EXEC_28_26;920520.0;5225227.677599999;0.24933187023520995;0.027101067259095165;0.10895881567436583;0.4986637404704199
S_PR_NSGAII_EXEC_28_27;918801.0;5173881.610399998;0.2639572267897921;0.02891788087029494;0.10788812421040683;0.5279144535795842
S_PR_NSGAII_EXEC_28_28;917793.0;5126539.999999997;0.2665953355739424;0.029983237542830932;0.10690093549451331;0.5331906711478848
S_PR_NSGAII_EXEC_28_29;915596.0;5079517.424099998;0.27803785011875337;0.032305250052316624;0.10592039943060437;0.5560757002375067
S_PR_NSGAII_EXEC_28_30;914770.0;5096255.762899998;0.27066226952268;0.03317825065897806;0.10626943485729451;0.54132453904536
S_PR_NSGAII_EXEC_28_31;913762.0;5068033.146599999;0.2732230405774817;0.034243607331514055;0.10568092407135067;0.5464460811549634
S_PR_NSGAII_EXEC_28_32;912043.0;5016687.079399996;0.28616517654193663;0.036060420942713826;0.10461023260739166;0.5723303530838733
S_PR_NSGAII_EXEC_28_33;911035.0;4925042.808399999;0.28855354018668705;0.03712577761524982;0.10269922473412578;0.5771070803733741
S_PR_NSGAII_EXEC_28_34;907523.0;4914703.001299997;0.3078023826232175;0.04083761554575221;0.10248361439034166;0.615604765246435
S_PR_NSGAII_EXEC_28_35;906083.0;4816901.615199997;0.3201079964865283;0.042359553649375055;0.10044421556252602;0.6402159929730566
S_PR_NSGAII_EXEC_28_36;904968.0;4764540.549799998;0.32507941080955044;0.04353799877822191;0.09935235889609031;0.6501588216191009
S_PR_NSGAII_EXEC_28_37;903335.0;4711743.824399999;0.32377092173185346;0.04526391886378865;0.09825141764988785;0.6475418434637069
S_PR_NSGAII_EXEC_28_38;901275.0;4573367.4991999995;0.34181544838263955;0.047441135873138;0.09536593180286958;0.6836308967652791
S_PR_NSGAII_EXEC_28_40;898286.0;4514594.6513;0.35444764401041945;0.05060021433961626;0.09414037374184077;0.7088952880208389
S_PR_NSGAII_EXEC_28_41;898210.0;4607346.018799997;0.3415082986584682;0.0506805388506408;0.09607446729307514;0.6830165973169364
S_PR_NSGAII_EXEC_28_43;894517.0;4416172.9682;0.35684642621904994;0.054583675945556895;0.09208804019985445;0.7136928524380999
S_PR_NSGAII_EXEC_28_44;891528.0;4357400.1203;0.3684762854644562;0.05774275441203515;0.09086248213882561;0.7369525709289124
S_PR_NSGAII_EXEC_28_60;861790.0;3768980.089600001;0.4361736740759655;0.08917289005476864;0.07859248097906871;0.872347348151931
S_PR_NSGAII_EXEC_28_62;857732.0;2487210.9492000006;0.4774252575083251;0.09346179618289469;0.051864449949025386;0.9548505150166502
S_PR_NSGAII_EXEC_28_67;840431.0;1992530.0859;0.4860031008241625;0.11174724835704668;0.041549140391701433;0.972006201648325
S_PR_NSGAII_EXEC_28_68;839266.0;1957618.66;0.485814243910052;0.112978538558936;0.04082115151652297;0.971628487820104
S_PR_NSGAII_EXEC_28_77;821395.0;1461749.8754;0.4976926756969654;0.13186642456577202;0.03048107088587007;0.9953853513939308
S_PR_NSGAII_EXEC_28_88;755881.0;0.0;0.4455524320146948;0.20110826687184646;0.0;0.8911048640293896
S_PR_NSGAII_EXEC_28_89;754502.0;0.0;0.4442769503098632;0.20256573398635752;0.0;0.8885539006197264
S_PR_NSGAII_EXEC_28_90;751684.0;0.0;0.44167227462905845;0.20554408230303056;0.0;0.8833445492581169
S_PR_NSGAII_EXEC_28_91;748841.0;0.0;0.43998513393516825;0.20854885315622484;0.0;0.8799702678703365
S_PR_NSGAII_EXEC_28_94;741016.0;0.0;0.4319745775115905;0.21681910708736982;0.0;0.863949155023181
S_PR_NSGAII_EXEC_28_95;738417.0;0.0;0.4290318123202904;0.2195659939841169;0.0;0.8580636246405808
S_PR_NSGAII_EXEC_28_96;735284.0;0.0;0.4260097480207655;0.2228772662609574;0.0;0.852019496041531
S_PR_NSGAII_EXEC_28_99;726978.0;0.0;0.4183291339110616;0.23165588979477086;0.0;0.8366582678221232
S_PR_NSGAII_EXEC_29_82;865023.0;2743616.326600001;0.4696830608234203;0.08575592763184317;0.057211131084817526;0.9393661216468406
S_PR_NSGAII_EXEC_29_89;856090.0;2408615.8192000003;0.4760026465791532;0.09519722838160907;0.05022554867793164;0.9520052931583064
S_PR_NSGAII_EXEC_29_95;849587.0;2190608.1552000004;0.4808156187099578;0.1020702585815114;0.04567955406429876;0.9616312374199156
S_PR_NSGAII_EXEC_29_98;846917.0;2259594.3895000005;0.476592591581546;0.10489218548197878;0.04711808628737976;0.953185183163092
S_PR_NSGAII_EXEC_29_118;816210.0;1320801.1942000003;0.49829174045086594;0.13734645864027514;0.02754194510571466;0.9965834809017319
S_PR_NSGAII_EXEC_29_122;813943.0;1350023.0638000004;0.4977193281156122;0.13974245425202025;0.02815129277434471;0.9954386562312244
S_PR_NSGAII_EXEC_29_123;812931.0;1234388.1610000003;0.49847540383130035;0.14081203853039967;0.02574002137391925;0.9969508076626007
S_PR_NSGAII_EXEC_29_124;811089.0;1213657.4548000004;0.49851160950967305;0.14275885102128388;0.025307735292811547;0.9970232190193461
S_PR_NSGAII_EXEC_29_125;807620.0;1210164.0763000003;0.4985028537980977;0.14642524218896974;0.025234889781085037;0.9970057075961954
S_PR_NSGAII_EXEC_29_126;804143.0;1499164.1487;0.4971760866920688;0.15010008856834242;0.03126125026935628;0.9943521733841376
S_PR_NSGAII_EXEC_29_127;761090.0;232147.246;0.46777398470978937;0.19560286716228298;0.0048408395857391;0.9355479694195787
S_PR_NSGAII_EXEC_29_131;750131.0;0.0;0.4403427629392304;0.20718545027172935;0.0;0.8806855258784608
S_PR_NSGAII_EXEC_29_132;747923.0;0.0;0.438627969470852;0.2095190886972844;0.0;0.877255938941704
S_PR_NSGAII_EXEC_29_133;741557.0;0.0;0.4319873958211948;0.2162473233970504;0.0;0.8639747916423896
S_PR_NSGAII_EXEC_30_5;939013.0;7127895.854499996;0.14847722084920734;0.007555788543610925;0.14863411481301486;0.2969544416984147
S_PR_NSGAII_EXEC_30_6;938992.0;6201939.324799998;0.15354796045211316;0.007577983474288758;0.12932564960018458;0.3070959209042263
S_PR_NSGAII_EXEC_30_7;937940.0;6193941.941999998;0.16109021469265364;0.008689843811102115;0.12915888454952124;0.3221804293853073
S_PR_NSGAII_EXEC_30_8;937661.0;6156191.287199997;0.1610902146926536;0.008984719318679042;0.12837169078654456;0.3221804293853072
S_PR_NSGAII_EXEC_30_9;937526.0;6119393.034899998;0.1661150095993487;0.009127401015893684;0.1276043569521391;0.3322300191986974
S_PR_NSGAII_EXEC_30_18;934222.0;5834219.706899999;0.1939672920724434;0.012619403442539439;0.1216577934724269;0.3879345841448868
S_PR_NSGAII_EXEC_30_20;932891.0;5791016.845399998;0.1998007805353586;0.014026139286929723;0.12075690782433092;0.3996015610707172
S_PR_NSGAII_EXEC_30_21;932431.0;5744326.0557;0.21618533719346567;0.014512313958920353;0.11978329031663425;0.43237067438693133
S_PR_NSGAII_EXEC_30_22;932254.0;5758080.4714;0.20952237563991757;0.014699385517490662;0.12007010362649048;0.41904475127983515
S_PR_NSGAII_EXEC_30_23;932232.0;5713403.368199999;0.20480210456859949;0.014722637349629345;0.11913847642232062;0.40960420913719897
S_PR_NSGAII_EXEC_30_87;862922.0;3154004.3948000013;0.46403539437809654;0.08797647760108734;0.0657687290761267;0.9280707887561931
S_PR_NSGAII_EXEC_30_91;858520.0;2520600.3193999995;0.4747789628354127;0.09262895783174552;0.052560700228932014;0.9495579256708254
S_PR_NSGAII_EXEC_30_93;857652.0;2469705.7700999994;0.47544166032798313;0.09354634829976262;0.05149942402085763;0.9508833206559663
S_PR_NSGAII_EXEC_30_94;853770.0;2311945.313599999;0.47844260955714357;0.09764923977077922;0.04820973148283169;0.9568852191142871
S_PR_NSGAII_EXEC_30_95;852972.0;2268677.669899999;0.4791128546909672;0.09849264713653687;0.04730749496694119;0.9582257093819344
S_PR_NSGAII_EXEC_30_96;852104.0;2217783.1205999996;0.4796390891413471;0.09941003760455398;0.046246218758866815;0.9592781782826942
S_PR_NSGAII_EXEC_30_97;850681.0;2182864.7692;0.4809945646252382;0.10091400838334239;0.04551808547002364;0.9619891292504764
S_PR_NSGAII_EXEC_30_98;848719.0;2140422.9031;0.48165131036843317;0.10298764904952852;0.04463306844290148;0.9633026207368663
S_PR_NSGAII_EXEC_30_99;845595.0;2058278.3865;0.48413966141027237;0.10628940921322141;0.04292015375379643;0.9682793228205447
S_PR_NSGAII_EXEC_30_100;842614.0;2083452.6150999998;0.48315774293817837;0.10944003246801287;0.043445098177851;0.9663154858763567
S_PR_NSGAII_EXEC_30_115;811081.0;1232915.1172000004;0.4984344057051471;0.14276730623297068;0.025709304796999073;0.9968688114102942
S_PR_NSGAII_EXEC_30_116;810465.0;1299933.9658000006;0.4983834621171717;0.14341835753285379;0.027106812201818927;0.9967669242343434
S_PR_NSGAII_EXEC_30_118;806654.0;1310515.9333000004;0.4980447548852355;0.14744620900015007;0.027327472184014035;0.996089509770471
S_PR_NSGAII_EXEC_30_120;800011.0;1548690.4673000001;0.49634285322323324;0.15446720540457132;0.03229399551077434;0.9926857064464665
