S_PE_NSGAII_EXEC_1_56;583572.0;0.0;0.47520791179727645;0.19416278527053318;0.0;0.9504158235945529
S_PE_NSGAII_EXEC_1_78;535706.0;0.0;0.4268257330035554;0.26025952075517034;0.0;0.8536514660071108
S_PE_NSGAII_EXEC_1_80;528605.0;0.0;0.4186296625199426;0.2700650804149791;0.0;0.8372593250398852
S_PE_NSGAII_EXEC_1_82;522947.0;0.0;0.4114569150436944;0.27787804430107943;0.0;0.8229138300873888
S_PE_NSGAII_EXEC_1_83;520018.0;0.0;0.4077157551681575;0.2819226132693346;0.0;0.815431510336315
S_PE_NSGAII_EXEC_1_84;517746.0;0.0;0.40386760735693183;0.2850599504819928;0.0;0.8077352147138637
S_PE_NSGAII_EXEC_1_85;514340.0;0.0;0.3999093831318445;0.2897631945604759;0.0;0.799818766263689
S_PE_NSGAII_EXEC_1_86;512374.0;0.0;0.39781760688697937;0.2924779854760067;0.0;0.7956352137739587
S_PE_NSGAII_EXEC_1_87;511074.0;0.0;0.39583778034237554;0.294273116803672;0.0;0.7916755606847511
S_PE_NSGAII_EXEC_1_88;508649.0;0.0;0.3949808373538014;0.2976217271648939;0.0;0.7899616747076028
S_PE_NSGAII_EXEC_1_89;507164.0;0.0;0.3916492629390103;0.2996723194891885;0.0;0.7832985258780206
S_PE_NSGAII_EXEC_1_90;505198.0;0.0;0.3894793199852372;0.3023871104047193;0.0;0.7789586399704744
S_PE_NSGAII_EXEC_1_91;501511.0;0.0;0.3873400381573906;0.3074783790240285;0.0;0.7746800763147812
S_PE_NSGAII_EXEC_1_92;499207.0;0.0;0.3829060306964026;0.3106599040847523;0.0;0.7658120613928052
S_PE_NSGAII_EXEC_1_93;495577.0;0.0;0.37945847634556834;0.3156724630996947;0.0;0.7589169526911367
S_PE_NSGAII_EXEC_1_94;492661.0;0.0;0.3760436186169508;0.31969908075467324;0.0;0.7520872372339016
S_PE_NSGAII_EXEC_1_99;478434.0;0.0;0.36138280835169173;0.33934472183059206;0.0;0.7227656167033835
S_PE_NSGAII_EXEC_2_2;719725.0;6480579.225999998;0.14542417772309946;0.006153157843135901;0.16252947883103697;0.2908483554461989
S_PE_NSGAII_EXEC_2_3;719656.0;6810067.445999997;0.14542324173093257;0.006248437890527368;0.1707928680760473;0.29084648346186515
S_PE_NSGAII_EXEC_2_5;718782.0;6533498.164199998;0.14541503356590468;0.007455318490819284;0.16385665764422563;0.29083006713180937
S_PE_NSGAII_EXEC_2_75;587099.0;289411.19810000004;0.485981373032149;0.18929245589155197;0.007258278859757437;0.971962746064298
S_PE_NSGAII_EXEC_2_77;584422.0;153896.783;0.48388634248266144;0.19298904555629048;0.0038596494329414736;0.9677726849653229
S_PE_NSGAII_EXEC_2_106;501565.0;0.0;0.3883297588757051;0.30740381203041783;0.0;0.7766595177514102
S_PE_NSGAII_EXEC_3_1;720277.0;5154381.368200004;0.14544229644017348;0.005390917464004164;0.1292691421947218;0.29088459288034696
S_PE_NSGAII_EXEC_3_4;715657.0;3717470.916300001;0.17412667399879314;0.011770538028476307;0.09323219260583063;0.3482533479975863
S_PE_NSGAII_EXEC_3_41;588288.0;295728.1440999999;0.4879961413735249;0.18765060116186422;0.007416704504345612;0.9759922827470499
S_PE_NSGAII_EXEC_3_42;588211.0;1835023.6200999995;0.38124406767032915;0.1877569281712721;0.04602141602110795;0.7624881353406583
S_PE_NSGAII_EXEC_3_43;586247.0;209305.35009999995;0.4860444592048749;0.1904689573462988;0.005249266814271754;0.9720889184097498
S_PE_NSGAII_EXEC_3_44;586126.0;222018.47809999998;0.4849753109851303;0.19063604264679687;0.005568105300168581;0.9699506219702606
S_PE_NSGAII_EXEC_3_45;585005.0;163359.4751;0.4838434161909156;0.1921839981993452;0.004096968715943412;0.9676868323818312
S_PE_NSGAII_EXEC_3_46;584504.0;141536.03910000002;0.48456911893263965;0.19287581419562236;0.0035496485527777236;0.9691382378652793
S_PE_NSGAII_EXEC_3_64;551067.0;1629858.2493;0.3672812071282561;0.2390479728134265;0.0408759776848989;0.7345624142565123
S_PE_NSGAII_EXEC_3_67;541901.0;1256525.4146;0.4122004505410812;0.25170502954371904;0.03151298883185518;0.8244009010821624
S_PE_NSGAII_EXEC_3_73;524015.0;1470166.1483000002;0.37473109109020236;0.27640327487188976;0.036870984760063806;0.7494621821804047
S_PE_NSGAII_EXEC_4_49;591216.0;447354.2074;0.4882229907609614;0.1836074130638611;0.011219405495405272;0.9764459815219227
S_PE_NSGAII_EXEC_5_7;716537.0;3745858.943;0.17217138537615756;0.01055537220667209;0.0939441492108948;0.3443427707523151
S_PE_NSGAII_EXEC_5_55;646249.0;1232931.6856999998;0.4576217782256225;0.10761398048277986;0.030921270664686862;0.915243556451245
S_PE_NSGAII_EXEC_5_58;642554.0;1140491.0131;0.46469928470003874;0.11271629606410552;0.028602907781290415;0.9293985694000775
S_PE_NSGAII_EXEC_5_59;641518.0;1150641.9429;0.46277351768222946;0.11414687764522957;0.028857487699613972;0.9255470353644589
S_PE_NSGAII_EXEC_5_60;639845.0;1127346.0108;0.46978311683026336;0.11645707357690964;0.028273238117739297;0.9395662336605267
S_PE_NSGAII_EXEC_5_61;636807.0;1207612.8338000001;0.4481799080728587;0.1206521574026383;0.030286287330574136;0.8963598161457174
S_PE_NSGAII_EXEC_5_62;636084.0;1093348.9435;0.4597725588536441;0.12165052659487062;0.027420609758859838;0.9195451177072882
S_PE_NSGAII_EXEC_5_65;625900.0;1326855.4838999999;0.445226419293463;0.13571330924175035;0.03327682954899661;0.890452838586926
S_PE_NSGAII_EXEC_5_66;625883.0;1323066.4937;0.44535476142915387;0.1357367840360352;0.033181803690809246;0.8907095228583077
S_PE_NSGAII_EXEC_5_69;620014.0;938827.3184999999;0.47447068314166513;0.1438411115453181;0.023545289621021443;0.9489413662833303
S_PE_NSGAII_EXEC_5_90;568426.0;0.0;0.46443359467009976;0.21507744610808624;0.0;0.9288671893401995
S_PE_NSGAII_EXEC_6_1;720739.0;5352912.4645;0.14544458429268883;0.0047529554075569505;0.1342481964564053;0.29088916858537767
S_PE_NSGAII_EXEC_6_54;581594.0;0.0;0.4735070511205664;0.19689414662908858;0.0;0.9470141022411328
S_PE_NSGAII_EXEC_6_74;534012.0;0.0;0.4256879773251207;0.26259871496214343;0.0;0.8513759546502414
S_PE_NSGAII_EXEC_7_50;571721.0;1938983.9069;0.33657130895496773;0.21052747862758067;0.04862868469933663;0.6731426179099355
S_PE_NSGAII_EXEC_7_53;564224.0;1839316.1577;0.36689589623143065;0.22087986290720138;0.046129070580162135;0.7337917924628613
S_PE_NSGAII_EXEC_7_58;553462.0;1240920.5358;0.4199930298790036;0.23574078855976613;0.031121626774523934;0.8399860597580072
S_PE_NSGAII_EXEC_7_68;531021.0;1236067.7176;0.41584259400413337;0.2667288978860257;0.030999920676133316;0.8316851880082667
S_PE_NSGAII_EXEC_8_8;717611.0;4031809.2083;0.15024820757114432;0.009072317555970124;0.10111562971750558;0.30049641514228864
S_PE_NSGAII_EXEC_8_9;717516.0;4086880.6259000003;0.1471459065255803;0.009203500229914898;0.10249679156876484;0.2942918130511606
S_PE_NSGAII_EXEC_8_14;715399.0;3661224.2331000017;0.18775280167762579;0.01212680255350527;0.09182155571865336;0.37550560335525157
S_PE_NSGAII_EXEC_8_15;714164.0;3632277.1887000017;0.20801448186644975;0.013832177314787326;0.09109557924711274;0.4160289637328995
S_PE_NSGAII_EXEC_8_19;712312.0;3526607.387700002;0.2288250083835173;0.016389549021584383;0.0884454368623386;0.4576500167670346
S_PE_NSGAII_EXEC_8_20;712228.0;3684545.429000001;0.16340468846766973;0.016505542122756605;0.09240643890318977;0.32680937693533946
S_PE_NSGAII_EXEC_8_22;711681.0;3886580.1772;0.14795963897344933;0.01726087815062809;0.0974733628903182;0.29591927794689865
S_PE_NSGAII_EXEC_8_24;711476.0;3302137.6020000014;0.21705909025895664;0.01754395655229839;0.08281585407184258;0.4341181805179133
S_PE_NSGAII_EXEC_8_25;709657.0;3456996.356500002;0.19414928822906352;0.02005575954077779;0.08669962923816266;0.38829857645812704
S_PE_NSGAII_EXEC_8_26;709009.0;3548396.4558000015;0.18666178388984486;0.02095056346410635;0.08899189509685859;0.3733235677796897
S_PE_NSGAII_EXEC_8_27;707493.0;3263423.7611000016;0.2186410047755339;0.023043962766214524;0.08184493154075452;0.4372820095510678
S_PE_NSGAII_EXEC_8_28;707364.0;3321370.7019000007;0.20639223677223947;0.023222095028729007;0.08329820998387447;0.41278447354447895
S_PE_NSGAII_EXEC_8_29;706764.0;3265653.029300001;0.21060615999919724;0.024050617179959155;0.08190084040107164;0.4212123199983945
S_PE_NSGAII_EXEC_8_30;706208.0;3188795.3353000013;0.2158107250459742;0.02481838104009909;0.079973290329643;0.4316214500919484
S_PE_NSGAII_EXEC_8_31;705823.0;3121052.401300001;0.22316356684449634;0.025350016087138435;0.07827433358927441;0.4463271336889927
S_PE_NSGAII_EXEC_8_32;705749.0;3598006.7098000012;0.16196618494687987;0.025452200485790156;0.09023609387078087;0.32393236989375973
S_PE_NSGAII_EXEC_8_33;705031.0;3501590.466200001;0.17780271969563857;0.026443665326762233;0.08781802578200809;0.35560543939127714
S_PE_NSGAII_EXEC_8_35;703839.0;3448163.379500001;0.18390650717556395;0.028089662667206125;0.08647810287481277;0.3678130143511279
S_PE_NSGAII_EXEC_8_36;703543.0;3423622.9842000008;0.189289505562879;0.028498400261813;0.08586264281803038;0.378579011125758
S_PE_NSGAII_EXEC_8_37;703421.0;3316489.8843000014;0.19203926563175958;0.02866686643256313;0.08317580167542966;0.38407853126351915
S_PE_NSGAII_EXEC_8_38;703036.0;3165753.2015000014;0.20041434193408852;0.029198501479602474;0.07939540587409248;0.40082868386817705
S_PE_NSGAII_EXEC_8_40;700429.0;3082126.7621000013;0.2096230994766869;0.03279843022669747;0.07729809926951502;0.4192461989533738
S_PE_NSGAII_EXEC_8_41;699526.0;3073091.5214000014;0.24038353731520745;0.03404535606429884;0.07707150024018869;0.4807670746304149
S_PE_NSGAII_EXEC_8_42;699171.0;3652993.2403000006;0.1571204612000074;0.03453556500377668;0.09161512679873844;0.3142409224000148
S_PE_NSGAII_EXEC_8_43;698812.0;3042659.1667000013;0.24937171608214384;0.03503129742426272;0.07630827297662121;0.4987434321642877
S_PE_NSGAII_EXEC_8_44;698631.0;3004033.819500001;0.26399546043380917;0.03528123493988381;0.0753395698204438;0.5279909208676183
S_PE_NSGAII_EXEC_8_45;697692.0;2946813.7361000013;0.2671012571106759;0.036577872106558995;0.07390452057417286;0.5342025142213518
S_PE_NSGAII_EXEC_8_46;696830.0;3137616.469600001;0.19595990697733545;0.037768182263826305;0.07868975160890447;0.3919198139546709
S_PE_NSGAII_EXEC_8_47;696122.0;3257885.5595;0.18119677713740975;0.03874583840227788;0.08170603639136753;0.3623935542748195
S_PE_NSGAII_EXEC_8_48;695844.0;3028038.3749000006;0.24598745594928112;0.03912972033234785;0.07594159129764141;0.49197491189856224
S_PE_NSGAII_EXEC_8_49;694620.0;3131368.6802000008;0.19772377135221358;0.040819905520857354;0.07853306037504777;0.39544754270442717
S_PE_NSGAII_EXEC_8_50;694195.0;2964745.7199000013;0.24544436155592483;0.04140677537797871;0.07435424518670869;0.49088872311184967
S_PE_NSGAII_EXEC_8_51;693505.0;3016617.169800001;0.23788173446847985;0.04235957585189338;0.07565515355067616;0.4757634689369597
S_PE_NSGAII_EXEC_8_53;691408.0;3046645.9405000014;0.22560316949120343;0.04525526077044275;0.07640825914226078;0.45120633898240686
S_PE_NSGAII_EXEC_8_54;691011.0;2984755.103;0.23208428325904376;0.045803466260506694;0.07485606986835534;0.4641685665180875
S_PE_NSGAII_EXEC_8_55;690459.0;2907617.6728000008;0.2355804506729256;0.04656570663963843;0.07292150416187147;0.4711609013458512
S_PE_NSGAII_EXEC_8_56;690072.0;3121799.198600001;0.19600194166988474;0.04710010342718188;0.0782930628682059;0.3920038833397695
S_PE_NSGAII_EXEC_8_57;689916.0;3229748.8276000004;0.1761663657301981;0.04731551918650172;0.08100038212617955;0.3523327314603962
S_PE_NSGAII_EXEC_8_58;687928.0;2735420.611500001;0.29919029071122155;0.05006068924757761;0.06860289348629464;0.5983805814224431
S_PE_NSGAII_EXEC_8_59;687040.0;2797580.7203000006;0.2512641804658261;0.05128690203139823;0.07016183594113139;0.5025283609316522
S_PE_NSGAII_EXEC_8_60;685065.0;2905891.4540000013;0.223170273046107;0.05401412077919747;0.07287821151284611;0.446340546092214
S_PE_NSGAII_EXEC_8_61;684751.0;3230638.9120000005;0.17207724488054313;0.05444771403834124;0.0810227049693395;0.34415448976108626
S_PE_NSGAII_EXEC_8_62;684253.0;2879480.9409000003;0.23210054675955347;0.055135387423862266;0.07221584989668346;0.46420109351910693
S_PE_NSGAII_EXEC_8_63;681880.0;2708441.7148000007;0.2919425915253711;0.058412192531977505;0.06792627711186695;0.5838851830507422
S_PE_NSGAII_EXEC_8_64;681231.0;2852226.156900001;0.24237745206295155;0.05930837732555811;0.07153231441556468;0.4847549041259031
S_PE_NSGAII_EXEC_8_65;680737.0;2391540.5412000003;0.37559570143661225;0.059990527230070936;0.05997856429331032;0.7511914028732245
S_PE_NSGAII_EXEC_8_66;680489.0;3046587.3830000004;0.2209185831384118;0.0603329830525794;0.07640679055131777;0.4418371662768236
S_PE_NSGAII_EXEC_8_67;679256.0;2924808.8841000004;0.2123237904400088;0.06203559607335735;0.07335265059425415;0.4246475808800176
S_PE_NSGAII_EXEC_8_68;678859.0;2877754.722100001;0.21943559811339375;0.0625838015634213;0.07217255724765811;0.4388711962267875
S_PE_NSGAII_EXEC_8_69;676348.0;2743658.1650000005;0.27907592397104575;0.06605116676631947;0.06880948694507472;0.5581518479420915
S_PE_NSGAII_EXEC_8_70;675122.0;2683715.925800001;0.2923337879984235;0.06774411369533308;0.06730616747973202;0.584667575996847
S_PE_NSGAII_EXEC_8_71;674264.0;2766632.374100001;0.26920833247407905;0.06892890037159219;0.06938566788529031;0.5384166649481581
S_PE_NSGAII_EXEC_8_72;673050.0;2896672.152200001;0.20836148862357518;0.07060527685758118;0.07264699632906617;0.41672297724715035
S_PE_NSGAII_EXEC_8_74;667232.0;1949790.2164000003;0.41522588876572664;0.07863917998400952;0.04889970119182475;0.8304517775314533
S_PE_NSGAII_EXEC_8_75;663090.0;2082963.7943000002;0.3880340523989741;0.08435874456800165;0.05223962366716669;0.7760681047979482
S_PE_NSGAII_EXEC_8_78;656129.0;1552725.9915000005;0.4380796558122791;0.09397098239252341;0.03894154169945492;0.8761593116245582
S_PE_NSGAII_EXEC_8_80;655447.0;1770551.5163000003;0.4104086136459959;0.09491273590442169;0.044404489961826964;0.8208172272919918
S_PE_NSGAII_EXEC_8_82;653916.0;1534241.4467000004;0.42895556741459795;0.09702684826031062;0.038477959151043226;0.8579111348291959
S_PE_NSGAII_EXEC_8_83;652995.0;1373471.1133999997;0.4453332401925766;0.0982986297624489;0.03444592473382503;0.8906664803851532
S_PE_NSGAII_EXEC_8_84;651859.0;1601029.3684999999;0.42530593543694994;0.09986729836877797;0.040152964693574336;0.8506118708738999
S_PE_NSGAII_EXEC_8_85;651750.0;1339542.7923999997;0.4477662445102832;0.10001781322625145;0.03359502049557136;0.8955324890205664
S_PE_NSGAII_EXEC_8_86;651491.0;1371518.0323999997;0.4402463794492086;0.10037545862153247;0.03439694250153146;0.8804927588984172
S_PE_NSGAII_EXEC_8_87;650172.0;1315720.9438999998;0.45012119235831716;0.10219682648398674;0.03299758121021188;0.9002423847166343
S_PE_NSGAII_EXEC_8_88;649055.0;1307591.8075999997;0.45239930269852324;0.10373925855552686;0.03279370679712165;0.9047986053970465
S_PE_NSGAII_EXEC_8_90;647537.0;1352460.7239999997;0.4428115461684468;0.10583541959813914;0.03391899534678522;0.8856230923368936
S_PE_NSGAII_EXEC_8_91;644764.0;1617154.5578999997;0.4209732671928803;0.10966457280707448;0.04055737586390908;0.8419465343857606
S_PE_NSGAII_EXEC_8_92;644103.0;1526805.6368999996;0.4268349373453352;0.11057732804367969;0.038291472997670974;0.8536698746906703
S_PE_NSGAII_EXEC_8_93;642609.0;1255156.5845;0.45640078239790294;0.11264034820024275;0.031478659301268065;0.9128015647958059
S_PE_NSGAII_EXEC_8_94;639746.0;1441035.8484999998;0.4347460140073893;0.11659377973186262;0.03614041234059688;0.8694920280147787
S_PE_NSGAII_EXEC_8_95;639021.0;1689771.9230999998;0.40701999746174267;0.11759491066459904;0.04237858074520855;0.8140399949234853
S_PE_NSGAII_EXEC_8_97;637728.0;1187098.7718999996;0.4583380194658118;0.11938037590050002;0.029771805573150633;0.9166760389316236
S_PE_NSGAII_EXEC_8_98;634318.0;1116772.4680999997;0.45921699999463517;0.12408914345999135;0.028008059292745673;0.9184339999892703
S_PE_NSGAII_EXEC_8_100;630934.0;1085801.0271999997;0.46704261903513783;0.1287620083929294;0.027231312034116713;0.9340852380702757
S_PE_NSGAII_EXEC_8_102;625685.0;997494.5652999999;0.4643915866981853;0.13601019634594114;0.025016632955364288;0.9287831733963706
S_PE_NSGAII_EXEC_8_103;622643.0;949064.1192999999;0.46907305144255024;0.140210803652678;0.023802023138335154;0.9381461028851005
S_PE_NSGAII_EXEC_8_104;622242.0;2276976.7553000003;0.3273488492456854;0.14076453262375013;0.05710536549951511;0.6546976984913708
S_PE_NSGAII_EXEC_8_106;609557.0;2190298.2183999997;0.3224713162797453;0.15828087177100753;0.05493151391358375;0.6449426325594906
S_PE_NSGAII_EXEC_8_107;604929.0;1355109.4888000002;0.42682772861505286;0.16467153929749606;0.03398542495862653;0.8536554572301057
S_PE_NSGAII_EXEC_8_109;588985.0;1530670.7355;0.40433217037837355;0.18668813459618522;0.03838840761403495;0.8086643407567471
S_PE_NSGAII_EXEC_8_116;573419.0;2104207.7942;0.31379056208741346;0.20818276093959937;0.052772411881248094;0.6275811241748269
S_PE_NSGAII_EXEC_9_1;720500.0;4915135.918300002;0.1455208071725429;0.0050829833977969596;0.12326899360785776;0.2910416143450858
S_PE_NSGAII_EXEC_9_2;720442.0;4982998.673;0.1455141062760015;0.005163073872415874;0.12497095538762866;0.291028212552003
S_PE_NSGAII_EXEC_9_3;720380.0;5040847.718700002;0.1455110329104934;0.005248687828042989;0.12642177867372825;0.2910220658209868
S_PE_NSGAII_EXEC_9_4;719986.0;4798421.9240000015;0.1455142796059252;0.005792750707350787;0.12034186873146362;0.2910285592118504
S_PE_NSGAII_EXEC_9_23;711868.0;3477282.5721000005;0.20934080134194633;0.017002655413494692;0.08720839673161353;0.41868160268389265
S_PE_NSGAII_EXEC_9_34;703752.0;3683345.6035000016;0.16189954835529302;0.0282097983791345;0.09237634791804747;0.32379909671058604
S_PE_NSGAII_EXEC_9_35;703439.0;3578167.968400001;0.16719732980146926;0.028642010768026225;0.08973854879217592;0.3343946596029385
S_PE_NSGAII_EXEC_9_36;703123.0;3360716.908400001;0.17481569019078605;0.029078365767674103;0.08428499190774434;0.3496313803815721
S_PE_NSGAII_EXEC_9_37;702038.0;3317420.9117000015;0.18453037053753568;0.030576609991148623;0.08319915134724484;0.36906074107507136
S_PE_NSGAII_EXEC_9_38;699431.0;3233794.472300002;0.19459870143042945;0.03417653873824362;0.08110184474266739;0.3891974028608589
S_PE_NSGAII_EXEC_9_39;698504.0;3189204.9145000014;0.1987301819310209;0.03545660546189419;0.07998356235805197;0.3974603638620418
S_PE_NSGAII_EXEC_9_40;697969.0;3528323.965700002;0.1726054058061064;0.03619537104674108;0.08848848772522962;0.3452108116122128
S_PE_NSGAII_EXEC_9_41;696954.0;3406681.5573000014;0.1631849619053712;0.03759695435257208;0.08543776084549556;0.3263699238107424
S_PE_NSGAII_EXEC_9_43;695832.0;3289284.179800001;0.17983069884285277;0.039146290775372454;0.08249349708205685;0.35966139768570554
S_PE_NSGAII_EXEC_9_44;692435.0;3602898.7345000003;0.16000531412695487;0.04383710702158714;0.09035878324733065;0.32001062825390975
S_PE_NSGAII_EXEC_9_46;691319.0;3056898.397700002;0.22019185845314265;0.04537815822287522;0.07666538531375612;0.4403837169062853
S_PE_NSGAII_EXEC_9_47;690438.0;3208449.828100001;0.1766490746163044;0.046594704914931485;0.08046621455139409;0.3532981492326088
S_PE_NSGAII_EXEC_9_49;688525.0;3183673.2371000005;0.19102854193077334;0.04923630970710361;0.07984483083212963;0.3820570838615467
S_PE_NSGAII_EXEC_9_53;683680.0;3139768.2235000012;0.1774939722848451;0.05592662607828706;0.07874371645182109;0.3549879445696902
S_PE_NSGAII_EXEC_9_55;679712.0;3071910.0658000014;0.1968809597101412;0.06140591923842244;0.0770418699623642;0.3937619194202824
S_PE_NSGAII_EXEC_9_56;676962.0;3192360.0274000005;0.17006765594060747;0.06520331243156062;0.08006269091082586;0.34013531188121493
S_PE_NSGAII_EXEC_9_68;660364.0;2851512.6694000014;0.22621756807101617;0.08812299687509062;0.07151442052869386;0.45243513614203235
S_PE_NSGAII_EXEC_9_70;657415.0;1554592.4995999997;0.43798146531667986;0.0921951832483868;0.03898835272947978;0.8759629306333597
S_PE_NSGAII_EXEC_9_83;640450.0;1394240.7497999996;0.4363408791222864;0.11562164707441924;0.0349668161637236;0.8726817582445728
S_PE_NSGAII_EXEC_9_90;630151.0;1426770.1105000002;0.4309771552063494;0.12984322980028473;0.03578263522200571;0.8619543104126988
S_PE_NSGAII_EXEC_9_104;610269.0;2157793.5125;0.3393986830835395;0.15729769215154774;0.05411631318456746;0.678797366167079
S_PE_NSGAII_EXEC_9_126;559082.0;0.0;0.45235087901654963;0.22798029774324374;0.0;0.9047017580330993
S_PE_NSGAII_EXEC_10_6;717886.0;5880543.7782000005;0.14542731265316972;0.008692578236656305;0.14748090906433792;0.29085462530633943
S_PE_NSGAII_EXEC_10_60;586417.0;249576.5537;0.4845691189326396;0.19023420940345023;0.006259247173241381;0.9691382378652792
S_PE_NSGAII_EXEC_10_61;585177.0;190917.55069999996;0.4833830525416736;0.19194648851599255;0.004788110589016211;0.9667661050833471
S_PE_NSGAII_EXEC_10_62;584210.0;159003.61949999997;0.4821334702451841;0.19328179004972515;0.003987726175139195;0.9642669404903682
S_PE_NSGAII_EXEC_10_63;583484.0;0.0;0.4748577926036807;0.19428430185271361;0.0;0.9497155852073614
S_PE_NSGAII_EXEC_10_65;575514.0;2068704.3141000003;0.3276597274605206;0.2052898377615541;0.051882003490869896;0.6553194549210412
S_PE_NSGAII_EXEC_10_66;573506.0;1306103.0448999996;0.4263928837581501;0.208062625227671;0.032756369420739714;0.8527857675163002
S_PE_NSGAII_EXEC_10_67;572577.0;1672806.2935;0.3821512606121847;0.20934545369182567;0.041953091781835386;0.7643025212243694
S_PE_NSGAII_EXEC_10_70;567556.0;1654440.5065;0.3772685790348979;0.21627880322736995;0.04149248761585958;0.7545371580697958
S_PE_NSGAII_EXEC_10_71;567461.0;1303480.8701999998;0.4142928313205236;0.21640998590131472;0.03269060667445848;0.8285856626410472
S_PE_NSGAII_EXEC_10_74;560509.0;1587672.8381999996;0.3708821986279405;0.22600979589356804;0.03981799002033206;0.741764397255881
S_PE_NSGAII_EXEC_10_77;544468.0;0.0;0.437583320101288;0.24816033560670606;0.0;0.875166640202576
S_PE_NSGAII_EXEC_10_81;536978.0;0.0;0.4285072711041733;0.2585030537945624;0.0;0.8570145422083466
S_PE_NSGAII_EXEC_10_82;532656.0;0.0;0.4225613303264011;0.2644711750239236;0.0;0.8451226606528022
S_PE_NSGAII_EXEC_10_83;530120.0;0.0;0.41961309005571934;0.267973061983123;0.0;0.8392261801114387
S_PE_NSGAII_EXEC_11_1;719909.0;8399342.788799997;0.14542355401045778;0.005899077716758656;0.21065104805909404;0.29084710802091557
S_PE_NSGAII_EXEC_11_3;719827.0;7879758.906700002;0.14542311401649022;0.006012309077426776;0.19762016075384883;0.29084622803298044
S_PE_NSGAII_EXEC_11_4;719535.0;8075308.753399999;0.1454216359233817;0.006415523191025448;0.20252444686181403;0.2908432718467634
S_PE_NSGAII_EXEC_11_5;718982.0;7923695.543700001;0.14541921626687646;0.007179144440409234;0.19872206823220337;0.2908384325337529
S_PE_NSGAII_EXEC_11_12;717646.0;8174820.008799997;0.14540646140822222;0.009023987097148365;0.20502013619975099;0.29081292281644444
S_PE_NSGAII_EXEC_11_15;716102.0;8322122.9547;0.145406105860666;0.011156050766313947;0.2087144157066433;0.290812211721332
S_PE_NSGAII_EXEC_11_92;552089.0;0.0;0.445885536136623;0.2376367234158311;0.0;0.891771072273246
S_PE_NSGAII_EXEC_11_96;540720.0;0.0;0.43464626072875184;0.25333583731139037;0.0;0.8692925214575037
S_PE_NSGAII_EXEC_11_99;533338.0;0.0;0.42530151760625606;0.2635294215120253;0.0;0.8506030352125121
S_PE_NSGAII_EXEC_12_1;720641.0;5609638.3333;0.14543676405554365;0.004888280692257874;0.14068674464837969;0.2908735281110873
S_PE_NSGAII_EXEC_12_2;720582.0;6034415.027400001;0.14543389740634785;0.004969752037128839;0.1513399181231613;0.2908677948126957
S_PE_NSGAII_EXEC_12_3;720322.0;5819499.199400002;0.14543296780181114;0.0053287783026619035;0.14594994350835508;0.2908659356036223
S_PE_NSGAII_EXEC_12_4;719783.0;6060375.576599999;0.14542895026729818;0.006073067368516987;0.15199099488412662;0.29085790053459637
S_PE_NSGAII_EXEC_12_66;583554.0;0.0;0.47520022358746994;0.1941876409350701;0.0;0.9504004471749399
S_PE_NSGAII_EXEC_12_73;571155.0;1719593.1942000005;0.3777428714888921;0.21130905119024113;0.04312648235723062;0.7554857429777841
S_PE_NSGAII_EXEC_12_75;568369.0;1584723.0859000003;0.3869567816632794;0.2151561557124531;0.03974401180213883;0.7739135633265588
S_PE_NSGAII_EXEC_12_76;567269.0;1484041.5792999999;0.39155040622765;0.21667511298970837;0.03721897318676774;0.7831008124553
S_PE_NSGAII_EXEC_12_79;562567.0;1581068.7794000003;0.3828819370631437;0.22316796491484864;0.03965236373948557;0.7657638741262874
S_PE_NSGAII_EXEC_12_80;558422.0;1358707.2878000005;0.41336719168367725;0.2288916721095969;0.03407565584324605;0.8267343833673545
S_PE_NSGAII_EXEC_12_97;524385.0;1647860.0927000004;0.35839892069315354;0.2758923528786312;0.04132745433903216;0.7167978413863071
S_PE_NSGAII_EXEC_13_1;720599.0;5406016.9860999985;0.14543585827595243;0.004946277242843985;0.13558002960252155;0.29087171655190486
S_PE_NSGAII_EXEC_13_2;720138.0;5140674.310899999;0.14544174026380632;0.005582858429039149;0.12892537649082622;0.29088348052761265
S_PE_NSGAII_EXEC_13_19;710560.0;3606567.7301;0.1822023160080018;0.018808833703176417;0.09045079970479619;0.3644046320160036
S_PE_NSGAII_EXEC_13_27;704805.0;3570897.5277;0.16980456293975918;0.02675574200372559;0.08955621000784283;0.33960912587951836
S_PE_NSGAII_EXEC_13_37;698599.0;3535743.1646000007;0.17295703490501496;0.03532542278794942;0.08867455728606806;0.3459140698100299
S_PE_NSGAII_EXEC_13_45;692446.0;3072156.935400001;0.2300181503355059;0.04382191744881459;0.07704806132057893;0.4600363006710118
S_PE_NSGAII_EXEC_13_46;691894.0;3040858.5237000007;0.23361496860150083;0.04458415782794633;0.0762631138082591;0.46722993720300166
S_PE_NSGAII_EXEC_13_49;690635.0;3241810.6607000013;0.18786086715166966;0.04632267347527759;0.08130288648252242;0.3757217343033393
S_PE_NSGAII_EXEC_13_53;686873.0;3041171.1162000005;0.22443957465425665;0.05151750736349062;0.07627095346183631;0.4488791493085133
S_PE_NSGAII_EXEC_13_57;682747.0;2697864.621300001;0.37873776410461635;0.057214978023449936;0.06766100923469864;0.7574755282092327
S_PE_NSGAII_EXEC_13_65;676696.0;2832536.452200001;0.24996079032636948;0.06557062391860598;0.07103850709809696;0.49992158065273895
S_PE_NSGAII_EXEC_13_66;676144.0;2795889.934500001;0.2530936571623978;0.06633286429773771;0.070119431932893;0.5061873143247956
S_PE_NSGAII_EXEC_13_71;670237.0;2842549.7134000007;0.24390722118435088;0.07448966487659853;0.0712896343611826;0.48781444236870175
S_PE_NSGAII_EXEC_13_72;669938.0;2828851.789500001;0.25001078370504815;0.07490254508196155;0.07094609771809948;0.5000215674100963
S_PE_NSGAII_EXEC_13_75;664155.0;3019755.454700001;0.19804496637223085;0.08288811774956813;0.07573386006616384;0.3960899327444617
S_PE_NSGAII_EXEC_13_80;651049.0;1560705.595;0.42501272118650885;0.10098580327293867;0.03914166590948386;0.8500254423730177
S_PE_NSGAII_EXEC_13_96;627892.0;963027.0276999997;0.48182342754545154;0.13296261569966625;0.024152205451686518;0.9636468550909031
S_PE_NSGAII_EXEC_13_100;621616.0;1591965.9692000002;0.41810335439265806;0.14162895740153358;0.03992565946154251;0.8362067087853161
S_PE_NSGAII_EXEC_13_112;599797.0;2390875.419;0.30968589987703593;0.17175816543101793;0.059961883382429505;0.6193717997540719
S_PE_NSGAII_EXEC_13_124;567677.0;2091116.1234999998;0.3081908044533348;0.21611171792687187;0.05244407974584853;0.6163816089066696
S_PE_NSGAII_EXEC_13_134;538609.0;1750138.4979999994;0.3009826249939494;0.25625085441346845;0.04389254232412864;0.6019652499878988
S_PE_NSGAII_EXEC_13_140;534845.0;1793129.6323999998;0.29219170689443946;0.2614484500421856;0.044970737100353896;0.5843834137888789
S_PE_NSGAII_EXEC_14_13;717156.0;4857374.211700003;0.14542717141004402;0.009700613520652986;0.12182036073991523;0.29085434282008804
S_PE_NSGAII_EXEC_14_58;677902.0;2299327.9247999997;0.3829012032799684;0.06390529439463338;0.05766592093806675;0.7658024065599368
S_PE_NSGAII_EXEC_14_61;676302.0;2611751.6906000003;0.36362122740229574;0.06611468679791378;0.06550134275131812;0.7272424548045915
S_PE_NSGAII_EXEC_14_70;669419.0;2060126.5704000003;0.40260941012382157;0.07561921674277564;0.05166687824288065;0.8052188202476431
S_PE_NSGAII_EXEC_14_71;667264.0;2033295.4200000006;0.4135846449138584;0.07859499213594391;0.05099396726704481;0.8271692898277168
S_PE_NSGAII_EXEC_14_74;665414.0;2449443.4383000005;0.3335778749273594;0.08114960210223687;0.061430738143868874;0.6671557498547188
S_PE_NSGAII_EXEC_14_78;660239.0;2344048.6772000003;0.35390432610083633;0.0882956056565969;0.058787493613444756;0.7078086522016727
S_PE_NSGAII_EXEC_14_84;650894.0;2171303.7037000004;0.3587307583573367;0.10119983816200646;0.054455141591422535;0.7174615167146734
S_PE_NSGAII_EXEC_14_88;646877.0;1456218.1164999998;0.43637696201491577;0.1067467939644923;0.03652117554392495;0.8727539240298315
S_PE_NSGAII_EXEC_14_89;646794.0;2162077.7939000004;0.34300532197534317;0.10686140619541247;0.05422376068251855;0.6860106439506863
S_PE_NSGAII_EXEC_14_90;646353.0;2450086.5071;0.3199499325042608;0.10747036997656663;0.06144686596721175;0.6398998650085216
S_PE_NSGAII_EXEC_14_93;644803.0;1696173.0267000003;0.4074696163248195;0.10961071886724451;0.04253911701762655;0.814939232649639
S_PE_NSGAII_EXEC_14_94;643977.0;1156627.8158000002;0.46068546944937744;0.11075131769543801;0.029007610207010023;0.9213709388987549
S_PE_NSGAII_EXEC_14_95;642404.0;1479445.4668000003;0.423850352425719;0.11292342660191305;0.03710370513074634;0.847700704851438
S_PE_NSGAII_EXEC_14_96;641394.0;1441728.6737000002;0.4206048729369564;0.1143181055564838;0.036157788027977616;0.8412097458739128
S_PE_NSGAII_EXEC_14_97;640385.0;1188947.1634000002;0.46042115332411554;0.11571140364080251;0.029818162248486928;0.9208423066482311
S_PE_NSGAII_EXEC_14_99;637861.0;1071907.1712;0.4694558721351209;0.11919672015697733;0.026882861518216266;0.9389117442702418
S_PE_NSGAII_EXEC_14_100;636935.0;1891238.0039000004;0.385882424086193;0.12047540601037586;0.04743124285651898;0.771764848172386
S_PE_NSGAII_EXEC_14_102;635993.0;1055403.9955999998;0.4692318585069308;0.12177618578780719;0.026468970655102682;0.9384637170138616
S_PE_NSGAII_EXEC_14_103;634775.0;1017935.8232999999;0.47025231521921;0.1234580857548044;0.025529288829712945;0.94050463043842
S_PE_NSGAII_EXEC_14_104;634582.0;1347758.1538000002;0.43553287985396244;0.12372459371345008;0.03380105738829134;0.8710657597079249
S_PE_NSGAII_EXEC_14_105;634468.0;1015436.3343999999;0.46829242432657187;0.12388201292218382;0.025466602978017602;0.9365848486531437
S_PE_NSGAII_EXEC_14_107;628651.0;1627732.8794000004;0.39968678111843664;0.1319145351783601;0.04082267453866403;0.7993735622368733
S_PE_NSGAII_EXEC_14_109;619988.0;1142601.9208000004;0.44821532370636047;0.1438770141718714;0.028655848223244282;0.8964306474127209
S_PE_NSGAII_EXEC_14_110;616815.0;1349780.5515000005;0.4349301384644628;0.14825851548162683;0.0338517780465392;0.8698602769289256
S_PE_NSGAII_EXEC_14_112;614038.0;1233325.3202000004;0.4336687820584728;0.15209319217157036;0.030931142808503627;0.8673375641169456
S_PE_NSGAII_EXEC_14_113;610326.0;2469964.929299999;0.29253479286864703;0.1572189825471809;0.061945406219167484;0.5850695857372941
S_PE_NSGAII_EXEC_14_116;599670.0;2381924.1679999996;0.2753171982145851;0.17193353595302832;0.059737390770090305;0.5506343964291702
S_PE_NSGAII_EXEC_14_117;594878.0;2303165.7374;0.27675224101800533;0.1785506662008531;0.05776217123606893;0.5535044820360107
S_PE_NSGAII_EXEC_14_123;575220.0;1718126.6667;0.38803028306609527;0.20569581361565686;0.043089702627833876;0.7760605661321905
S_PE_NSGAII_EXEC_14_124;574189.0;2202429.2813999993;0.2763158290169557;0.20711949084552067;0.055235754518983056;0.5526316580339115
S_PE_NSGAII_EXEC_14_125;569397.0;2123670.850799999;0.27794632682250664;0.21373662109334546;0.05326053498496167;0.5558926536450133
S_PE_NSGAII_EXEC_14_127;567385.0;2069248.6020999996;0.30710018593337834;0.21651493204047054;0.0518956539443076;0.6142003718667567
S_PE_NSGAII_EXEC_14_128;565881.0;2038668.9222999995;0.2929470619635615;0.21859176089955412;0.05112873184562018;0.585894123927123
S_PE_NSGAII_EXEC_14_129;562639.0;2075582.0627999993;0.2782412240452702;0.22306854225670103;0.0520544937687847;0.5564824480905404
S_PE_NSGAII_EXEC_14_137;546355.0;2027256.8444999992;0.2880429377339079;0.24555463344108724;0.05084252300648249;0.5760858754678158
S_PE_NSGAII_EXEC_14_139;543122.0;2270290.7807999994;0.27090166827488726;0.2500189869659657;0.05693768481649791;0.5418033365497745
S_PE_NSGAII_EXEC_14_143;533520.0;1969252.7890999995;0.2870553827782497;0.2632781031261522;0.049387812159583794;0.5741107655564994
S_PE_NSGAII_EXEC_14_150;520080.0;1938726.914399999;0.2806012831602192;0.2818369993137075;0.048622239464175994;0.5612025663204384
S_PE_NSGAII_EXEC_14_152;516380.0;2123302.079899999;0.27463740487618166;0.2869462192462934;0.0532512864070036;0.5492748097523633
S_PE_NSGAII_EXEC_14_153;515979.0;2019192.5870999992;0.2753092966138706;0.2874999482173656;0.050640275721683795;0.5506185932277412
S_PE_NSGAII_EXEC_15_5;718495.0;4173032.768299999;0.14831143968561428;0.007851628253157704;0.10465744146071775;0.29662287937122855
S_PE_NSGAII_EXEC_15_7;715114.0;3696875.1492;0.1769391794360792;0.01252035057533959;0.09271566172546444;0.3538783588721584
S_PE_NSGAII_EXEC_15_9;713106.0;4082959.268899999;0.14775568222860985;0.015293138041456487;0.10239844602166256;0.2955113644572197
S_PE_NSGAII_EXEC_15_13;711137.0;3428858.1626999993;0.21600032913267175;0.018012071567743423;0.08599393830930044;0.4320006582653435
S_PE_NSGAII_EXEC_15_17;710637.0;3628782.175399999;0.17993914685154477;0.018702506693768547;0.09100792617315942;0.35987829370308955
S_PE_NSGAII_EXEC_15_18;710358.0;3605057.306199999;0.1811482907655634;0.019087769494090565;0.09041291907704363;0.3622965815311268
S_PE_NSGAII_EXEC_15_21;707173.0;3827474.825299999;0.1538040483925334;0.023485841246870604;0.0959910321131723;0.3076080967850668
S_PE_NSGAII_EXEC_15_27;703879.0;3480926.957799999;0.18781842006112615;0.028034427857124115;0.08729979598588138;0.3756368401222523
S_PE_NSGAII_EXEC_15_35;699368.0;3044512.7049000016;0.27158664819543676;0.03426353356412278;0.07635475872845505;0.5431732963908735
S_PE_NSGAII_EXEC_15_36;699179.0;3582159.1796000013;0.1625171742052907;0.03452451804176028;0.08983864624544648;0.3250343484105814
S_PE_NSGAII_EXEC_15_43;695662.0;3040991.8769000014;0.24532297108702505;0.039381038718221;0.07626645823556116;0.4906459421740501
S_PE_NSGAII_EXEC_15_47;693273.0;3438135.441700001;0.16197897095433111;0.04267993775036904;0.08622660753040817;0.32395794190866223
S_PE_NSGAII_EXEC_15_54;687940.0;2903020.5380000016;0.27642579119457816;0.050044118804553006;0.07280621046711001;0.5528515823891563
S_PE_NSGAII_EXEC_15_55;687248.0;3119381.062500001;0.20807020898540138;0.050999681018971774;0.07823241730144873;0.41614041797080276
S_PE_NSGAII_EXEC_15_57;685884.0;3028282.6030000015;0.22162495909695115;0.052883188042768314;0.07594771640844167;0.4432499181939023
S_PE_NSGAII_EXEC_15_58;685197.0;3012897.6270000017;0.22840579953189502;0.05383184590592683;0.07556186939632954;0.45681159906379004
S_PE_NSGAII_EXEC_15_68;672553.0;2725163.7032;0.28627833315167595;0.07129156937285015;0.0683456556835796;0.5725566663033519
S_PE_NSGAII_EXEC_15_72;670532.0;2756648.0820000013;0.2608244019516814;0.0740823081522437;0.06913526715181893;0.5216488039033628
S_PE_NSGAII_EXEC_15_73;670149.0;2671374.3227999997;0.30766011524622505;0.07461118145877896;0.06699664664315584;0.6153202304924501
S_PE_NSGAII_EXEC_15_75;667141.0;2639795.8110999996;0.29320258235302993;0.0787648391769461;0.06620467437187035;0.5864051647060599
S_PE_NSGAII_EXEC_15_77;665383.0;2695981.5598;0.2845637429708004;0.08119240908005043;0.0676137830542094;0.5691274859416008
S_PE_NSGAII_EXEC_15_78;664335.0;2699451.5226999996;0.25991908043873485;0.0826395611041991;0.06770080787745934;0.5198381608774697
S_PE_NSGAII_EXEC_15_80;662308.0;2627086.5371999997;0.2820589677270435;0.08543858510510494;0.06588593254475085;0.564117935454087
S_PE_NSGAII_EXEC_15_81;660854.0;1939478.0699;0.40647465471370325;0.087446370451586;0.048641078044444626;0.8129493094274065
S_PE_NSGAII_EXEC_15_82;659150.0;1705582.2709;0.436154320853497;0.08979937336107963;0.04277509585573479;0.872308641706994
S_PE_NSGAII_EXEC_15_83;659037.0;2564776.0631;0.29519102692273913;0.0899554116995613;0.06432321900819578;0.5903820538454783
S_PE_NSGAII_EXEC_15_86;651703.0;2662043.7745000003;0.2636106844483909;0.10008271412809781;0.06676264145634744;0.5272213688967818
S_PE_NSGAII_EXEC_15_101;634719.0;1967488.0534999997;0.37893869993791146;0.1235354144889192;0.049343553529708276;0.7578773998758229
S_PE_NSGAII_EXEC_15_110;610598.0;2003043.1457000002;0.3705441740670783;0.15684338583862323;0.05023525632409296;0.7410883481341566
S_PE_NSGAII_EXEC_15_119;587791.0;253687.7982;0.4866593240431607;0.18833689367713322;0.006362354997809155;0.9733186480863214
S_PE_NSGAII_EXEC_15_121;585698.0;186596.8491;0.48615448942598205;0.19122705511467436;0.004679749691827416;0.9723089788519641
S_PE_NSGAII_EXEC_15_130;569637.0;1185161.4262;0.4242053214616538;0.2134052122328534;0.02972321797380871;0.8484106429233076
S_PE_NSGAII_EXEC_15_133;566363.0;1850284.4451;0.35709965378814795;0.21792618143806589;0.04640414939219779;0.7141993075762959
S_PE_NSGAII_EXEC_15_135;560545.0;1241257.2012000005;0.41488698565486937;0.22596008456449423;0.031130070163624558;0.8297739713097387
S_PE_NSGAII_EXEC_15_138;551877.0;1115951.8442000002;0.43643732158722004;0.23792946790926578;0.027987478481967507;0.8728746431744401
S_PE_NSGAII_EXEC_15_140;546841.0;1092368.0407;0.4331774436240946;0.24488353049859082;0.027396009238550127;0.8663548872481892
S_PE_NSGAII_EXEC_15_142;540957.0;1027430.6648000001;0.42744732786054623;0.2530085710616545;0.025767414402560983;0.8548946557210925
S_PE_NSGAII_EXEC_15_143;538832.0;1199150.7727000003;0.41827248520058746;0.25594292034726124;0.030074063340641024;0.8365449704011749
S_PE_NSGAII_EXEC_15_144;535921.0;1003846.8613000002;0.42465695005051285;0.25996263365097955;0.02517594515914361;0.8493139001010257
S_PE_NSGAII_EXEC_15_148;525713.0;1440765.0524000004;0.3763474601398892;0.2740585571839084;0.03613362091849285;0.7526949202797784
S_PE_NSGAII_EXEC_15_151;512855.0;1286332.8203000003;0.39375947933270833;0.2918137868847705;0.03226054270702269;0.7875189586654167
S_PE_NSGAII_EXEC_16_70;655985.0;1505184.9092;0.45472064399546164;0.09416982770881865;0.037749236650813194;0.9094412879909233
S_PE_NSGAII_EXEC_16_71;654989.0;2050795.654;0.3897520625439711;0.0955451744798607;0.051432863824320094;0.7795041250879422
S_PE_NSGAII_EXEC_16_74;654193.0;1657523.9192;0.429060492616415;0.0966443472004927;0.04156981796576741;0.85812098523283
S_PE_NSGAII_EXEC_16_78;647911.0;1304829.3632000003;0.4565665607212694;0.10531897412387235;0.032724426161398486;0.9131331214425388
S_PE_NSGAII_EXEC_16_87;641667.0;1265090.3883999998;0.45179587785960484;0.11394112797767408;0.03172779381754697;0.9035917557192097
S_PE_NSGAII_EXEC_16_89;639079.0;1801256.9025;0.39758384890022613;0.11751482018998013;0.04517456471014109;0.7951676978004523
S_PE_NSGAII_EXEC_16_90;638740.0;1271438.6319999998;0.45129486861153617;0.11798293520542516;0.031887004389290464;0.9025897372230723
S_PE_NSGAII_EXEC_16_94;630465.0;1084799.2023999998;0.46605038983098973;0.12940963654114096;0.02720618680117909;0.9321007796619795
S_PE_NSGAII_EXEC_16_97;623149.0;1317571.3317000002;0.44094597416233966;0.13951208330514056;0.03304398795168999;0.8818919483246793
S_PE_NSGAII_EXEC_16_99;621811.0;1087507.6794;0.46007477800204616;0.1413596877023838;0.027274113963225002;0.9201495560040923
S_PE_NSGAII_EXEC_16_110;594934.0;2083006.2633000005;0.34508937912589577;0.1784733374667383;0.05224068876708999;0.6901787582517915
S_PE_NSGAII_EXEC_16_120;580291.0;1492456.2439000001;0.4160791499252891;0.19869342056751005;0.03743000849769938;0.8321582998505782
S_PE_NSGAII_EXEC_16_122;577923.0;1455229.7850000006;0.40022196461869447;0.20196332132436504;0.03649638871577189;0.8004439292373889
S_PE_NSGAII_EXEC_16_128;568290.0;1350764.3238000004;0.4197472152992393;0.21526524446236509;0.03387645053238211;0.8394944305984786
S_PE_NSGAII_EXEC_17_2;716311.0;3720460.1272;0.17226716428405697;0.010867448883635444;0.0933071604247169;0.34453432856811395
S_PE_NSGAII_EXEC_17_3;714013.0;3654880.126599998;0.1769690095078481;0.014040688722846913;0.09166244890317653;0.3539380190156962
S_PE_NSGAII_EXEC_17_4;713485.0;3580903.729699999;0.19563251699226816;0.014769788215929443;0.08980716022994847;0.3912650339845363
S_PE_NSGAII_EXEC_17_7;709820.0;3584559.4866999993;0.17230064448803362;0.0198306776896936;0.08989884467036996;0.34460128897606723
S_PE_NSGAII_EXEC_17_8;708507.0;3739398.2435999988;0.15646915425326732;0.021643760330635572;0.09378211830752226;0.31293830850653465
S_PE_NSGAII_EXEC_17_10;706700.0;3578292.4607;0.1758387598698918;0.02413899287609037;0.0897416709928206;0.3516775197397836
S_PE_NSGAII_EXEC_17_11;705849.0;3432219.7733;0.19888649108250067;0.025314113460585128;0.08607824571451801;0.39777298216500134
S_PE_NSGAII_EXEC_17_13;705172.0;3687390.1514999997;0.149822671350176;0.026248962621223147;0.09247778302988276;0.299645342700352
S_PE_NSGAII_EXEC_17_24;688786.0;3510315.2049000002;0.1539948736703324;0.0488759025713185;0.08803683758638489;0.3079897473406648
S_PE_NSGAII_EXEC_17_30;682440.0;2470639.464200001;0.378505695987115;0.05763890519082936;0.061962323195556085;0.75701139197423
S_PE_NSGAII_EXEC_17_33;678548.0;2265608.6381;0.40350442659848196;0.06301325221180892;0.05682025916883507;0.8070088531969639
S_PE_NSGAII_EXEC_17_38;667319.0;1764874.9168999994;0.4265528246525557;0.07851904427208115;0.044262123869254065;0.8531056493051113
S_PE_NSGAII_EXEC_17_44;658944.0;1595553.2023999996;0.4338339115526731;0.09008383263300197;0.04001562536151981;0.8676678231053462
S_PE_NSGAII_EXEC_17_45;656781.0;1540264.0803999996;0.4452757269551119;0.09307065498818666;0.03862900359974373;0.8905514539102238
S_PE_NSGAII_EXEC_17_46;654380.0;1854137.4570000002;0.3957926133025652;0.0963861244633593;0.04650078088055679;0.7915852266051304
S_PE_NSGAII_EXEC_17_47;653236.0;1325164.7516999997;0.4573142461250444;0.09796584003170478;0.03323442688501769;0.9146284922500888
S_PE_NSGAII_EXEC_17_49;650474.0;1880057.9589000002;0.39096260977944447;0.10177980366786757;0.04715085327654634;0.7819252195588889
S_PE_NSGAII_EXEC_17_50;649468.0;1238487.7045999998;0.46377622245258376;0.10316895914143011;0.03106061266247766;0.9275524449051675
S_PE_NSGAII_EXEC_17_51;648353.0;1265171.1595;0.46354136740598234;0.10470862947246613;0.03172981951375866;0.9270827348119647
S_PE_NSGAII_EXEC_17_52;647300.0;1186327.9965;0.465473041319743;0.10616268584787505;0.0297524749362293;0.930946082639486
S_PE_NSGAII_EXEC_17_55;641357.0;1782850.9411;0.4057545756550671;0.11436919775580967;0.044712952991589096;0.8115091513101342
S_PE_NSGAII_EXEC_17_56;640542.0;1133075.1363;0.4687605556368384;0.11549460701123061;0.02841692153695232;0.9375211112736768
S_PE_NSGAII_EXEC_17_81;572728.0;1767830.8527999998;0.3790624750426615;0.2091369422837661;0.044336257168845185;0.758124950085323
S_PE_NSGAII_EXEC_17_87;562307.0;0.0;0.4578489986104438;0.2235269911803817;0.0;0.9156979972208876
S_PE_NSGAII_EXEC_17_92;549492.0;0.0;0.4437062441574354;0.24122284346040562;0.0;0.8874124883148709
S_PE_NSGAII_EXEC_17_94;541585.0;0.0;0.4351731189697431;0.25214138454336693;0.0;0.8703462379394862
S_PE_NSGAII_EXEC_17_98;533952.0;0.0;0.4254069210592052;0.2626815671772665;0.0;0.8508138421184104
S_PE_NSGAII_EXEC_18_57;679510.0;3055708.9043000014;0.2128456118804183;0.061684855029336585;0.07663555345218433;0.4256912237608366
S_PE_NSGAII_EXEC_18_61;672755.0;3018359.855900001;0.20208642382520026;0.071012633581936;0.07569885919082368;0.4041728476504005
S_PE_NSGAII_EXEC_18_66;667277.0;2753772.5016000005;0.25402184343590234;0.07857704082266725;0.06906314912541263;0.5080436868718047
S_PE_NSGAII_EXEC_18_67;667277.0;2813340.4762000004;0.2360951415921018;0.07857704082266725;0.07055708223372432;0.4721902831842036
S_PE_NSGAII_EXEC_18_69;665997.0;2872440.308100001;0.22498257490136025;0.08034455474529158;0.07203927457220728;0.4499651498027205
S_PE_NSGAII_EXEC_18_72;662026.0;2790540.0875000013;0.2446771048617722;0.0858279905161831;0.06998526061665519;0.4893542097235444
S_PE_NSGAII_EXEC_18_73;660874.0;2724383.910200001;0.2530915808276072;0.08741875304654499;0.06832609889004834;0.5061831616552144
S_PE_NSGAII_EXEC_18_77;657440.0;2248394.9795999997;0.35214497520191507;0.09216066149208554;0.05638854977261998;0.7042899504038301
S_PE_NSGAII_EXEC_18_83;646722.0;1573348.6890999996;0.4219414606103995;0.10696082885356009;0.039458747982432;0.843882921220799
S_PE_NSGAII_EXEC_18_85;645016.0;1570807.2371999999;0.422292255479004;0.10931659350355781;0.03939500972102414;0.844584510958008
S_PE_NSGAII_EXEC_18_86;644385.0;2007068.0776000002;0.3577042563759971;0.11018792263260152;0.05033619947457755;0.7154085127519942
S_PE_NSGAII_EXEC_18_91;638872.0;1072510.4053999998;0.47143298093474917;0.11780066033215453;0.02689799031098616;0.9428659618694983
S_PE_NSGAII_EXEC_18_92;635524.0;1020606.4193999998;0.4745690395378388;0.12242381393601875;0.025596265958942346;0.9491380790756776
S_PE_NSGAII_EXEC_18_93;634093.0;986689.3869999999;0.47603726424776627;0.12439983926670266;0.024745644832770287;0.9520745284955325
S_PE_NSGAII_EXEC_18_94;632327.0;1190216.3827999998;0.4513714435404956;0.1268384561318234;0.029849993595718445;0.9027428870809912
S_PE_NSGAII_EXEC_18_96;631213.0;978245.7078999998;0.478857194021223;0.12837674559260737;0.024533881853616556;0.957714388042446
S_PE_NSGAII_EXEC_18_98;625144.0;918939.9310999998;0.47806963192271257;0.1367572471523003;0.02304652452661984;0.9561392638454251
S_PE_NSGAII_EXEC_18_100;619567.0;1078983.6059;0.45607246448764216;0.14445836054798455;0.027060334735295163;0.9121449289752843
S_PE_NSGAII_EXEC_18_101;619035.0;1128454.2544;0.44630020188572217;0.14519298352207527;0.028301032277558095;0.8926004037714443
S_PE_NSGAII_EXEC_18_103;616219.0;1027079.6198999998;0.4602232107334104;0.14908151415184878;0.025758610383251345;0.9204464214668208
S_PE_NSGAII_EXEC_18_106;614256.0;1042633.2359999998;0.4532607648258687;0.15179216245662341;0.026148686799342215;0.9065215296517374
S_PE_NSGAII_EXEC_18_107;613828.0;1346485.4394;0.43273630603585755;0.15238317492450093;0.03376913838831941;0.8654726120717151
S_PE_NSGAII_EXEC_18_108;613398.0;1146341.0339000002;0.4416704294614061;0.1529769491328825;0.028749623190302026;0.8833408589228122
S_PE_NSGAII_EXEC_18_110;606260.0;1162855.7063999998;0.43905382763380685;0.16283360099201719;0.02916380238955038;0.8781076552676137
S_PE_NSGAII_EXEC_18_111;603812.0;1084043.797;0.4458781131205815;0.1662139713690362;0.027187241635679756;0.891756226241163
S_PE_NSGAII_EXEC_18_114;598381.0;1926433.3027999997;0.3836615024376396;0.1737134777079211;0.048313922226376815;0.7673230048752792
S_PE_NSGAII_EXEC_18_117;587631.0;1751321.2217999997;0.38580796668905043;0.18855783291746125;0.04392220440773436;0.7716159333781009
S_PE_NSGAII_EXEC_18_119;587370.0;2180189.9026;0.3191352666554582;0.18891824005324637;0.05467800273170634;0.6382705333109164
S_PE_NSGAII_EXEC_18_126;574844.0;2125249.8321;0.30756111521502755;0.20621502083042775;0.05330013499582852;0.6151222304300551
S_PE_NSGAII_EXEC_18_127;568838.0;2053806.1745000002;0.31448999266467664;0.21450852756424155;0.05150836607663608;0.6289799853293533
S_PE_NSGAII_EXEC_18_128;566854.0;1779265.5674999994;0.37396063940455576;0.21724817414430922;0.04462303372939032;0.7479212788091115
S_PE_NSGAII_EXEC_18_130;559715.0;1560652.1403000003;0.3860130660102823;0.22710620687369595;0.0391403252940498;0.7720261320205646
S_PE_NSGAII_EXEC_18_132;557414.0;1944549.0073999998;0.2957872498848135;0.23028358932366355;0.048768254458823324;0.591574499769627
S_PE_NSGAII_EXEC_18_133;553717.0;1441349.0726000005;0.3820304833230517;0.23538866664549332;0.036148267834366046;0.7640609666461033
S_PE_NSGAII_EXEC_18_134;553453.0;1425998.2328000003;0.3817498239200589;0.2357532163920346;0.035763276939986884;0.7634996478401178
S_PE_NSGAII_EXEC_18_135;551408.0;1872348.6124;0.30319685572363364;0.23857709605747734;0.046957506968280265;0.6063937114472673
S_PE_NSGAII_EXEC_18_140;533141.0;1313767.2981000002;0.3787986374490216;0.2638014529516792;0.03294858481303484;0.7575972748980432
S_PE_NSGAII_EXEC_18_143;523014.0;1427696.0068000003;0.374801304380794;0.27778552599419204;0.03580585620856303;0.749602608761588
S_PE_NSGAII_EXEC_18_144;520019.0;1293061.9973000006;0.37670467261625973;0.28192123239908257;0.032429306885752886;0.7534093452325195
S_PE_NSGAII_EXEC_18_146;516172.0;1312738.5933000008;0.3679191538137273;0.28723344025871983;0.03292278544399941;0.7358383076274546
S_PE_NSGAII_EXEC_19_19;701130.0;3118332.2582000005;0.28108853681147483;0.031830440180010244;0.07820611384764774;0.5621770736229497
S_PE_NSGAII_EXEC_19_47;672627.0;2669383.4536000015;0.32578970401869867;0.07118938497419844;0.0669467167029125;0.6515794080373973
S_PE_NSGAII_EXEC_19_77;577091.0;1829741.2984;0.3817981604336585;0.20311220537407085;0.0458889382034656;0.763596320867317
S_PE_NSGAII_EXEC_19_82;569689.0;1132205.9630000005;0.4442513450603788;0.2133334069797468;0.0283951231330541;0.8885026901207576
S_PE_NSGAII_EXEC_19_84;565934.0;1890508.445299999;0.35259518444151106;0.21851857477619546;0.04741294591501116;0.7051903688830221
S_PE_NSGAII_EXEC_19_92;547602.0;1771162.6118000003;0.30343546122653536;0.2438326882367806;0.04441981591181806;0.6068709224530707
S_PE_NSGAII_EXEC_19_95;543756.0;1469601.9599000004;0.3814208065821974;0.24914351522616585;0.0368568352151826;0.7628416131643948
S_PE_NSGAII_EXEC_19_96;541172.0;2147850.4914;0.2776491839367693;0.2527116839574637;0.05386694750581678;0.5552983678735386
S_PE_NSGAII_EXEC_19_99;537824.0;1527697.9617000003;0.35920108370951814;0.2573348375613279;0.03831385202887088;0.7184021674190363
S_PE_NSGAII_EXEC_19_101;530443.0;1767179.293;0.2932411926881369;0.26752704089171075;0.04431991639574016;0.5864823853762738
S_PE_NSGAII_EXEC_19_103;528655.0;1726553.3868;0.2986258985809987;0.2699960369023766;0.04330104028429107;0.5972517971619974
S_PE_NSGAII_EXEC_19_106;517884.0;1473158.7581000002;0.3541138994258938;0.2848693903872098;0.03694603782155363;0.7082277988517875
S_PE_NSGAII_EXEC_19_107;514008.0;1466396.0251000007;0.3439174352135561;0.2902216434841566;0.036776432076197775;0.6878348704271122
S_PE_NSGAII_EXEC_19_110;510635.0;1426216.2037000007;0.35943985367259335;0.29487931884432206;0.03576874353418193;0.7188797073451867
S_PE_NSGAII_EXEC_19_114;498448.0;0.0;0.38269816132104256;0.3117079846060584;0.0;0.7653963226420851
S_PE_NSGAII_EXEC_19_115;495974.0;0.0;0.3798204718310089;0.31512425760963075;0.0;0.7596409436620178
S_PE_NSGAII_EXEC_19_117;490096.0;0.0;0.371299722067764;0.32324101295118207;0.0;0.742599444135528
S_PE_NSGAII_EXEC_19_118;484696.0;0.0;0.36788862467521855;0.3306977123122534;0.0;0.7357772493504371
S_PE_NSGAII_EXEC_19_119;482668.0;0.0;0.3637814496957998;0.3334981171834113;0.0;0.7275628993915996
S_PE_NSGAII_EXEC_19_121;476031.0;0.0;0.35619784422655376;0.3426629530462688;0.0;0.7123956884531075
S_PE_NSGAII_EXEC_19_122;472394.0;0.0;0.3533595599459581;0.34768517815297556;0.0;0.7067191198919162
S_PE_NSGAII_EXEC_19_123;470486.0;0.0;0.3508530140613565;0.3503198785938874;0.0;0.701706028122713
S_PE_NSGAII_EXEC_19_124;468250.0;0.0;0.34948877663944994;0.35340750447747177;0.0;0.6989775532788999
S_PE_NSGAII_EXEC_19_125;466342.0;0.0;0.3469472197527153;0.3560422049183837;0.0;0.6938944395054306
S_PE_NSGAII_EXEC_20_2;720581.0;7207272.851999999;0.1454334105108367;0.00497113290738089;0.1807545683152862;0.2908668210216734
S_PE_NSGAII_EXEC_20_64;585745.0;228802.9351;0.4833830525416736;0.191162154212828;0.005738255871885639;0.9667661050833471
S_PE_NSGAII_EXEC_20_65;584594.0;150649.4638;0.48510321669333545;0.19275153587293783;0.003778208395224266;0.9702064333866709
S_PE_NSGAII_EXEC_20_68;575902.0;1630049.0651999998;0.39811949208757363;0.2047540601037586;0.04088076324614244;0.7962389841751473
S_PE_NSGAII_EXEC_20_69;572574.0;2090676.4270999993;0.31383421416970103;0.20934959630258182;0.05243305239408818;0.6276684283394021
S_PE_NSGAII_EXEC_21_14;711681.0;3794721.527999999;0.15413665056443535;0.01726087815062809;0.09516959684411337;0.3082733011288707
S_PE_NSGAII_EXEC_21_21;707799.0;3579544.6773999995;0.18580119054838842;0.02262141646908715;0.08977307592138284;0.37160238109677685
S_PE_NSGAII_EXEC_21_37;691195.0;3412834.9749999996;0.16309807161543408;0.04554938613412945;0.08559208528732909;0.32619614323086815
S_PE_NSGAII_EXEC_21_50;678396.0;2316961.905099999;0.39734260210251016;0.06322314449012056;0.05810817178138291;0.7946852042050203
S_PE_NSGAII_EXEC_21_56;674057.0;2363926.9006;0.3715001024694988;0.06921474051376658;0.05928602887960228;0.7430002049389977
S_PE_NSGAII_EXEC_21_59;671584.0;3311338.4141;0.1565725511541127;0.07262963264708684;0.0830466055437844;0.3131451023082254
S_PE_NSGAII_EXEC_21_61;667658.0;2660540.8927999996;0.3243766218993425;0.07805092925663612;0.06672494998295787;0.648753243798685
S_PE_NSGAII_EXEC_21_62;665687.0;1906625.2814000004;0.4209915738270764;0.08077262452342715;0.04781714758902653;0.8419831476541528
S_PE_NSGAII_EXEC_21_63;665450.0;2013358.4122000001;0.414218083225887;0.08109989077316307;0.050493957719412993;0.828436166451774
S_PE_NSGAII_EXEC_21_65;662946.0;1964493.2042000005;0.41056541249200745;0.08455758988429689;0.049268444302750056;0.8211308249840149
S_PE_NSGAII_EXEC_21_66;660900.0;2622751.0609999993;0.3246296263667829;0.08738285041999169;0.06577720110845525;0.6492592527335658
S_PE_NSGAII_EXEC_21_67;660677.0;1852627.1661000005;0.4147964585411251;0.0876907844861989;0.046462903588373496;0.8295929170822502
S_PE_NSGAII_EXEC_21_69;659353.0;1707331.3979999998;0.4360139453725249;0.08951905669991342;0.04281896303273521;0.8720278907450498
S_PE_NSGAII_EXEC_21_76;653545.0;2514419.9736999995;0.30130722924703884;0.09753915112382125;0.06306031507928218;0.6026144584940777
S_PE_NSGAII_EXEC_21_78;651641.0;2268239.418799999;0.3465400171705152;0.10016832808372493;0.05688623774901724;0.6930800343410304
S_PE_NSGAII_EXEC_21_80;651372.0;1653797.3932999999;0.41905332076767104;0.10053978218152644;0.04147635867898832;0.8381066415353421
S_PE_NSGAII_EXEC_21_81;646787.0;2491645.041299999;0.3020048802621113;0.10687107228717682;0.06248913189267236;0.6040097605242226
S_PE_NSGAII_EXEC_21_94;635820.0;1934256.5611000003;0.38106937666699003;0.12201507634141188;0.04851012538197723;0.7621387533339801
S_PE_NSGAII_EXEC_21_104;621302.0;2376275.8351999996;0.31626184242729966;0.14206255066067738;0.05959573358880547;0.6325236848545993
S_PE_NSGAII_EXEC_21_109;617738.0;2578414.0361999995;0.27208360017879635;0.14698397223898446;0.06466525211711323;0.5441672003575927
S_PE_NSGAII_EXEC_21_111;611532.0;2485067.519;0.2704382456614956;0.15555365302320828;0.062324171133126445;0.5408764913229912
S_PE_NSGAII_EXEC_21_114;603464.0;1327182.1518999997;0.4215839150042988;0.1666945142167497;0.03328502220862459;0.8431678300085976
S_PE_NSGAII_EXEC_21_115;598185.0;1559708.3877000005;0.4043787465332965;0.17398412827732293;0.03911665648098939;0.808757493066593
S_PE_NSGAII_EXEC_21_117;595774.0;2333643.2520999997;0.280948270189069;0.1773134064550161;0.05852653108840788;0.561896540378138
S_PE_NSGAII_EXEC_21_118;592781.0;2251614.1692999993;0.2907066625672703;0.18144635111940247;0.05646928533744419;0.5814133251345406
S_PE_NSGAII_EXEC_21_122;582039.0;2154712.563499999;0.3075517365188953;0.19627965936692623;0.05403904462294473;0.6151034730377906
S_PE_NSGAII_EXEC_21_123;581653.0;2218428.440699999;0.2915646734627906;0.19681267528421761;0.05563700492146734;0.5831293469255812
S_PE_NSGAII_EXEC_21_124;579815.0;2262127.521299999;0.2840440846902577;0.19935071480748598;0.0567329546117078;0.5680881693805154
S_PE_NSGAII_EXEC_21_127;573038.0;1590312.2624000008;0.39774724432015524;0.2087088725056305;0.0398841853748953;0.7954944886403105
S_PE_NSGAII_EXEC_21_128;571389.0;2126370.4823;0.2868170529754207;0.21098592755126136;0.053328240306574064;0.5736341059508414
S_PE_NSGAII_EXEC_21_129;568618.0;1425801.3841000004;0.40447666081826084;0.21481231901969258;0.035758340079329244;0.8089533216365217
S_PE_NSGAII_EXEC_21_131;564090.0;2475181.1678;0.2751964421897503;0.2210648995209761;0.06207622670531512;0.5503928843795006
S_PE_NSGAII_EXEC_21_132;561130.0;1195457.8199;0.4212605675679122;0.22515227546704483;0.0299814460493465;0.8425211351358244
S_PE_NSGAII_EXEC_21_134;559297.0;1052928.7051000001;0.44298998887745505;0.22768341063905295;0.02640689168640397;0.8859799777549101
S_PE_NSGAII_EXEC_21_136;551115.0;2055432.5085999996;0.288555940544621;0.23898169104132808;0.05154915367053163;0.577111881089242
S_PE_NSGAII_EXEC_21_138;544357.0;1986940.8798999996;0.2899161718678155;0.24831361220468365;0.049831420065449106;0.579832343735631
S_PE_NSGAII_EXEC_21_139;542785.0;1092621.5302000004;0.43272211528929455;0.2504843402409066;0.027402366620334597;0.8654442305785891
S_PE_NSGAII_EXEC_21_141;539008.0;1430730.5411;0.37933679893550326;0.25569988718290043;0.03588196071420585;0.7586735978710065
S_PE_NSGAII_EXEC_21_142;536108.0;1678215.2059999998;0.35444586428921715;0.2597044109138461;0.042088744429385885;0.7088917285784343
S_PE_NSGAII_EXEC_21_144;531226.0;1489947.5278000003;0.36451285700859;0.2664458194843554;0.037367091232737605;0.72902571401718
S_PE_NSGAII_EXEC_22_4;718583.0;4094630.328200003;0.15354661062887;0.007730111670977284;0.10269114997902265;0.30709322125774
S_PE_NSGAII_EXEC_22_7;712446.0;3759005.1283000032;0.1629526876706332;0.01620451240780965;0.09427384854345656;0.3259053753412664
S_PE_NSGAII_EXEC_22_9;711593.0;4066394.734300003;0.1454705065130395;0.01738239473280851;0.10198301630747669;0.290941013026079
S_PE_NSGAII_EXEC_22_13;704835.0;4043253.711800002;0.14555568950995593;0.02671431589616408;0.1014026517759464;0.29111137901991185
S_PE_NSGAII_EXEC_22_16;698930.0;3553776.449700002;0.16487155928863045;0.03486835473452079;0.08912682248130799;0.3297431185772609
S_PE_NSGAII_EXEC_22_34;671030.0;2289968.1093999995;0.39104124144706176;0.07339463476672269;0.05743118174796264;0.7820824828941235
S_PE_NSGAII_EXEC_22_38;662709.0;1949516.2818999998;0.39471872625851734;0.0848848561340328;0.04889283106031856;0.7894374525170347
S_PE_NSGAII_EXEC_22_39;661438.0;2281653.1397999995;0.37667160462657223;0.08663994222438866;0.05722264673458575;0.7533432092531445
S_PE_NSGAII_EXEC_22_41;656222.0;2071962.928;0.3732990803674478;0.09384256145908275;0.051963727793653464;0.7465981607348956
S_PE_NSGAII_EXEC_22_47;639757.0;1117248.7524;0.4713492860956552;0.11657859015909006;0.028020004249570504;0.9426985721913104
S_PE_NSGAII_EXEC_22_48;639138.0;1104240.5553999997;0.4671655126017175;0.11743334884510917;0.027693765590152637;0.934331025203435
S_PE_NSGAII_EXEC_22_49;638774.0;1095846.6116;0.4665508377508424;0.11793598561685545;0.027483249945859982;0.9331016755016848
S_PE_NSGAII_EXEC_22_53;635942.0;1039918.2459999999;0.4682572344350494;0.12184661017066176;0.026080596294721717;0.9365144688700988
S_PE_NSGAII_EXEC_22_54;633006.0;1079616.0572;0.4678994596270739;0.1259008452306813;0.027076196277387356;0.9357989192541478
S_PE_NSGAII_EXEC_22_55;626419.0;2526676.716899999;0.28286023196260207;0.13499663758093625;0.06336770767722615;0.5657204639252041
S_PE_NSGAII_EXEC_22_56;624566.0;916755.558;0.4770834149812693;0.13755539015798537;0.022991741611523123;0.9541668299625387
S_PE_NSGAII_EXEC_22_57;620294.0;2311358.0181000005;0.31503902730445793;0.14345446787474403;0.05796762927711358;0.6300780546089159
S_PE_NSGAII_EXEC_22_58;615227.0;2473441.3077;0.28719156336555424;0.15045133744188263;0.06203259193974394;0.5743831267311085
S_PE_NSGAII_EXEC_22_59;614920.0;2296327.5717000007;0.3126671267465782;0.15087526460926204;0.05759067367873297;0.6253342534931564
S_PE_NSGAII_EXEC_22_60;609507.0;2417458.635199999;0.29241498157575246;0.15834991528361003;0.060628576300449016;0.5848299631515049
S_PE_NSGAII_EXEC_22_68;574910.0;1981399.9850999997;0.3157459482812981;0.20612388339379242;0.049692457372039145;0.6314918965625962
S_PE_NSGAII_EXEC_22_69;574910.0;2112799.4651999995;0.30783677471207355;0.20612388339379242;0.05298788641851095;0.6156735494241471
S_PE_NSGAII_EXEC_22_71;571144.0;2111323.5456000003;0.3098752889544645;0.21132424076301368;0.05295087114024354;0.619750577908929
S_PE_NSGAII_EXEC_22_74;562974.0;1811703.5366999998;0.31004573376805283;0.2226059507222642;0.04543656073747959;0.6200914675361057
S_PE_NSGAII_EXEC_22_75;562222.0;1804909.7529;0.3098418329527082;0.22364436515180597;0.045266176254581104;0.6196836659054163
S_PE_NSGAII_EXEC_22_78;558791.0;1035890.8545999998;0.4368149832282966;0.22838213098659038;0.025979591461285766;0.8736299664565932
S_PE_NSGAII_EXEC_22_79;555464.0;1734461.3179;0.3092871785837833;0.23297628631516154;0.04349936698866315;0.6185743571675666
S_PE_NSGAII_EXEC_22_80;553712.0;2295760.7933999994;0.2573208320464612;0.23539557099675357;0.05757645918053775;0.5146416640929224
S_PE_NSGAII_EXEC_22_82;552148.0;1362961.1904999998;0.4073813391382328;0.23755525207096015;0.034182341459564884;0.8147626782764656
S_PE_NSGAII_EXEC_22_84;545275.0;1014297.3064;0.43810142394287077;0.2470459733133015;0.02543803676182643;0.8762028478857415
S_PE_NSGAII_EXEC_22_85;543203.0;2055448.9730999996;0.28693977305991414;0.24990713647554963;0.05154956659143127;0.5738795461198283
S_PE_NSGAII_EXEC_22_89;540196.0;2186529.8738999995;0.25897340208837155;0.2540594133234647;0.05483700583856731;0.5179468041767431
S_PE_NSGAII_EXEC_22_90;531732.0;1869915.0574999996;0.2911046135122936;0.265747099136818;0.046896474706223046;0.5822092270245872
S_PE_NSGAII_EXEC_22_92;528179.0;1661315.1985;0.3516097603536313;0.2706533311423525;0.04166490123336481;0.7032195207072626
S_PE_NSGAII_EXEC_22_93;524854.0;1826598.4409999994;0.28116142290571555;0.2752447247304196;0.045810117012110824;0.5623228458114311
S_PE_NSGAII_EXEC_22_94;519112.0;1232855.3680999998;0.40407372324635554;0.28317368171769214;0.030919356659885586;0.8081474464927111
S_PE_NSGAII_EXEC_22_95;517027.0;1274022.9395;0.40045971344489273;0.2860527961932169;0.03195181744634393;0.8009194268897855
S_PE_NSGAII_EXEC_22_96;514932.0;1621354.7097;0.32595450468436177;0.2889457193712622;0.04066271343625547;0.6519090093687235
S_PE_NSGAII_EXEC_22_97;513137.0;1603933.7163;0.334933601882745;0.2914243814736924;0.0402258041910662;0.66986720376549
S_PE_NSGAII_EXEC_22_98;508174.0;1561786.7351000002;0.3370522830732102;0.29827764053461775;0.03916878032794377;0.6741045661464204
S_PE_NSGAII_EXEC_22_100;504812.0;1701023.8728999998;0.2935416285697289;0.30292012632201065;0.04266077365930641;0.5870832571394577
S_PE_NSGAII_EXEC_22_101;504692.0;1728442.5668999997;0.29075786730035785;0.3030858307522567;0.04334841991601273;0.5815157346007157
S_PE_NSGAII_EXEC_22_105;493957.0;1291568.7372;0.3648411178075795;0.3179094729080161;0.032391856716971895;0.729682235615159
S_PE_NSGAII_EXEC_23_1;720460.0;4245074.1227;0.14715758394682749;0.005138218207878969;0.10646420029763443;0.29431516789365497
S_PE_NSGAII_EXEC_23_3;719415.0;4306773.4725;0.14591033169023193;0.006581227621271478;0.10801158716190973;0.29182066338046386
S_PE_NSGAII_EXEC_23_4;719172.0;4180161.2861000006;0.1471714332561356;0.006916779092519688;0.10483622089423253;0.2943428665122712
S_PE_NSGAII_EXEC_23_6;718842.0;4390870.3909;0.14545907448123072;0.007372466275696269;0.11012069312947687;0.29091814896246143
S_PE_NSGAII_EXEC_23_9;716626.0;3779356.5245999997;0.16469183556114525;0.010432474754239618;0.09478425073418233;0.3293836711222905
S_PE_NSGAII_EXEC_23_11;716593.0;3765042.7811;0.1843685981445834;0.010478043472557276;0.0944252696631937;0.3687371962891668
S_PE_NSGAII_EXEC_23_12;714937.0;3651739.7331000003;0.18491367335418057;0.012764764609952484;0.09158368950512283;0.36982734670836115
S_PE_NSGAII_EXEC_23_14;712178.0;3581275.239800001;0.18916618526789777;0.016574585635359115;0.08981647750558512;0.37833237053579555
S_PE_NSGAII_EXEC_23_16;710147.0;3621187.6056;0.1776308225511812;0.019379133117273167;0.0908174584034595;0.3552616451023624
S_PE_NSGAII_EXEC_23_31;696896.0;3582494.5107000014;0.16068683996534908;0.03767704482719099;0.08984705617101303;0.32137367993069815
S_PE_NSGAII_EXEC_23_35;691686.0;3634906.288100001;0.15085989069114986;0.04487137884037278;0.0911615156611855;0.3017197813822997
S_PE_NSGAII_EXEC_23_36;691515.0;3616238.768600002;0.14759154811320302;0.04510750765347337;0.09069334420465418;0.29518309622640604
S_PE_NSGAII_EXEC_23_37;690963.0;3559161.2049000016;0.15389712811881884;0.04586974803260511;0.08926186927662799;0.3077942562376377
S_PE_NSGAII_EXEC_23_39;690036.0;3849807.879800001;0.14665911846368043;0.04714981475625569;0.09655113323716255;0.29331823692736086
S_PE_NSGAII_EXEC_23_53;678320.0;3420406.308600001;0.1562632437454927;0.06332809062927638;0.08578197030549647;0.3125264874909854
S_PE_NSGAII_EXEC_23_58;674362.0;2667152.8055000007;0.35351798407700097;0.06879357508689125;0.06689077323543755;0.7070359681540019
S_PE_NSGAII_EXEC_23_61;670463.0;2604789.235200001;0.3603831846675342;0.07417758819963517;0.06532672807443765;0.7207663693350684
S_PE_NSGAII_EXEC_23_62;670208.0;2865806.826900001;0.23339490657163695;0.074529710113908;0.07187291039322372;0.4667898131432739
S_PE_NSGAII_EXEC_23_66;663450.0;2759371.924400001;0.24783424484393837;0.08386163127726355;0.06920357966992129;0.49566848968787675
S_PE_NSGAII_EXEC_23_72;658093.0;2832081.0656000013;0.2358918025592132;0.09125895321749673;0.07102708624446899;0.4717836051184264
S_PE_NSGAII_EXEC_23_74;656692.0;2812554.652400001;0.2385150683396145;0.09319355244061912;0.07053737419093789;0.477030136679229
S_PE_NSGAII_EXEC_23_75;655932.0;1357741.5361999997;0.45635368701214435;0.09424301383217731;0.034051435306970745;0.9127073740242887
S_PE_NSGAII_EXEC_23_76;654700.0;3124578.9466000013;0.1866864645616266;0.09594424598270322;0.07836277746901027;0.3733729291232532
S_PE_NSGAII_EXEC_23_80;651248.0;1305582.0814999999;0.46061956152313405;0.10071101009278068;0.03274330393585955;0.9212391230462681
S_PE_NSGAII_EXEC_23_86;647728.0;1813825.1595;0.39683428608510274;0.10557167337999754;0.04548976990844022;0.7936685721702055
S_PE_NSGAII_EXEC_23_88;644052.0;1197604.2826999999;0.46372767644903023;0.11064775242653425;0.030035278194290357;0.9274553528980605
S_PE_NSGAII_EXEC_23_93;639773.0;1805492.1671000004;0.3939093655651306;0.11655649623505726;0.04528078289282882;0.7878187311302612
S_PE_NSGAII_EXEC_23_95;637834.0;1972966.1319000009;0.38131264742712123;0.11923400365378269;0.04948094082122933;0.7626252948542425
S_PE_NSGAII_EXEC_23_98;633238.0;1200794.1790999996;0.4580911879349413;0.12558048333220562;0.030115279098736823;0.9161823758698826
S_PE_NSGAII_EXEC_23_99;630697.0;1773999.7558000002;0.38494165013721354;0.1290892746426653;0.044490969973763415;0.7698833002744271
S_PE_NSGAII_EXEC_23_102;625513.0;1312978.746;0.44379295750433756;0.13624770602929379;0.03292880834593604;0.8875859150086751
S_PE_NSGAII_EXEC_23_105;621059.0;1419893.7215000002;0.43054077961754655;0.14239810213192558;0.03561017904464341;0.8610815592350931
S_PE_NSGAII_EXEC_23_106;614509.0;1613380.9395000003;0.39956080413894013;0.1514428022828547;0.04046273552228677;0.7991216082778803
S_PE_NSGAII_EXEC_23_114;591335.0;1003432.9917;0.45582296102518494;0.18344308950386712;0.025165565529785452;0.9116459220503699
S_PE_NSGAII_EXEC_23_115;590656.0;306312.45809999993;0.489943832163256;0.18438070040500926;0.007682153467812084;0.979887664326512
S_PE_NSGAII_EXEC_23_116;589441.0;278548.66709999996;0.48878908163408774;0.1860584577612503;0.006985852361963397;0.9775781632681755
S_PE_NSGAII_EXEC_23_122;581703.0;1512085.2842000006;0.4079029587889012;0.1967436317716151;0.03792229438429314;0.8158059175778024
S_PE_NSGAII_EXEC_23_123;578249.0;1369950.5691000002;0.4112784692215928;0.20151315762219665;0.0343576313559762;0.8225569384431856
S_PE_NSGAII_EXEC_23_125;574603.0;1618512.7059000006;0.3945214421662538;0.20654781056117186;0.04059143749311191;0.7890428843325076
S_PE_NSGAII_EXEC_23_127;566716.0;2112197.7317;0.3067502580452818;0.21743873423909216;0.05297279526249858;0.6135005160905636
S_PE_NSGAII_EXEC_23_130;561257.0;1376977.6992000001;0.40201912033451215;0.22497690494503447;0.03453386803992086;0.8040382406690243
S_PE_NSGAII_EXEC_23_133;555871.0;1402031.2046000003;0.3881407688812955;0.2324142721225771;0.035162196624997956;0.776281537762591
S_PE_NSGAII_EXEC_23_135;550718.0;2044380.3993000004;0.290266398837715;0.239529896531392;0.05127197264984357;0.58053279767543
S_PE_NSGAII_EXEC_23_137;549291.0;1288049.9175;0.39564409329587386;0.2415003983810677;0.03230360659117343;0.7912881865917477
S_PE_NSGAII_EXEC_23_139;537754.0;1964566.1075000002;0.29578663554867884;0.2574314984789714;0.04927027267872399;0.5915732710973577
S_PE_NSGAII_EXEC_23_142;524233.0;1283474.3067;0.40731311384952945;0.2761022451569428;0.032188852706879566;0.8146262276990589
S_PE_NSGAII_EXEC_23_146;512220.0;1923213.0174000002;0.28014571741179656;0.29269063949482244;0.0482331591819796;0.5602914348235931
S_PE_NSGAII_EXEC_23_147;511888.0;1269288.7787000001;0.3661902577117835;0.2931490884185031;0.03183308721241062;0.732380515423567
S_PE_NSGAII_EXEC_23_148;505284.0;1458829.7366000009;0.35782472642787755;0.30226835556304293;0.036586673586454066;0.7156494528557551
S_PE_NSGAII_EXEC_23_154;492498.0;1807513.1066000005;0.2877615294230675;0.3199241626057574;0.04533146698019655;0.575523058846135
S_PE_NSGAII_EXEC_24_55;584520.0;150454.9111;0.48615448942598205;0.19285372027158956;0.0037733291170249793;0.9723089788519641
S_PE_NSGAII_EXEC_24_62;568074.0;1375491.2799;0.40997749593795585;0.21556351243680794;0.03449658943476406;0.8199549918759117
S_PE_NSGAII_EXEC_24_63;566423.0;2071441.5131;0.2957286501682315;0.2178433292229429;0.05195065098539353;0.591457300336463
S_PE_NSGAII_EXEC_24_65;562164.0;1055130.4893;0.4407721589351024;0.22372445562642487;0.026462111262624672;0.8815443178702048
S_PE_NSGAII_EXEC_24_68;549434.0;1488096.1623;0.3727284876031334;0.24130293393502453;0.037320659971063715;0.7454569752062667
S_PE_NSGAII_EXEC_24_75;531432.0;1499247.1059;0.3674680479815938;0.2661613602124331;0.03760031970340849;0.7349360959631877
S_PE_NSGAII_EXEC_24_79;520807.0;1440083.1676000003;0.370061030481556;0.28083310664046696;0.036116519610523;0.740122060963112
S_PE_NSGAII_EXEC_25_46;587071.0;261662.69550000003;0.4845691189326396;0.18933112025860938;0.006562361178846166;0.9691382378652792
S_PE_NSGAII_EXEC_25_51;582925.0;1875507.4655000004;0.3538620605209936;0.1950562083236097;0.04703672932328012;0.7077241210419872
S_PE_NSGAII_EXEC_25_52;579795.0;0.0;0.4732944207606151;0.199378332212527;0.0;0.9465888415212302
S_PE_NSGAII_EXEC_25_53;578779.0;1954153.3052;0.34413410753713886;0.20078129638861003;0.04900912513743635;0.6882682150742777
S_PE_NSGAII_EXEC_25_56;564784.0;0.0;0.4603320713741039;0.22010657556605323;0.0;0.9206641427482078
S_PE_NSGAII_EXEC_25_59;554184.0;0.0;0.4484885217488283;0.23474380023778585;0.0;0.8969770434976566
S_PE_NSGAII_EXEC_25_60;552394.0;0.0;0.4458855361366231;0.2372155579889558;0.0;0.8917710722732461
S_PE_NSGAII_EXEC_25_63;546742.0;0.0;0.43927602748105976;0.2450202366535438;0.0;0.8785520549621195
S_PE_NSGAII_EXEC_25_64;544580.0;0.0;0.43914797068156547;0.24800567813847643;0.0;0.8782959413631309
S_PE_NSGAII_EXEC_25_65;542162.0;0.0;0.436877690032233;0.2513446224079339;0.0;0.873755380064466
S_PE_NSGAII_EXEC_25_66;540151.0;0.0;0.4344179163807428;0.254121552484807;0.0;0.8688358327614856
S_PE_NSGAII_EXEC_25_68;535393.0;0.0;0.42568797732512076;0.2606917331440621;0.0;0.8513759546502415
S_PE_NSGAII_EXEC_26_53;583912.0;139925.49800000002;0.48526462103283746;0.1936932893848361;0.003509257038919088;0.9705292420656749
S_PE_NSGAII_EXEC_26_61;574571.0;1602772.5744;0.3957988725267444;0.20659199840923748;0.04019668337002929;0.7915977450534888
S_PE_NSGAII_EXEC_26_68;558606.0;1321991.3035;0.41422071664627724;0.22863759198321967;0.03315483849267554;0.8284414332925545
S_PE_NSGAII_EXEC_27_2;718937.0;4014100.206100001;0.15516007051306424;0.007241283601751496;0.10067149736485474;0.3103201410261285
S_PE_NSGAII_EXEC_27_3;718338.0;3874011.7963;0.1535967315312037;0.008068424882729594;0.097158154584673;0.3071934630624074
S_PE_NSGAII_EXEC_27_4;718201.0;4128973.5145000014;0.14890961383287366;0.008257604107260478;0.10355245881826065;0.2978192276657473
S_PE_NSGAII_EXEC_27_5;717928.0;3850510.3138000015;0.15360927388735354;0.008634581686070196;0.09656874990813467;0.3072185477747071
S_PE_NSGAII_EXEC_27_6;717616.0;3784434.042700001;0.15889162744906352;0.009065413204709872;0.09491159218650769;0.31778325489812703
S_PE_NSGAII_EXEC_27_44;586939.0;244415.8633;0.48741602517541044;0.18951339513188;0.006129819803885997;0.9748320503508209
S_PE_NSGAII_EXEC_27_45;585960.0;203100.0783;0.4863455034514555;0.19086526710863722;0.005093641899200478;0.972691006902911
S_PE_NSGAII_EXEC_27_48;583542.0;0.0;0.4748830514765251;0.1942042113780947;0.0;0.9497661029530502
S_PE_NSGAII_EXEC_27_78;507213.0;0.0;0.3946754823305699;0.299604656846838;0.0;0.7893509646611399
S_PE_NSGAII_EXEC_28_1;720606.0;4366702.773899999;0.14552457279372996;0.004936611151079634;0.1095145821541123;0.2910491455874599
S_PE_NSGAII_EXEC_28_2;720111.0;4253342.175100001;0.14672428391406853;0.005620141925844506;0.10667155865259882;0.29344856782813705
S_PE_NSGAII_EXEC_28_3;719689.0;4446143.2206;0.14543158303898585;0.00620286917220971;0.11150690628903769;0.2908631660779717
S_PE_NSGAII_EXEC_28_4;719338.0;4056708.6482;0.16575873254686213;0.0066875546306793465;0.10174009442181715;0.33151746509372426
S_PE_NSGAII_EXEC_28_5;719135.0;4176458.0193;0.14717461981754426;0.0069678712918455465;0.10474334493330582;0.2943492396350885
S_PE_NSGAII_EXEC_28_6;718947.0;4719906.005799999;0.1454278337029641;0.007227474899230994;0.11837273127939929;0.2908556674059282
S_PE_NSGAII_EXEC_28_7;718577.0;3925403.3664999995;0.15354266337867245;0.007738396892489585;0.09844702782109667;0.3070853267573449
S_PE_NSGAII_EXEC_28_8;718369.0;4263903.040399999;0.14543652103801427;0.008025617904916037;0.10693641953514574;0.29087304207602854
S_PE_NSGAII_EXEC_28_9;717924.0;3848381.5175;0.1593757284614613;0.008640105167078397;0.09651536082961087;0.3187514569229226
S_PE_NSGAII_EXEC_28_10;717118.0;4743685.937;0.14541905900098423;0.009753086590230895;0.11896911930117794;0.29083811800196846
S_PE_NSGAII_EXEC_28_11;716752.0;4644048.4547999995;0.1454191820401346;0.010258485102481285;0.11647026426225912;0.2908383640802692
S_PE_NSGAII_EXEC_28_14;715110.0;3664968.6419999995;0.1803165619637587;0.012525874056347792;0.09191546350155728;0.3606331239275174
S_PE_NSGAII_EXEC_28_15;713657.0;4123260.3636000003;0.1454645239996264;0.014532278532576801;0.10340917603351589;0.2909290479992528
S_PE_NSGAII_EXEC_28_16;713282.0;3577934.8372;0.20080281442536635;0.015050104877095643;0.08973270198572328;0.4016056288507327
S_PE_NSGAII_EXEC_28_17;713099.0;3885988.7689;0.1519391553082309;0.015302804133220839;0.09745853068482803;0.3038783106164618
S_PE_NSGAII_EXEC_28_18;712446.0;3795183.8617999996;0.15786424812896654;0.01620451240780965;0.09518119192982093;0.3157284962579331
S_PE_NSGAII_EXEC_28_19;712167.0;3664445.0128;0.17446716902443113;0.01658977520813167;0.09190233115983154;0.34893433804886226
S_PE_NSGAII_EXEC_28_20;711611.0;4207402.7081;0.14546363785585745;0.017357539068271605;0.10551942126350093;0.2909272757117149
S_PE_NSGAII_EXEC_28_21;710089.0;3231469.4477999997;0.2380091258594433;0.01945922359189208;0.08104353436529578;0.4760182517188866
S_PE_NSGAII_EXEC_28_23;708975.0;3363398.9658000004;0.210399355689927;0.020997513052676057;0.08435225648027946;0.420798711379854
S_PE_NSGAII_EXEC_28_26;707989.0;3321279.8774000006;0.21703402314432285;0.022359051121197602;0.08329593215373995;0.4340680462886457
S_PE_NSGAII_EXEC_28_29;705384.0;3525462.1892000004;0.17706504834104328;0.025956218127788495;0.08841671589329056;0.35413009668208656
S_PE_NSGAII_EXEC_28_32;704142.0;3379938.880400001;0.1933009374744571;0.0276712589808349;0.08476706873796513;0.3866018749489142
S_PE_NSGAII_EXEC_28_36;701241.0;3281936.432000001;0.19910305614805535;0.031677163582032666;0.08230921947678899;0.3982061122961107
S_PE_NSGAII_EXEC_28_40;699100.0;3044521.5251000007;0.26148279997939705;0.034633606791672246;0.07635497993437802;0.5229655999587941
S_PE_NSGAII_EXEC_28_41;698298.0;3312242.9653000003;0.18755472154593628;0.035741064733816545;0.08306929120659093;0.37510944309187255
S_PE_NSGAII_EXEC_28_47;693383.0;3984716.8751000026;0.14599878321005522;0.04252804202264351;0.09993457905752355;0.29199756642011043
S_PE_NSGAII_EXEC_28_48;693383.0;3991194.4424000024;0.1458763991278262;0.04252804202264351;0.10009703299885307;0.2917527982556524
S_PE_NSGAII_EXEC_28_51;690978.0;2873313.8589000003;0.28446932173201334;0.04584903497882435;0.07206118276147634;0.5689386434640267
S_PE_NSGAII_EXEC_28_70;675564.0;2061060.2616000006;0.3919364760128438;0.06713376904392686;0.0516902947213825;0.7838729520256876
S_PE_NSGAII_EXEC_28_75;669328.0;2000708.1535000002;0.41791711431858125;0.0757448759357122;0.05017669596210896;0.8358342286371625
S_PE_NSGAII_EXEC_28_78;665305.0;1856035.7748000005;0.413956856951033;0.08130011695971034;0.04654838968093252;0.827913713902066
S_PE_NSGAII_EXEC_28_79;664476.0;2253639.4154;0.38787608869691803;0.08244485839866;0.056520077432048496;0.7757521773938361
S_PE_NSGAII_EXEC_28_80;662781.0;1717614.7137000002;0.4205705915885146;0.08478543347588517;0.0430768631189915;0.8411411831770292
S_PE_NSGAII_EXEC_28_82;658372.0;1844912.5138000008;0.40597990653955296;0.09087369041717472;0.04626942421346652;0.8119598130791059
S_PE_NSGAII_EXEC_28_84;655293.0;1763378.0317000006;0.4164057104750562;0.09512538992323742;0.04422458278489395;0.8328114209501124
S_PE_NSGAII_EXEC_28_92;649015.0;1801373.261800001;0.4041778650299534;0.10379449336560888;0.045177482939473185;0.8083557300599068
S_PE_NSGAII_EXEC_28_95;647785.0;1499875.7392999998;0.432547597844785;0.10549296377563068;0.03761608549460009;0.86509519568957
S_PE_NSGAII_EXEC_28_96;647249.0;1648264.6833000008;0.4132944360950031;0.10623311023072961;0.04133760125600745;0.8265888721900062
S_PE_NSGAII_EXEC_28_100;644882.0;2027364.7187000003;0.3851085929756429;0.10950163011733255;0.05084522843402131;0.7702171859512859
S_PE_NSGAII_EXEC_28_103;642770.0;1681403.4409000005;0.4097401564304706;0.11241802808966267;0.04216870366429641;0.8194803128609413
S_PE_NSGAII_EXEC_28_107;638864.0;2474377.3941000006;0.317453395470166;0.11781170729417094;0.06205606848858738;0.634906790940332
S_PE_NSGAII_EXEC_28_111;636415.0;1067990.2363;0.4743416509438712;0.12119345854144199;0.026784626875029128;0.9486833018877424
S_PE_NSGAII_EXEC_28_112;633405.0;1292073.9554;0.4477621900043814;0.12534987800011324;0.0324045273206137;0.8955243800087628
S_PE_NSGAII_EXEC_28_114;629404.0;2357883.7758000004;0.33829906327036763;0.13087473987856627;0.05913447052501658;0.6765981265407353
S_PE_NSGAII_EXEC_28_115;628744.0;2187409.7027000007;0.3416573599007008;0.13178611424491943;0.05485907147673604;0.6833147198014016
S_PE_NSGAII_EXEC_28_117;625224.0;973127.5584999998;0.4685442502153692;0.1366467775321363;0.024405521389906152;0.9370885004307384
S_PE_NSGAII_EXEC_28_118;625155.0;1208398.0443999998;0.4478595263759598;0.13674205757952776;0.03030597999463085;0.8957190527519197
S_PE_NSGAII_EXEC_28_120;622514.0;1624128.8145000003;0.41855851168334907;0.14038893591519247;0.04073228650860645;0.8371170233666981
S_PE_NSGAII_EXEC_28_122;620295.0;1737455.8653000009;0.3949205796200837;0.14345308700449197;0.043574468644130046;0.7898411592401674
S_PE_NSGAII_EXEC_28_123;619477.0;828512.7661;0.4745361730106537;0.14458263887066908;0.020778659342493448;0.9490723460213074
S_PE_NSGAII_EXEC_28_125;616455.0;1492015.5838000004;0.4202840586142961;0.14875562877236492;0.0374189569768558;0.8405681172285921
S_PE_NSGAII_EXEC_28_126;615900.0;1028086.504;0.45860316634006715;0.1495220117622528;0.025783862500741047;0.9172063326801343
S_PE_NSGAII_EXEC_28_127;614319.0;1347431.9558;0.43320244061581853;0.15170516763074424;0.03379287651601328;0.8664048812316371
S_PE_NSGAII_EXEC_28_128;609588.0;778125.1093999998;0.4822038344730421;0.15823806479319397;0.019514963722492052;0.9644076689460842
S_PE_NSGAII_EXEC_28_130;608612.0;752333.741;0.4774879209118353;0.15958579415919502;0.018868129925973746;0.9549758418236706
S_PE_NSGAII_EXEC_28_131;606249.0;801785.2256;0.47359163713629365;0.16284879056478974;0.02010834684782132;0.9471832742725873
S_PE_NSGAII_EXEC_28_132;604608.0;872269.5717999999;0.46765465325688504;0.1651147986484042;0.0218760567475278;0.9353093065137701
S_PE_NSGAII_EXEC_28_134;602402.0;860444.2285999999;0.4703533667152614;0.16816099842442706;0.02157948343204649;0.9407067334305228
S_PE_NSGAII_EXEC_28_135;600192.0;1971755.3285000005;0.3530213823843487;0.1712127216814581;0.04945057451619607;0.7060427647686974
S_PE_NSGAII_EXEC_28_136;597868.0;1850567.9664000007;0.3641740880821714;0.17442186414722285;0.04641125995554708;0.7283481761643428
S_PE_NSGAII_EXEC_28_137;597734.0;1671157.9405000005;0.3968514388403224;0.1746069007609976;0.04191175196564355;0.7937028776806448
S_PE_NSGAII_EXEC_28_138;597283.0;667976.4456;0.48447588625606436;0.17522967324467226;0.01675249384178681;0.9689517725121287
S_PE_NSGAII_EXEC_28_139;593874.0;721290.9712999999;0.4813259221103328;0.17993705993391154;0.01808959377899309;0.9626518442206656
S_PE_NSGAII_EXEC_28_140;591275.0;697496.2067;0.47954604026066194;0.18352594171899014;0.017492833743434934;0.9590920805213239
S_PE_NSGAII_EXEC_28_141;591273.0;1575776.0843000005;0.3982377852049718;0.18352870345949424;0.03951962576249065;0.7964755704099435
S_PE_NSGAII_EXEC_28_143;587426.0;1634435.0873000005;0.39001723729253474;0.18884091131913155;0.04099076234671582;0.7800344745850695
S_PE_NSGAII_EXEC_28_144;585393.0;2141893.3527999995;0.3225916898429117;0.1916482205415497;0.05371754563937591;0.6451833796858234
S_PE_NSGAII_EXEC_28_146;582735.0;2050552.5278999999;0.34138884283446885;0.19531857367149924;0.051426766351093514;0.6827776856689377
S_PE_NSGAII_EXEC_28_148;581442.0;998504.9870000001;0.4582994877016889;0.19710403890740022;0.025041973793979724;0.9165989754033778
S_PE_NSGAII_EXEC_28_151;572566.0;1005635.3308000002;0.45292202993814806;0.20936064326459822;0.02522079902260291;0.9058440598762961
S_PE_NSGAII_EXEC_28_154;569457.0;835796.3401;0.4643768546781363;0.21365376887822243;0.02096132750300261;0.9287537093562725
S_PE_NSGAII_EXEC_28_157;565851.0;2000919.5028000001;0.2904329715015369;0.21863318700711562;0.05018199649009919;0.5808659430030738
S_PE_NSGAII_EXEC_28_158;563605.0;1727180.9270000006;0.36030536103246774;0.22173462159322047;0.043316778658608356;0.7206107220649355
S_PE_NSGAII_EXEC_28_162;554364.0;1530152.3649000004;0.38603125996116916;0.2344952435924168;0.03837540715519922;0.7720625199223383
S_PE_NSGAII_EXEC_28_169;543419.0;1775803.4151000003;0.3002381266008006;0.24960886850110678;0.0445362047893246;0.6004762532016013
S_PE_NSGAII_EXEC_28_172;539493.0;1724536.3457000002;0.3135863390290684;0.255030165110656;0.04325045396672111;0.6271726780581368
S_PE_NSGAII_EXEC_28_176;517519.0;1376633.2757000003;0.36815361606786134;0.2853734080292082;0.034525230081800154;0.7363072321357227
S_PE_NSGAII_EXEC_28_177;516038.0;1640149.4348000006;0.3248661476593071;0.2874184768724946;0.04113407514155187;0.6497322953186142
S_PE_NSGAII_EXEC_28_181;507677.0;1638193.3907000006;0.31150532821089305;0.2989639330498867;0.04108501859628689;0.6230106564217861
S_PE_NSGAII_EXEC_29_102;527462.0;0.0;0.4150939797768859;0.27164341511307255;0.0;0.8301879595537718
S_PE_NSGAII_EXEC_29_103;525496.0;0.0;0.4131428589158985;0.27435820602860334;0.0;0.826285717831797
S_PE_NSGAII_EXEC_29_105;520055.0;0.0;0.409279952158172;0.28187152107000873;0.0;0.818559904316344
S_PE_NSGAII_EXEC_30_2;720716.0;5484221.813900003;0.14543702274305062;0.004784715423354106;0.1375413650728775;0.29087404548610124
S_PE_NSGAII_EXEC_30_4;720425.0;6071351.528400002;0.14543221230523262;0.0051865486667007285;0.15226626591523632;0.29086442461046524
S_PE_NSGAII_EXEC_30_5;720303.0;5736546.201500004;0.14543232989373536;0.005355014837450859;0.14386952645827597;0.2908646597874707
S_PE_NSGAII_EXEC_30_6;720259.0;6184338.935200004;0.145431934141815;0.005415773128541069;0.15509992995995617;0.29086386828363
S_PE_NSGAII_EXEC_30_7;720217.0;6645636.264000001;0.14542956485633757;0.00547376967912718;0.16666902152128094;0.29085912971267514
S_PE_NSGAII_EXEC_30_9;719551.0;6417397.387100005;0.14542832563946875;0.006393429266992644;0.16094491192892985;0.2908566512789375
S_PE_NSGAII_EXEC_30_10;719012.0;5893890.341200004;0.14541960660428457;0.007137718332847727;0.14781563376299964;0.29083921320856915
S_PE_NSGAII_EXEC_30_91;594652.0;483609.58979999996;0.4911286888059768;0.17886274287781645;0.012128671195398727;0.9822573776119536
S_PE_NSGAII_EXEC_30_96;577300.0;0.0;0.4717301819355198;0.20282360349139233;0.0;0.9434603638710396
S_PE_NSGAII_EXEC_30_97;573721.0;0.0;0.4693179911358322;0.20776573812348018;0.0;0.9386359822716644
S_PE_NSGAII_EXEC_30_98;570533.0;0.0;0.4648075877744367;0.21216795248701636;0.0;0.9296151755488734
S_PE_NSGAII_EXEC_30_99;568181.0;0.0;0.4618354689836756;0.21541575931983856;0.0;0.9236709379673512
S_PE_NSGAII_EXEC_30_100;566461.0;0.0;0.46042823604428873;0.21779085615336496;0.0;0.9208564720885775
S_PE_NSGAII_EXEC_30_101;564553.0;0.0;0.45891800475291916;0.22042555659427684;0.0;0.9178360095058383
S_PE_NSGAII_EXEC_30_102;561496.0;0.0;0.4565952772766841;0.22464687695479446;0.0;0.9131905545533682
S_PE_NSGAII_EXEC_30_104;556772.0;0.0;0.45076496375923425;0.23117010802547983;0.0;0.9015299275184685
S_PE_NSGAII_EXEC_30_105;554864.0;0.0;0.44916496165120257;0.23380480846639168;0.0;0.8983299233024051
S_PE_NSGAII_EXEC_30_106;553206.0;0.0;0.4465298731992342;0.236094291344291;0.0;0.8930597463984684
S_PE_NSGAII_EXEC_30_107;549304.0;0.0;0.44212385527273956;0.24148244706779107;0.0;0.8842477105454791
S_PE_NSGAII_EXEC_30_108;547202.0;0.0;0.441013771873554;0.24438503633760067;0.0;0.882027543747108
S_PE_NSGAII_EXEC_30_110;539287.0;0.0;0.4294968216015916;0.2553146243825784;0.0;0.8589936432031832
S_PE_NSGAII_EXEC_30_111;537999.0;0.0;0.42895261258727135;0.2570931852672191;0.0;0.8579052251745427
S_PE_NSGAII_EXEC_30_114;531958.0;0.0;0.4213817568348726;0.2654350224598547;0.0;0.8427635136697452
S_PE_NSGAII_EXEC_30_115;528858.0;0.0;0.41894767565101976;0.26971572024121043;0.0;0.8378953513020395
S_PE_NSGAII_EXEC_30_116;526328.0;0.0;0.4134167082089239;0.2732093219788975;0.0;0.8268334164178478
S_PE_NSGAII_EXEC_30_117;522418.0;0.0;0.40970940208508344;0.278608524664414;0.0;0.8194188041701669
S_PE_NSGAII_EXEC_30_119;517872.0;0.0;0.40482061686460163;0.28488596083023443;0.0;0.8096412337292033
S_PE_NSGAII_EXEC_30_120;516014.0;0.0;0.4008801217531615;0.2874516177585438;0.0;0.801760243506323
S_PE_NSGAII_EXEC_30_123;508317.0;0.0;0.3947039941827841;0.29808017608857457;0.0;0.7894079883655682
S_PE_NSGAII_EXEC_30_124;506381.0;0.0;0.39049499423577777;0.3007535408965438;0.0;0.7809899884715555
S_PE_NSGAII_EXEC_30_126;502572.0;0.0;0.3883679591061102;0.3060132756866032;0.0;0.7767359182122204
S_PE_NSGAII_EXEC_30_127;500782.0;0.0;0.38395450847419804;0.30848503343777317;0.0;0.7679090169483961
S_PE_NSGAII_EXEC_30_128;498185.0;0.0;0.3806106935515531;0.31207115348234765;0.0;0.7612213871031062
S_PE_NSGAII_EXEC_30_129;494555.0;0.0;0.3771220122587733;0.31708371249729006;0.0;0.7542440245175466
S_PE_NSGAII_EXEC_30_130;491168.0;0.0;0.37348183070539975;0.3217607200409842;0.0;0.7469636614107995
S_PE_NSGAII_EXEC_30_131;489260.0;0.0;0.3711710027045924;0.3243954204818961;0.0;0.7423420054091848
S_PE_NSGAII_EXEC_30_132;487294.0;0.0;0.3687953499784529;0.3271102113974269;0.0;0.7375906999569058
S_PE_NSGAII_EXEC_30_133;484531.0;0.0;0.36624030994336243;0.3309255559038417;0.0;0.7324806198867249
S_PE_NSGAII_EXEC_30_135;478266.0;0.0;0.35986313639611756;0.3395767080329365;0.0;0.7197262727922351
S_PE_NSGAII_EXEC_30_137;475060.0;0.0;0.35592802213254565;0.3440037780610096;0.0;0.7118560442650913
S_PE_NSGAII_EXEC_30_138;471430.0;0.0;0.3520559546025041;0.34901633707595203;0.0;0.7041119092050082
S_PE_NSGAII_EXEC_30_139;470099.0;0.0;0.3505331623003508;0.3508542753814309;0.0;0.7010663246007016
S_PE_NSGAII_EXEC_30_140;468133.0;0.0;0.3479409699869868;0.35356906629696166;0.0;0.6958819399739736
S_PE_NSGAII_EXEC_30_141;466310.0;0.0;0.34657259172313953;0.35608639276644927;0.0;0.6931451834462791
S_PE_NSGAII_EXEC_30_142;464507.0;0.0;0.34496927687866386;0.3585761018308959;0.0;0.6899385537573277
S_PE_NSGAII_EXEC_30_143;462588.0;0.0;0.34231572219946194;0.3612259918445803;0.0;0.6846314443989239
S_PE_NSGAII_EXEC_30_144;461581.0;0.0;0.34091537172898945;0.3626165281883949;0.0;0.6818307434579789
S_PE_NSGAII_EXEC_30_145;458002.0;0.0;0.3378075549047358;0.3675586628204827;0.0;0.6756151098094716
S_PE_NSGAII_EXEC_30_146;456036.0;0.0;0.3350754888280271;0.3702734537360135;0.0;0.6701509776560542
S_PE_NSGAII_EXEC_30_147;452410.0;0.0;0.3318447964277861;0.3752804892699477;0.0;0.6636895928555722
S_PE_NSGAII_EXEC_30_148;450444.0;0.0;0.32904321742041015;0.3779952801854785;0.0;0.6580864348408203
S_PE_NSGAII_EXEC_30_149;447027.0;0.0;0.3264163703750265;0.3827137138367342;0.0;0.652832740750053
S_PE_NSGAII_EXEC_30_150;444270.0;0.0;0.3228077722611629;0.38652077312163674;0.0;0.6456155445223258
S_PE_NSGAII_EXEC_30_151;442157.0;0.0;0.32010704576935156;0.3894385519642189;0.0;0.6402140915387031
S_PE_NSGAII_EXEC_30_152;439690.0;0.0;0.31790600150173776;0.39284515887602683;0.0;0.6358120030034755
S_PE_NSGAII_EXEC_30_153;438026.0;0.0;0.3163571398259581;0.39514292697543846;0.0;0.6327142796519162
S_PE_NSGAII_EXEC_30_154;435913.0;0.0;0.3135776743302435;0.3980607058180206;0.0;0.627155348660487
S_PE_NSGAII_EXEC_30_155;432092.0;0.0;0.3103777201908436;0.40333701105110464;0.0;0.6207554403816872
S_PE_NSGAII_EXEC_30_156;431389.0;0.0;0.30967787326561313;0.40430776283829595;0.0;0.6193557465312263
S_PE_NSGAII_EXEC_30_157;427811.0;0.0;0.30822429800825285;0.40924851660013173;0.0;0.6164485960165057
S_PE_NSGAII_EXEC_30_158;426987.0;0.0;0.30582199876717664;0.4103863536878211;0.0;0.6116439975343533
S_PE_NSGAII_EXEC_30_159;423210.0;0.0;0.3012544467667841;0.41560190062981495;0.0;0.6025088935335682
S_PE_NSGAII_EXEC_30_160;421302.0;0.0;0.29813256728616216;0.4182366010707268;0.0;0.5962651345723243
S_PE_NSGAII_EXEC_30_161;418860.0;0.0;0.297083939309414;0.4216086862262335;0.0;0.594167878618828
S_PE_NSGAII_EXEC_30_162;415083.0;0.0;0.29235485417429286;0.42682423316822726;0.0;0.5847097083485857
S_PE_NSGAII_EXEC_30_163;410233.0;0.0;0.2908930689048325;0.433521453890671;0.0;0.581786137809665
S_PE_NSGAII_EXEC_30_164;407037.0;0.0;0.28665740961866853;0.43793471521622357;0.0;0.5733148192373371
S_PE_NSGAII_EXEC_30_165;402301.0;0.0;0.2842261123081311;0.44447451672993354;0.0;0.5684522246162622
S_PE_NSGAII_EXEC_30_166;400279.0;0.0;0.28229846385118096;0.44726663637957914;0.0;0.5645969277023619
S_PE_NSGAII_EXEC_30_167;395543.0;0.0;0.2798155080252757;0.4538064378932891;0.0;0.5596310160505514
S_PE_NSGAII_EXEC_30_168;393521.0;0.0;0.27787657048455483;0.4565985575429347;0.0;0.5557531409691097
S_PE_NSGAII_EXEC_30_169;388785.0;0.0;0.27533982453609795;0.4631383590566447;0.0;0.5506796490721959
S_PE_NSGAII_EXEC_30_170;387497.0;0.0;0.2743038348929666;0.4649169199412854;0.0;0.5486076697859332
S_PE_NSGAII_EXEC_30_171;382027.0;0.0;0.2725275109962636;0.47247028022000026;0.0;0.5450550219925272
