S_SC_SPEA2_EXEC_20_1;569392.0;3015516.2661000006;0.0;-0.0;0.09296675337132952;0.0
S_SC_SPEA2_EXEC_20_2;567805.0;2803443.5837000003;0.1006681310836356;0.002787183522072667;0.08642866601855405;0.2013362621672712
S_SC_SPEA2_EXEC_20_3;566700.0;2743507.5608;0.14162794485492441;0.0047278500576053055;0.08458087049456933;0.28325588970984883
S_SC_SPEA2_EXEC_20_4;566429.0;2766323.619;0.1295130782321518;0.00520379633012055;0.0852842773637117;0.2590261564643036
S_SC_SPEA2_EXEC_20_5;565891.0;2789754.2438000003;0.1295130782321517;0.006148663837918341;0.0860066309923774;0.2590261564643034
S_SC_SPEA2_EXEC_20_6;565324.0;2706387.5960999997;0.16296704964250236;0.007144462865653188;0.08343648183972699;0.3259340992850047
S_SC_SPEA2_EXEC_20_7;564786.0;2695188.6971;0.16296704964250217;0.008089330373450979;0.0830912257742673;0.32593409928500433
S_SC_SPEA2_EXEC_20_8;564388.0;2718484.3318999987;0.152708923694178;0.008788321578104365;0.08380941773344415;0.305417847388356
S_SC_SPEA2_EXEC_20_9;563377.0;2687098.3137999987;0.20591267070304917;0.010563899738668616;0.08284180358497714;0.41182534140609833
S_SC_SPEA2_EXEC_20_10;562925.0;2661475.4531999994;0.190087376322789;0.011357728945963414;0.08205186449930646;0.380174752645578
S_SC_SPEA2_EXEC_20_11;562293.0;2677533.264699999;0.19008737632278896;0.012467684828729592;0.08254691823792697;0.38017475264557793
S_SC_SPEA2_EXEC_20_12;561348.0;2640336.2839;0.20591267070304922;0.014127349874954337;0.08140015521792046;0.41182534140609844
S_SC_SPEA2_EXEC_20_13;559997.0;2617752.361099999;0.21330375415699349;0.01650005620029786;0.08070390495898214;0.42660750831398697
S_SC_SPEA2_EXEC_20_14;559052.0;2597097.1955999993;0.22721251845861098;0.018159721246522608;0.08006711725583839;0.45442503691722197
S_SC_SPEA2_EXEC_20_15;555855.0;2589083.2882000003;0.2521904873981041;0.02377448225475595;0.07982005277763547;0.5043809747962082
S_SC_SPEA2_EXEC_20_16;555206.0;2540311.7424;0.26895410655079216;0.024914294545761093;0.07831645211034702;0.5379082131015843
S_SC_SPEA2_EXEC_20_17;552379.0;1833813.4053000007;0.3411010997916923;0.029879239609969934;0.0565354863099616;0.6822021995833846
S_SC_SPEA2_EXEC_20_18;551615.0;1807967.4607000006;0.34470243392745403;0.031221021721415124;0.055738669663906885;0.6894048678549081
S_SC_SPEA2_EXEC_20_19;550535.0;1732793.9679000005;0.35169517078338575;0.033117781774243404;0.05342111109399822;0.7033903415667715
S_SC_SPEA2_EXEC_20_20;550430.0;1773174.5511000003;0.3446351419090077;0.03330218900160171;0.05466602287296865;0.6892702838180154
S_SC_SPEA2_EXEC_20_21;550390.0;1684364.6589000006;0.35189532220104275;0.03337243937392868;0.05192806140417851;0.7037906444020855
S_SC_SPEA2_EXEC_20_22;550299.0;1889518.089000001;0.3410943732003408;0.03353225897097255;0.05825283190991205;0.6821887464006816
S_SC_SPEA2_EXEC_20_23;549883.0;1735136.4635000005;0.3481498141654667;0.03426286284317307;0.05349332898025763;0.6962996283309334
S_SC_SPEA2_EXEC_20_24;549738.0;1686707.1545000006;0.34836420951238833;0.03451752044285835;0.05200027929043793;0.6967284190247767
S_SC_SPEA2_EXEC_20_25;549647.0;1943053.6528000012;0.337377710988065;0.034677340039902214;0.05990330470368893;0.67475542197613
S_SC_SPEA2_EXEC_20_26;549564.0;2003635.7008000012;0.3373753873893611;0.03482310956248068;0.06177101683592363;0.6747507747787223
S_SC_SPEA2_EXEC_20_27;549392.0;1962077.522500001;0.3373087002293496;0.035125186163486664;0.060489800429959883;0.6746174004586992
S_SC_SPEA2_EXEC_20_28;549158.0;1669659.3246000004;0.3616895845302904;0.03553615084159946;0.0514747038141433;0.7233791690605808
S_SC_SPEA2_EXEC_20_29;549099.0;1647574.9162000003;0.3518244434438913;0.03563977014078175;0.05079385331694806;0.7036488868877826
S_SC_SPEA2_EXEC_20_30;549027.0;1629005.349;0.35162507639194945;0.0357662208109703;0.050221363493728674;0.7032501527838989
S_SC_SPEA2_EXEC_20_31;548803.0;1662502.6424000002;0.34455365397310395;0.03615962289600135;0.051254067130294505;0.6891073079462079
S_SC_SPEA2_EXEC_20_32;547693.0;1556158.645;0.3636808310181118;0.03810907072807486;0.04797553857783759;0.7273616620362237
S_SC_SPEA2_EXEC_20_33;547678.0;1575127.9734999996;0.3604552181769248;0.038135414617697476;0.04856035282808866;0.7209104363538495
S_SC_SPEA2_EXEC_20_34;547577.0;1474360.1604000002;0.3760776588845552;0.03831279680782308;0.045453735054691045;0.7521553177691104
S_SC_SPEA2_EXEC_20_35;546769.0;2025868.4053000004;0.33347779790447973;0.03973185432882794;0.06245643922255271;0.6669555958089595
S_SC_SPEA2_EXEC_20_36;545719.0;1460572.0001999997;0.37408581140087654;0.041575926602410995;0.04502865345152807;0.7481716228017531
S_SC_SPEA2_EXEC_20_37;545546.0;1431394.2449999999;0.3875276051572136;0.04187975946272515;0.04412911886698557;0.7750552103144271
S_SC_SPEA2_EXEC_20_38;544587.0;1691428.2657000003;0.3411797383395127;0.043564012139264335;0.0521458286232348;0.6823594766790254
S_SC_SPEA2_EXEC_20_39;544385.0;1387725.2961999997;0.38465818137792634;0.043918776519515555;0.04278282853563698;0.7693163627558527
S_SC_SPEA2_EXEC_20_40;544370.0;1406694.6246999998;0.38182353383798195;0.043945120409138165;0.04336764278588807;0.7636470676759639
S_SC_SPEA2_EXEC_20_41;543869.0;1734222.6298000002;0.33720742823225375;0.04482500632253351;0.05346515597613048;0.6744148564645075
S_SC_SPEA2_EXEC_20_42;543857.0;1957675.0276000006;0.33353168857488397;0.0448460814342316;0.060354073867252195;0.6670633771497679
S_SC_SPEA2_EXEC_20_43;543378.0;2085638.0387000008;0.32652489617264907;0.04568732964284711;0.0642991050472604;0.6530497923452981
S_SC_SPEA2_EXEC_20_44;543340.0;1319478.1154999998;0.4058317220084347;0.045754067496557735;0.040678804462627706;0.8116634440168694
S_SC_SPEA2_EXEC_20_45;543255.0;1348954.0053000005;0.39286162031226735;0.04590334953775255;0.04158753037740487;0.7857232406245347
S_SC_SPEA2_EXEC_20_46;543122.0;2071792.6394000002;0.32966994412977874;0.046136932025739735;0.06387225879326376;0.6593398882595575
S_SC_SPEA2_EXEC_20_47;543096.0;1443402.6394999998;0.3739541589574765;0.04618259476775227;0.044499331245680826;0.747908317914953
S_SC_SPEA2_EXEC_20_48;542955.0;1370363.9747999997;0.3928616203122672;0.04643022733020485;0.0422475882840957;0.7857232406245344
S_SC_SPEA2_EXEC_20_49;542759.0;1729543.2523000005;0.33718248172906434;0.04677445415460702;0.053320893270979684;0.6743649634581287
S_SC_SPEA2_EXEC_20_50;542759.0;2056687.1696000004;0.3304126095728487;0.04677445415460702;0.06340656523981102;0.6608252191456974
S_SC_SPEA2_EXEC_20_51;542451.0;1317830.1024000002;0.410642413337992;0.047315382021524716;0.04062799710033861;0.821284826675984
S_SC_SPEA2_EXEC_20_52;542388.0;2015138.4222000008;0.32965519857175757;0.047426026357939695;0.06212563958344935;0.6593103971435151
S_SC_SPEA2_EXEC_20_53;541769.0;1986187.5531000004;0.33348017969041305;0.04851315086969961;0.061233099775999965;0.6669603593808261
S_SC_SPEA2_EXEC_20_54;541752.0;1318035.0212000003;0.3980904335240487;0.048543007277938574;0.04063431463732388;0.7961808670480974
S_SC_SPEA2_EXEC_20_55;541721.0;1565257.4638;0.3514317577653745;0.04859745131649198;0.0482560502941428;0.702863515530749
S_SC_SPEA2_EXEC_20_56;541618.0;2030589.5165000001;0.3256935514716772;0.04877834602523393;0.0626019885553496;0.6513871029433544
S_SC_SPEA2_EXEC_20_57;541588.0;1380288.5669999996;0.38729363639688524;0.04883103380447917;0.04255355815258581;0.7745872727937705
S_SC_SPEA2_EXEC_20_58;541496.0;1621556.298;0.344457521312778;0.0489926096608312;0.0499917132361749;0.688915042625556
S_SC_SPEA2_EXEC_20_59;541311.0;1364972.1386000002;0.38440773240957915;0.049317517632843456;0.042081360858344734;0.7688154648191583
S_SC_SPEA2_EXEC_20_60;540439.0;1263080.8079;0.4041007177020103;0.05084897574957147;0.038940105638350715;0.8082014354040206
S_SC_SPEA2_EXEC_20_61;540289.0;1185904.1102999996;0.42205280900801695;0.051112414645797626;0.036560789336047284;0.8441056180160339
S_SC_SPEA2_EXEC_20_62;540247.0;1469739.4586;0.367841695705905;0.05118617753674094;0.04531128128998341;0.73568339141181
S_SC_SPEA2_EXEC_20_63;540162.0;1515353.6369;0.3615460085602916;0.05133545957793576;0.04671754200624091;0.7230920171205832
S_SC_SPEA2_EXEC_20_64;540119.0;1527557.1541000002;0.3608265116291116;0.05141097872818726;0.04709376991339874;0.7216530232582232
S_SC_SPEA2_EXEC_20_65;539842.0;1460572.0001999997;0.37160897647770313;0.051897462556551546;0.04502865345152807;0.7432179529554063
S_SC_SPEA2_EXEC_20_66;539692.0;1432313.9129;0.3727425112195328;0.0521609014527777;0.04415747173637779;0.7454850224390656
S_SC_SPEA2_EXEC_20_67;539601.0;1783286.9876;0.3296922499780349;0.052320721049821564;0.054977783880742814;0.6593844999560698
S_SC_SPEA2_EXEC_20_68;539451.0;1618718.9537000002;0.35141151942801147;0.05258415994604771;0.04990423942920759;0.7028230388560229
S_SC_SPEA2_EXEC_20_69;539117.0;1279333.1597999998;0.4029671168695248;0.05317075055497794;0.03944115695343629;0.8059342337390496
S_SC_SPEA2_EXEC_20_70;539107.0;1477697.9962000002;0.3634680949889566;0.053188313148059684;0.04555663874687173;0.7269361899779132
S_SC_SPEA2_EXEC_20_71;539031.0;1193094.7068999999;0.42171506443554235;0.05332178885548093;0.036782471582706;0.8434301288710847
S_SC_SPEA2_EXEC_20_72;538797.0;1200614.0966999999;0.4128013718120107;0.053732753533593726;0.03701429034783691;0.8256027436240214
S_SC_SPEA2_EXEC_20_73;538577.0;1212248.005;0.4112680254849579;0.05411913058139208;0.03737295751731286;0.8225360509699158
S_SC_SPEA2_EXEC_20_74;538521.0;1708113.4948;0.3372399752416035;0.054217481102649845;0.052660225310834155;0.674479950483207
S_SC_SPEA2_EXEC_20_75;538071.0;1660687.9848000002;0.33748368820542013;0.05500779779132829;0.051198122207214786;0.6749673764108403
S_SC_SPEA2_EXEC_20_76;537999.0;1633726.4602;0.3416937163966784;0.05513424846151685;0.05036691282652556;0.6833874327933568
S_SC_SPEA2_EXEC_20_77;537969.0;1358764.3152999994;0.38168010467011804;0.055186936240762076;0.04188997698680278;0.7633602093402361
S_SC_SPEA2_EXEC_20_78;537896.0;1116121.4646;0.43431130013573155;0.055315143170258804;0.03440942769846572;0.8686226002714631
S_SC_SPEA2_EXEC_20_79;537661.0;1168097.2211999998;0.41818135918518823;0.05572786410767977;0.03601181247066585;0.8363627183703765
S_SC_SPEA2_EXEC_20_80;537540.0;1342764.1907;0.3954369494932528;0.05594037148396887;0.04139670170445039;0.7908738989865056
S_SC_SPEA2_EXEC_20_81;537526.0;1124868.8396000003;0.4281185789967792;0.05596495911428331;0.0346791045904174;0.8562371579935584
S_SC_SPEA2_EXEC_20_82;537432.0;1621555.7465;0.34114072570091497;0.05613004748925169;0.04999169623372492;0.6822814514018299
S_SC_SPEA2_EXEC_20_83;537353.0;1703482.3489000006;0.33342826756881266;0.056268791974597464;0.05251744956011047;0.6668565351376253
S_SC_SPEA2_EXEC_20_84;537299.0;2071473.1182000008;0.3177047750546319;0.05636362997723888;0.06386240812559163;0.6354095501092638
S_SC_SPEA2_EXEC_20_85;536554.0;1528594.7325000002;0.3575769121226024;0.05767204316182876;0.04712575790043121;0.7151538242452048
S_SC_SPEA2_EXEC_20_86;536553.0;1107347.0852;0.4301381418690498;0.05767379942113693;0.034138918275307725;0.8602762837380996
S_SC_SPEA2_EXEC_20_87;536372.0;1427743.6686;0.3695805721437266;0.057991682355916487;0.04401657354940355;0.7391611442874532
S_SC_SPEA2_EXEC_20_88;536272.0;1548434.2221000004;0.35417957479763174;0.05816730828673392;0.04773739875191356;0.7083591495952635
S_SC_SPEA2_EXEC_20_89;535839.0;1397911.1972999999;0.38163546228997053;0.058927768567173404;0.04309685441773019;0.7632709245799411
S_SC_SPEA2_EXEC_20_90;535793.0;1560060.3916000002;0.34812753813839625;0.059008556495349425;0.04809582733832528;0.6962550762767925
S_SC_SPEA2_EXEC_20_91;535454.0;2032567.7491000004;0.3224334655462344;0.05960392840082052;0.06266297640817693;0.6448669310924688
S_SC_SPEA2_EXEC_20_92;535310.0;1840664.7696000005;0.32639118889570357;0.05985682974119763;0.056746710206279354;0.6527823777914071
S_SC_SPEA2_EXEC_20_93;535133.0;2037014.0963000006;0.32241121455226995;0.060167687638744485;0.06280005491383538;0.6448224291045399
S_SC_SPEA2_EXEC_20_94;535053.0;1333669.8732999996;0.38153794545083114;0.06030818838339843;0.041116328763899194;0.7630758909016623
S_SC_SPEA2_EXEC_20_95;534957.0;1046454.8949999999;0.43995529959387064;0.06047678927698317;0.03226164462495369;0.8799105991877413
S_SC_SPEA2_EXEC_20_96;534502.0;1313713.7994;0.3844053853957181;0.06127588726220249;0.040501093680813165;0.7688107707914362
S_SC_SPEA2_EXEC_20_97;534458.0;1267589.0685000003;0.39278618848607155;0.06135316267176216;0.03907909290101137;0.7855723769721431
S_SC_SPEA2_EXEC_20_98;534219.0;1741560.9294000003;0.3298078260404272;0.061772908646415825;0.05369139182726732;0.6596156520808544
S_SC_SPEA2_EXEC_20_99;533934.0;1079145.4474;0.42153925192818287;0.06227344254924551;0.03326947686804548;0.8430785038563657
S_SC_SPEA2_EXEC_20_100;533849.0;1778392.6513;0.322077292826297;0.06242272459044033;0.05482689411077751;0.644154585652594
S_SC_SPEA2_EXEC_20_101;533806.0;1272512.5240000002;0.39270323583483197;0.06249824374069182;0.03923088040033572;0.7854064716696639
S_SC_SPEA2_EXEC_20_102;533625.0;1211073.4994;0.40525182194816106;0.06281612667547137;0.037336748137951875;0.8105036438963221
S_SC_SPEA2_EXEC_20_103;533563.0;1034096.6304999999;0.4470052108567161;0.0629250147525782;0.031880645941316996;0.8940104217134321
S_SC_SPEA2_EXEC_20_104;533093.0;1412977.0727000004;0.37831909469707214;0.06375045662742013;0.043561327297011475;0.7566381893941443
S_SC_SPEA2_EXEC_20_105;533085.0;1752546.7067000004;0.32604470676845115;0.06376450670188552;0.05403007746472281;0.6520894135369023
S_SC_SPEA2_EXEC_20_106;532934.0;1375650.8008000003;0.37264892912817127;0.06402970185741984;0.042410578301554584;0.7452978582563425
S_SC_SPEA2_EXEC_20_107;532926.0;1003488.9796000001;0.4470052108567161;0.06404375193188525;0.030937028437248233;0.8940104217134321
S_SC_SPEA2_EXEC_20_108;532869.0;1010302.6576000004;0.4358694390882498;0.06414385871245118;0.031147090485096816;0.8717388781764996
S_SC_SPEA2_EXEC_20_109;532786.0;1305676.5263999999;0.3870341244668676;0.06428962823502965;0.04025330885366136;0.7740682489337352
S_SC_SPEA2_EXEC_20_110;532590.0;993928.3899;0.44868548556811544;0.06463385505943181;0.03064228057111455;0.8973709711362309
S_SC_SPEA2_EXEC_20_111;532512.0;1672962.5998999998;0.33021778282858566;0.0647708432854694;0.05157654202459667;0.6604355656571713
S_SC_SPEA2_EXEC_20_112;531967.0;1812415.1914000004;0.3183984423749856;0.06572800460842443;0.05587579082213023;0.6367968847499712
S_SC_SPEA2_EXEC_20_113;531897.0;1017687.4752000003;0.429823747960588;0.06585094275999663;0.03137476046128944;0.859647495921176
S_SC_SPEA2_EXEC_20_114;531781.0;1710870.5073000002;0.3259717769200539;0.06605466883974485;0.05274522253137997;0.6519435538401078
S_SC_SPEA2_EXEC_20_115;531779.0;973119.2661;0.4519499835782715;0.0660581813583612;0.03000074641593984;0.903899967156543
S_SC_SPEA2_EXEC_20_116;531644.0;1358680.4546000003;0.37596067235188807;0.06629527636496474;0.041887391606282035;0.7519213447037761
S_SC_SPEA2_EXEC_20_117;531483.0;1602986.1793;0.33800471040180213;0.0665780341135808;0.049419206410505546;0.6760094208036043
S_SC_SPEA2_EXEC_20_118;531454.0;982880.0938000003;0.4431670452304791;0.06662896563351786;0.030301667512498725;0.8863340904609582
S_SC_SPEA2_EXEC_20_119;531196.0;1350018.3566999997;0.37889076765236607;0.06708208053502683;0.04162034376170544;0.7577815353047321
S_SC_SPEA2_EXEC_20_120;530817.0;1408399.1527999998;0.36324929018319074;0.06774770281282491;0.043420192475395185;0.7264985803663815
S_SC_SPEA2_EXEC_20_121;530762.0;1055112.3706;0.4236668081675001;0.06784429707477449;0.032528549966493917;0.8473336163350002
S_SC_SPEA2_EXEC_20_122;530480.0;1457381.5524;0.35677089719302923;0.06833956219967965;0.044930293652544036;0.7135417943860585
S_SC_SPEA2_EXEC_20_123;530166.0;1231989.3334;0.39786886277635014;0.0688910276224464;0.0379815721115093;0.7957377255527003
S_SC_SPEA2_EXEC_20_124;529950.0;1212541.9688000001;0.39775441306394593;0.06927037963301205;0.037382020264014625;0.7955088261278919
S_SC_SPEA2_EXEC_20_125;529759.0;1287935.2212000003;0.3869940307635685;0.06960582516087335;0.03970635390483365;0.773988061527137
S_SC_SPEA2_EXEC_20_126;529626.0;1294444.5772;0.38422051451075145;0.06983940764886054;0.039907033868215445;0.7684410290215029
S_SC_SPEA2_EXEC_20_127;529545.0;1157883.5418999998;0.40776181959600916;0.06998166465282266;0.03569693020152625;0.8155236391920183
S_SC_SPEA2_EXEC_20_128;529088.0;961746.4537000002;0.437525793762023;0.07078427515665833;0.02965012869339093;0.875051587524046
S_SC_SPEA2_EXEC_20_129;529086.0;1414137.0522999996;0.3611958545353603;0.07078778767527467;0.04359708884756294;0.7223917090707206
S_SC_SPEA2_EXEC_20_130;528927.0;924913.2621000002;0.44993237772692773;0.0710670329052744;0.028514581099815927;0.8998647554538555
S_SC_SPEA2_EXEC_20_131;528850.0;941202.6498000001;0.44494519196384713;0.07120226487200382;0.02901677420880367;0.8898903839276943
S_SC_SPEA2_EXEC_20_132;528382.0;1221468.1622000001;0.3950209206635441;0.07202419422822941;0.03765721003158164;0.7900418413270882
S_SC_SPEA2_EXEC_20_133;528350.0;1103867.9166;0.41936744656057684;0.07208039452609098;0.03403165736850725;0.8387348931211537
S_SC_SPEA2_EXEC_20_134;528287.0;1638986.8532;0.3376971383276182;0.07219103886250597;0.05052908792873443;0.6753942766552364
S_SC_SPEA2_EXEC_20_135;528251.0;1123574.7283000003;0.41716238124255695;0.07225426419760025;0.03463920783130697;0.8343247624851139
S_SC_SPEA2_EXEC_20_136;528143.0;1564177.596;0.34126860810764614;0.07244394020288307;0.04822275854753051;0.6825372162152923
S_SC_SPEA2_EXEC_20_137;528091.0;1494216.6651999997;0.35174613732728094;0.07253526568690814;0.04606590047568731;0.7034922746545619
S_SC_SPEA2_EXEC_20_138;528032.0;1288392.3546999998;0.38149645826198286;0.07263888498609043;0.03972044708610082;0.7629929165239657
S_SC_SPEA2_EXEC_20_139;528017.0;1074854.5252999999;0.4191090206672758;0.07266522887571304;0.033137190035077334;0.8382180413345516
S_SC_SPEA2_EXEC_20_140;527952.0;874604.3205000001;0.4709463798999801;0.07277938573074437;0.026963583342424054;0.9418927597999602
S_SC_SPEA2_EXEC_20_141;527758.0;869251.2129000002;0.474428157073358;0.07312010003653019;0.026798549898693697;0.948856314146716
S_SC_SPEA2_EXEC_20_142;527514.0;1114917.6265;0.41697364853793273;0.07354862730772473;0.034372314013820786;0.8339472970758655
S_SC_SPEA2_EXEC_20_143;527437.0;901553.7593000002;0.45797822431898766;0.07368385927445416;0.027794420124364415;0.9159564486379753
S_SC_SPEA2_EXEC_20_144;527098.0;915638.4459;0.4564868933275075;0.07427923117992526;0.0282286434778163;0.912973786655015
S_SC_SPEA2_EXEC_20_145;526921.0;1033033.7557;0.4233914467813813;0.07459008907747211;0.03184787807980451;0.8467828935627626
S_SC_SPEA2_EXEC_20_146;526785.0;851729.4585000002;0.4755143899687532;0.07482894034338382;0.026258363583584035;0.9510287799375065
S_SC_SPEA2_EXEC_20_147;526539.0;841591.8869000002;0.4732541709130587;0.07526098013319471;0.02594582767412257;0.9465083418261174
S_SC_SPEA2_EXEC_20_148;526428.0;923197.8707000001;0.44467565551171406;0.07545592491640206;0.028461696500581;0.8893513110234281
S_SC_SPEA2_EXEC_20_149;526408.0;1371600.7623;0.37289869848411594;0.07549105010256554;0.042285717781116776;0.7457973969682319
S_SC_SPEA2_EXEC_20_150;526275.0;1766365.1093000001;0.3187358553317202;0.07572463259055273;0.054456091424899974;0.6374717106634404
S_SC_SPEA2_EXEC_20_151;526135.0;1681481.554;0.31884754787039354;0.07597050889369714;0.051839176822392224;0.6376950957407871
S_SC_SPEA2_EXEC_20_152;526103.0;1724806.9310000003;0.31869446729072787;0.07602670919155871;0.05317487501893624;0.6373889345814557
S_SC_SPEA2_EXEC_20_153;526072.0;1527843.0896000003;0.351447056604713;0.07608115323011212;0.04710258515190614;0.702894113209426
S_SC_SPEA2_EXEC_20_154;526020.0;1017687.4752000003;0.4279991093920853;0.07617247871413718;0.03137476046128944;0.8559982187841706
S_SC_SPEA2_EXEC_20_155;525996.0;1403513.6523999998;0.3634403395063387;0.07621462893753336;0.04326957511150023;0.7268806790126774
S_SC_SPEA2_EXEC_20_156;525899.0;1819284.8334000008;0.310335956070121;0.07638498609042628;0.056087578210161575;0.620671912140242
S_SC_SPEA2_EXEC_20_157;525879.0;1421722.8675999998;0.3605941088590614;0.07642011127658976;0.043830955475325374;0.7211882177181228
S_SC_SPEA2_EXEC_20_158;525871.0;1170635.3593;0.40262762598857843;0.07643416135105516;0.03609006191054377;0.8052552519771569
S_SC_SPEA2_EXEC_20_159;525862.0;883824.1017000001;0.45287612592417853;0.07644996768482873;0.027247824264813956;0.9057522518483571
S_SC_SPEA2_EXEC_20_160;525852.0;839823.6846000003;0.4765116065902708;0.07646753027791048;0.025891314943091177;0.9530232131805416
S_SC_SPEA2_EXEC_20_161;525581.0;1650419.8964;0.32332971162153445;0.07694347655042572;0.05088156253462764;0.6466594232430689
S_SC_SPEA2_EXEC_20_162;525568.0;2090829.6120000007;0.3014065602331789;0.07696630792143198;0.0644591584749325;0.6028131204663578
S_SC_SPEA2_EXEC_20_163;525543.0;995465.4908000001;0.4295317343597864;0.07701021440413634;0.030689668569608745;0.8590634687195728
S_SC_SPEA2_EXEC_20_164;525520.0;1302054.5167999996;0.378386267555771;0.07705060836822435;0.04014164423524188;0.756772535111542
S_SC_SPEA2_EXEC_20_165;525451.0;1778342.4948000005;0.31454322433606596;0.07717179026048838;0.054825347812713116;0.6290864486721319
S_SC_SPEA2_EXEC_20_166;525443.0;1253005.0011000002;0.3897022013566751;0.07718584033495378;0.03862947390463296;0.7794044027133502
S_SC_SPEA2_EXEC_20_167;525421.0;1381855.3620999996;0.36706608480730546;0.0772244780397336;0.04260186160738146;0.7341321696146109
S_SC_SPEA2_EXEC_20_168;525364.0;1604658.7491000001;0.3307234527066191;0.07732458482029955;0.04947077084271936;0.6614469054132383
S_SC_SPEA2_EXEC_20_169;525363.0;1807128.3007000005;0.3145432243360659;0.07732634107960772;0.055712798810004974;0.6290864486721318
S_SC_SPEA2_EXEC_20_170;525300.0;1182545.4709999997;0.3976906145221559;0.0774369854160227;0.036457244283090176;0.7953812290443119
S_SC_SPEA2_EXEC_20_171;525196.0;853952.4278000001;0.47066008850038854;0.07761963638407283;0.02632689653795354;0.9413201770007771
S_SC_SPEA2_EXEC_20_172;524908.0;1468919.3228000002;0.3502306876002419;0.07812543906482704;0.04528599694199075;0.7004613752004838
S_SC_SPEA2_EXEC_20_173;524630.0;891399.3002000002;0.4480518580384107;0.0786136791524995;0.027481363582311708;0.8961037160768214
S_SC_SPEA2_EXEC_20_174;524479.0;981394.4982000001;0.4296092469878871;0.07887887430803384;0.03025586739485142;0.8592184939757742
S_SC_SPEA2_EXEC_20_175;524304.0;970769.3289000002;0.43158476977600796;0.07918621968696433;0.029928299109133222;0.8631695395520159
S_SC_SPEA2_EXEC_20_176;524176.0;781000.7983000001;0.4765116065902708;0.07941102087841066;0.02407783682502603;0.9530232131805416
S_SC_SPEA2_EXEC_20_177;524160.0;774222.2837000001;0.47754369931362134;0.07943912102734145;0.023868858845989237;0.9550873986272427
S_SC_SPEA2_EXEC_20_178;523814.0;770691.8511000002;0.47754369931362134;0.08004678674796976;0.023760017497491792;0.9550873986272427
S_SC_SPEA2_EXEC_20_179;523814.0;2046825.5495000004;0.3059962665324864;0.08004678674796976;0.06310253676747776;0.6119925330649728
S_SC_SPEA2_EXEC_20_180;523722.0;1429666.2653;0.35694779290870504;0.0802083626043218;0.0440758461771956;0.7138955858174101
S_SC_SPEA2_EXEC_20_181;523432.0;1273316.2133;0.3787221580192422;0.08071767780369236;0.039255657711531215;0.7574443160384844
S_SC_SPEA2_EXEC_20_182;523315.0;763040.1514000003;0.4785492258633141;0.08092316014274875;0.0235241196889214;0.9570984517266282
S_SC_SPEA2_EXEC_20_183;523260.0;807349.1152000002;0.4738676194137881;0.08101975440469834;0.024890141340352;0.9477352388275762
S_SC_SPEA2_EXEC_20_184;523098.0;1369288.1005999995;0.3665546207056371;0.08130426841262259;0.04221441965803508;0.7331092414112742
S_SC_SPEA2_EXEC_20_185;523085.0;753003.4983000003;0.47952835335980004;0.08132709978362886;0.023214695042829855;0.9590567067196001
S_SC_SPEA2_EXEC_20_186;522939.0;1545833.1721;0.33857571518204876;0.0815835136426223;0.047657209771812564;0.6771514303640975
S_SC_SPEA2_EXEC_20_187;522891.0;747650.3907000003;0.482373961619293;0.08166781408941468;0.023049661599099498;0.964747923238586
S_SC_SPEA2_EXEC_20_188;522691.0;1239790.5988;0.3845344920866091;0.08201906595104955;0.038222080950602415;0.7690689841732182
S_SC_SPEA2_EXEC_20_189;522549.0;1320603.7010999997;0.37601302197037884;0.08226845477281029;0.04071350566455783;0.7520260439407577
S_SC_SPEA2_EXEC_20_190;522460.0;1540141.1031;0.3454251458120998;0.08242476185123782;0.04748172632944335;0.6908502916241996
S_SC_SPEA2_EXEC_20_191;522459.0;1255794.4589000004;0.3816048852147657;0.08242651811054598;0.03871547139642157;0.7632097704295314
S_SC_SPEA2_EXEC_20_192;522343.0;1587417.8653000004;0.3306375708459468;0.0826302441902942;0.0489392436179595;0.6612751416918936
S_SC_SPEA2_EXEC_20_193;522322.0;828022.3165000002;0.462008189762432;0.08266712563576586;0.025527485077561744;0.924016379524864
S_SC_SPEA2_EXEC_20_194;522299.0;733982.3865000004;0.48048124319153984;0.08270751959985388;0.022628284341140593;0.9609624863830797
S_SC_SPEA2_EXEC_20_195;522249.0;1511248.2430000002;0.3457530732135802;0.0827953325652626;0.046590974908432795;0.6915061464271604
S_SC_SPEA2_EXEC_20_196;522231.0;1499138.2870999998;0.34384094918504154;0.08282694523280973;0.046217631446104517;0.6876818983700831
S_SC_SPEA2_EXEC_20_197;522076.0;1071803.3087;0.4124757762327738;0.08309916542557676;0.033043122659509316;0.8249515524655476
S_SC_SPEA2_EXEC_20_198;521910.0;725513.2092000004;0.47952835335980004;0.0833907044707337;0.022367184135461567;0.9590567067196001
S_SC_SPEA2_EXEC_20_199;521254.0;1372754.6864;0.3640402843425762;0.08454281057689605;0.04232129264384258;0.7280805686851524
S_SC_SPEA2_EXEC_20_200;521095.0;709535.3962000002;0.4814080511615446;0.08482205580689578;0.021874596707801848;0.9628161023230892
S_SC_SPEA2_EXEC_20_201;520920.0;1062089.9889999998;0.41439248970204445;0.08512940118582628;0.032743666209176625;0.8287849794040889
S_SC_SPEA2_EXEC_20_202;520823.0;1493291.4625;0.3381440981399563;0.0852997583387192;0.04603737697137187;0.6762881962799125
S_SC_SPEA2_EXEC_20_203;520745.0;1051464.8197;0.41662667529480274;0.08543674656475679;0.03241609792345844;0.8332533505896055
S_SC_SPEA2_EXEC_20_204;520686.0;926318.6387;0.44126624245674034;0.08554036586393908;0.02855790810860537;0.8825324849134807
S_SC_SPEA2_EXEC_20_205;520639.0;700144.8451000002;0.4864967596316577;0.08562291005142328;0.021585091040746157;0.9729935192633155
S_SC_SPEA2_EXEC_20_206;520457.0;1695417.9777000002;0.31131263216015914;0.08594254924551101;0.0522688293099485;0.6226252643203183
S_SC_SPEA2_EXEC_20_207;520393.0;690007.2735000001;0.48485739263587446;0.08605494984123416;0.021272555131284693;0.9697147852717489
S_SC_SPEA2_EXEC_20_208;520210.0;1085024.7763;0.41247577623277376;0.08637634529463006;0.033450733432959366;0.8249515524655475
S_SC_SPEA2_EXEC_20_209;520207.0;1773234.7513000001;0.3109669785554762;0.08638161407255458;0.05466787881293131;0.6219339571109525
S_SC_SPEA2_EXEC_20_210;520077.0;1195286.9703999998;0.3899214729042429;0.08660992778261725;0.036850057893687185;0.7798429458084858
S_SC_SPEA2_EXEC_20_211;520009.0;1657808.0548;0.3154907694929517;0.0867293534155731;0.05110933550589714;0.6309815389859034
S_SC_SPEA2_EXEC_20_212;519764.0;705896.8541000003;0.4812574015901486;0.08715963694607581;0.021762422401251227;0.9625148031802973
S_SC_SPEA2_EXEC_20_213;519658.0;678007.6636000002;0.48403346103757994;0.08734580043274229;0.020902613577108226;0.9680669220751599
S_SC_SPEA2_EXEC_20_214;519509.0;1128965.0960000001;0.40727215718415066;0.08760748306966026;0.0348053899839885;0.8145443143683013
S_SC_SPEA2_EXEC_20_215;519474.0;1439414.087;0.34757488206948883;0.08766895214544637;0.04437636630573187;0.6951497641389777
S_SC_SPEA2_EXEC_20_216;519449.0;1005156.5916000003;0.4257509689266087;0.08771285862815073;0.030988440023140155;0.8515019378532174
S_SC_SPEA2_EXEC_20_217;519328.0;873784.3433999999;0.45022174553180944;0.08792536600443983;0.02693830388706749;0.9004434910636189
S_SC_SPEA2_EXEC_20_218;519266.0;1333438.6043999996;0.3674748331041608;0.08803425408154664;0.04110919886742659;0.7349496662083216
S_SC_SPEA2_EXEC_20_219;518927.0;1222264.7202;0.38709657647328877;0.08862962598701773;0.03768176748861294;0.7741931529465775
S_SC_SPEA2_EXEC_20_220;518885.0;1996706.3435000004;0.3066362682333535;0.08870338887796106;0.06155738845713722;0.613272536466707
S_SC_SPEA2_EXEC_20_221;518733.0;1405888.4724999997;0.3544708562474882;0.08897034029280355;0.043342789544803056;0.7089417124949764
S_SC_SPEA2_EXEC_20_222;518728.0;1638755.9096;0.31938808154927834;0.08897912158934443;0.0505219680610868;0.6387761630985567
S_SC_SPEA2_EXEC_20_223;518417.0;1160825.3531;0.4005857647516789;0.08952531823418663;0.035787624667137315;0.8011715295033578
S_SC_SPEA2_EXEC_20_224;518382.0;1610440.7554000001;0.3236648696353487;0.08958678730997274;0.04964902700393674;0.6473297392706974
S_SC_SPEA2_EXEC_20_225;518352.0;1213263.8719;0.3847548128617539;0.08963947508921798;0.037404276150414625;0.7695096257235078
S_SC_SPEA2_EXEC_20_226;518189.0;1170590.8084999998;0.3930107708130839;0.08992574535645038;0.03608868843321166;0.7860215416261678
S_SC_SPEA2_EXEC_20_227;518183.0;657580.8932000002;0.4808713709823205;0.08993628291229944;0.020272867172720366;0.961742741964641
S_SC_SPEA2_EXEC_20_228;518050.0;1259776.4654999997;0.37888101461923634;0.09016986540028663;0.038838234529775154;0.7577620292384727
S_SC_SPEA2_EXEC_20_229;517852.0;1569555.6001;0.3260439520490695;0.09051760474330514;0.0483885595370378;0.652087904098139
S_SC_SPEA2_EXEC_20_230;517502.0;799241.1886999999;0.4620081897624321;0.09113229550116615;0.024640178303590388;0.9240163795248642
S_SC_SPEA2_EXEC_20_231;517463.0;960195.4000000001;0.43367272573938925;0.09120078961418496;0.029602310537536612;0.8673454514787785
S_SC_SPEA2_EXEC_20_232;517287.0;849742.0923;0.45643624548650397;0.09150989125242363;0.026197094146754606;0.9128724909730079
S_SC_SPEA2_EXEC_20_233;517260.0;991618.98;0.4252979352044659;0.09155731025374435;0.030571082699287357;0.8505958704089318
S_SC_SPEA2_EXEC_20_234;517210.0;754238.7961;0.4697920084899634;0.09164512321915307;0.02325277861319681;0.9395840169799268
S_SC_SPEA2_EXEC_20_235;517186.0;641543.8398000002;0.4826366193170535;0.09168727344254925;0.01977845339521856;0.965273238634107
S_SC_SPEA2_EXEC_20_236;517023.0;777686.9054999999;0.4660288451997936;0.09197354370978165;0.02397567128272733;0.9320576903995872
S_SC_SPEA2_EXEC_20_237;516955.0;980081.2096000001;0.4277095134178647;0.09209296934273752;0.03021537940984065;0.8554190268357293
S_SC_SPEA2_EXEC_20_238;516913.0;859469.4355000001;0.4497272604689907;0.09216673223368084;0.0264969829340906;0.8994545209379814
S_SC_SPEA2_EXEC_20_239;516854.0;931404.1174;0.43388036165717425;0.09227035153286313;0.028714690696513445;0.8677607233143485
S_SC_SPEA2_EXEC_20_240;516805.0;940436.3255000002;0.433505356095762;0.09235640823896367;0.028993148840570224;0.867010712191524
S_SC_SPEA2_EXEC_20_241;516679.0;1987134.3995000003;0.3065784527090626;0.09257769691179363;0.06126229054400838;0.6131569054181252
S_SC_SPEA2_EXEC_20_242;516465.0;1352904.5823;0.36102820333408264;0.09295353640374295;0.04170932455300333;0.7220564066681653
S_SC_SPEA2_EXEC_20_243;516445.0;834315.4861000001;0.46056380664949603;0.09298866158990643;0.025721500129877742;0.9211276132989921
S_SC_SPEA2_EXEC_20_244;516409.0;1466762.5819;0.3448819132395749;0.0930518869250007;0.04521950577376519;0.6897638264791498
S_SC_SPEA2_EXEC_20_245;516228.0;917897.6667999999;0.4393598487325827;0.09336976985978025;0.02829829404962147;0.8787196974651654
S_SC_SPEA2_EXEC_20_246;516125.0;968017.9597000001;0.42554694602786974;0.09355066456852221;0.0298434758685076;0.8510938920557395
S_SC_SPEA2_EXEC_20_247;515932.0;808047.2658;0.4603373687808644;0.09388962261499986;0.024911664949883103;0.9206747375617288
S_SC_SPEA2_EXEC_20_248;515875.0;1400205.8003;0.35788506525021024;0.0939897293955658;0.04316759580075115;0.7157701305004205
S_SC_SPEA2_EXEC_20_249;515821.0;736273.428;0.4709902547094926;0.09408456739820721;0.02269891592502172;0.9419805094189851
S_SC_SPEA2_EXEC_20_250;515590.0;1315487.9796;0.37319541890197566;0.09449026329839548;0.040555790707303765;0.7463908378039513
S_SC_SPEA2_EXEC_20_251;515509.0;1178915.4055;0.3926338342312356;0.09463252030235761;0.03634533130558311;0.7852676684624712
S_SC_SPEA2_EXEC_20_252;515472.0;1044571.5260999999;0.417002107782776;0.09469750189676006;0.03220358136925122;0.834004215565552
S_SC_SPEA2_EXEC_20_253;515401.0;1035041.4984;0.41700210778277613;0.09482219630764042;0.03190977571322879;0.8340042155655523
S_SC_SPEA2_EXEC_20_254;515288.0;615815.9153000001;0.4885060079819788;0.09502065360946413;0.018985275245713473;0.9770120159639576
S_SC_SPEA2_EXEC_20_255;515210.0;1041911.1404;0.41456789516397075;0.09515764183550172;0.032121563101260124;0.8291357903279415
S_SC_SPEA2_EXEC_20_256;515089.0;819546.4401000001;0.4593598577411025;0.09537014921179082;0.025266178342213313;0.918719715482205
S_SC_SPEA2_EXEC_20_257;515042.0;605678.3437000001;0.48701806281218496;0.09545269339927502;0.01867273933625201;0.9740361256243699
S_SC_SPEA2_EXEC_20_258;514987.0;1569320.0042000003;0.32724249599412175;0.0955492876612246;0.048381296241469876;0.6544849919882435
S_SC_SPEA2_EXEC_20_259;514859.0;1265545.9985999994;0.3734977299225679;0.09577408885267091;0.03901610614890891;0.7469954598451358
S_SC_SPEA2_EXEC_20_260;514788.0;1013287.1477;0.4167987358605573;0.0958987832635513;0.03123910071836433;0.8335974717211146
S_SC_SPEA2_EXEC_20_261;514504.0;1337781.2948999999;0.36397061752228466;0.09639756090707281;0.041243081692473885;0.7279412350445693
S_SC_SPEA2_EXEC_20_262;514478.0;1282784.5733999994;0.3701238123779882;0.09644322364908534;0.03954756218843394;0.7402476247559764
S_SC_SPEA2_EXEC_20_263;514324.0;725905.5597999999;0.4709902547094926;0.09671368758254419;0.02237928009457653;0.9419805094189851
S_SC_SPEA2_EXEC_20_264;514231.0;788398.2752999999;0.4630987710255133;0.0968770196982044;0.024305897083748657;0.9261975420510266
S_SC_SPEA2_EXEC_20_265;513992.0;768873.8132;0.4660288451997936;0.09729676567285807;0.023703968361571317;0.9320576903995872
S_SC_SPEA2_EXEC_20_266;513929.0;1433856.421;0.3492368699095689;0.09740741000927305;0.04420502643595546;0.6984737398191379
S_SC_SPEA2_EXEC_20_267;513587.0;1173532.6196999997;0.38755173218243083;0.09800805069266867;0.03617938289882272;0.7751034643648617
S_SC_SPEA2_EXEC_20_268;513456.0;1424273.9081;0.34834540759215465;0.0982381206620395;0.04390960268929332;0.6966908151843093
S_SC_SPEA2_EXEC_20_269;513454.0;593156.0198000001;0.48701806281218496;0.09824163318065586;0.018286682789074825;0.9740361256243699
S_SC_SPEA2_EXEC_20_270;513085.0;1589528.6926000002;0.32427549456387056;0.09888969286537219;0.049004319294457956;0.6485509891277411
S_SC_SPEA2_EXEC_20_271;512885.0;1238120.2924;0.3818791626834993;0.09924094472700705;0.038170586297799826;0.7637583253669986
S_SC_SPEA2_EXEC_20_272;512865.0;1306927.4222999995;0.3669848239238731;0.09927606991317053;0.040291873305107306;0.7339696478477462
S_SC_SPEA2_EXEC_20_273;512805.0;1206283.7501;0.3846895225943028;0.099381445471661;0.037189082729249076;0.7693790451886056
S_SC_SPEA2_EXEC_20_274;512767.0;891089.7529000001;0.4394505082392996;0.09944818332537163;0.027471820404641144;0.8789010164785992
S_SC_SPEA2_EXEC_20_275;512716.0;1382750.9748999998;0.348028933258662;0.09953775255008851;0.04262947287090865;0.696057866517324
S_SC_SPEA2_EXEC_20_276;512703.0;883783.2323;0.44439979559530246;0.09956058392109478;0.027246564283074523;0.8887995911906049
S_SC_SPEA2_EXEC_20_277;512625.0;1760829.2654000004;0.30748731180947847;0.09969757214713237;0.05428542431879311;0.6149746236189569
S_SC_SPEA2_EXEC_20_278;512437.0;1200510.3694999998;0.38468619379419794;0.10002774889706915;0.037011092493748475;0.7693723875883959
S_SC_SPEA2_EXEC_20_279;512344.0;1085208.9751;0.40495145864370913;0.10019108101272937;0.033456412183428534;0.8099029172874183
S_SC_SPEA2_EXEC_20_280;512197.0;1620865.9625000004;0.3202859380389342;0.100449251131031;0.04997043056199622;0.6405718760778684
S_SC_SPEA2_EXEC_20_281;511973.0;696500.3410000002;0.47710602787404627;0.10084265321606205;0.02147273292892483;0.9542120557480925
S_SC_SPEA2_EXEC_20_282;511781.0;555101.0080000001;0.48975651203200116;0.10117985500323151;0.017113467132331188;0.9795130240640023
S_SC_SPEA2_EXEC_20_283;511624.0;1541281.8557000002;0.3245963782681336;0.10145558771461488;0.04751689512187009;0.6491927565362672
S_SC_SPEA2_EXEC_20_284;511501.0;1017329.9304;0.41490739389390185;0.10167160760952033;0.03136373754636952;0.8298147877878037
S_SC_SPEA2_EXEC_20_285;511084.0;694685.8234000002;0.47906147408798205;0.10240396774102903;0.02141679232197022;0.9581229481759641
S_SC_SPEA2_EXEC_20_286;510638.0;1199233.8277999999;0.38507298243592025;0.10318725939247478;0.03697173739600742;0.7701459648718405
S_SC_SPEA2_EXEC_20_287;510600.0;1186480.3253999997;0.3872996580413232;0.1032539972461854;0.03657855373934126;0.7745993160826464
S_SC_SPEA2_EXEC_20_288;510540.0;1988369.9815000005;0.30307960592423333;0.10335937280467586;0.06130038287610932;0.6061592118484667
S_SC_SPEA2_EXEC_20_289;510472.0;650855.8873000002;0.48063436342647603;0.10347879843763172;0.020065538838280765;0.9612687268529521
S_SC_SPEA2_EXEC_20_290;510471.0;1441317.5032999995;0.34338264267921226;0.1034805546969399;0.04443504761205223;0.6867652853584245
S_SC_SPEA2_EXEC_20_291;510421.0;1503963.2594;0.33230900557118503;0.10356836766234861;0.04636638276105522;0.6646180111423701
S_SC_SPEA2_EXEC_20_292;510396.0;1796467.0020000006;0.3074515620994301;0.10361227414505297;0.055384116674211746;0.6149031241988602
S_SC_SPEA2_EXEC_20_293;510368.0;1946811.8032000007;0.3030629851890901;0.10366144940568185;0.06001916647014558;0.6061259703781802
S_SC_SPEA2_EXEC_20_294;510193.0;542578.6841000001;0.4897565120320011;0.10396879478461236;0.016727410585154;0.9795130240640022
S_SC_SPEA2_EXEC_20_295;510185.0;546695.1780000001;0.4887612882917263;0.10398284485907776;0.016854319890024318;0.9775225765834527
S_SC_SPEA2_EXEC_20_296;510160.0;958751.8302000001;0.4280984542644948;0.10402675134178212;0.029557806052822138;0.8561969085289896
S_SC_SPEA2_EXEC_20_297;510034.0;565700.5867000001;0.4866796264037141;0.10424804001461208;0.017440246473540755;0.9733592528074282
S_SC_SPEA2_EXEC_20_298;509896.0;1096488.7082999998;0.403561125205508;0.10449040379914014;0.033804160324032995;0.807122250411016
S_SC_SPEA2_EXEC_20_299;509891.0;1050049.7029;0.410282248577549;0.10449918509568101;0.03237247062951338;0.820564497155098
S_SC_SPEA2_EXEC_20_300;509690.0;1612820.1589000004;0.3201192816802783;0.10485219321662405;0.04972238274100975;0.6402385633605566
S_SC_SPEA2_EXEC_20_301;509390.0;1079252.2692999998;0.4055625651036351;0.10537907100907634;0.03327277013007944;0.8111251302072702
S_SC_SPEA2_EXEC_20_302;509319.0;634985.6510000003;0.4815741307446424;0.10550376541995672;0.019576267942735252;0.9631482614892848
S_SC_SPEA2_EXEC_20_303;508887.0;527307.0300000001;0.48940560842105385;0.10626246944108804;0.01625659365863046;0.9788112168421077
S_SC_SPEA2_EXEC_20_304;508720.0;1020156.7897;0.41257636329996067;0.10655576474555316;0.031450888106395666;0.8251527265999213
S_SC_SPEA2_EXEC_20_305;508628.0;1206936.5720999998;0.3824587818634495;0.10671734060190519;0.037209208882290144;0.764917563726899
S_SC_SPEA2_EXEC_20_306;508597.0;534172.8541;0.4887612882917263;0.1067717846404586;0.01646826334284713;0.9775225765834527
S_SC_SPEA2_EXEC_20_307;508544.0;504444.26550000004;0.4906204894221207;0.10686486638379183;0.015551746859244032;0.9812409788442414
S_SC_SPEA2_EXEC_20_308;508419.0;1539693.0033000002;0.3319459954989197;0.10708439879731363;0.04746791165231471;0.6638919909978394
S_SC_SPEA2_EXEC_20_309;508323.0;1298058.8096999996;0.36752149146884866;0.10725299969089837;0.04001845872280218;0.7350429829376973
S_SC_SPEA2_EXEC_20_310;508319.0;653155.3969000003;0.4777983926263225;0.10726002472813106;0.020136431489155004;0.955596785252645
S_SC_SPEA2_EXEC_20_311;508178.0;836606.7752;0.4543491631352814;0.10750765729058365;0.025792139347134427;0.9086983262705628
S_SC_SPEA2_EXEC_20_312;508133.0;1000312.0416;0.4148359505968968;0.10758668895945149;0.030839085138171293;0.8296719011937936
S_SC_SPEA2_EXEC_20_313;508066.0;619800.6502000003;0.48140523786867423;0.10770435833309916;0.019108122491096613;0.9628104757373485
S_SC_SPEA2_EXEC_20_314;508058.0;1270927.6824999999;0.37080175503347046;0.10771840840756457;0.03918202058468175;0.7416035100669409
S_SC_SPEA2_EXEC_20_315;507817.0;1041268.6553999999;0.4083663132214097;0.10814166690083457;0.0321017556323994;0.8167326264428194
S_SC_SPEA2_EXEC_20_316;507779.0;995874.0798;0.4192290799107126;0.1082084047545452;0.03070226514990919;0.8384581598214252
S_SC_SPEA2_EXEC_20_317;507708.0;986344.0521000001;0.4192290799107126;0.10833309916542558;0.030408459493886757;0.8384581598214252
S_SC_SPEA2_EXEC_20_318;507637.0;1118140.7277;0.39575670696554216;0.10845779357630596;0.0344716804996593;0.7915134139310843
S_SC_SPEA2_EXEC_20_319;507280.0;714292.3812000004;0.4736962862472617;0.10908477814932419;0.022021252010662507;0.9473925724945234
S_SC_SPEA2_EXEC_20_320;507278.0;796033.0937000001;0.4588333289352919;0.10908829066794054;0.0245412744508705;0.9176666578705838
S_SC_SPEA2_EXEC_20_321;507271.0;724668.4945000004;0.46619536987275073;0.10910058448309776;0.02234114203313008;0.9323907397455015
S_SC_SPEA2_EXEC_20_322;507208.0;681072.3344000002;0.4753806503458849;0.10921122881951274;0.020997095738465088;0.9507613006917698
S_SC_SPEA2_EXEC_20_323;507071.0;1475779.8773;0.34146457120509005;0.10945183634473263;0.045497504167258326;0.6829291424101801
S_SC_SPEA2_EXEC_20_324;507001.0;1249421.4167999998;0.37662514622350685;0.10957477449630483;0.03851899391765733;0.7532502924470137
S_SC_SPEA2_EXEC_20_325;506845.0;1740232.5735000004;0.3087063150416703;0.10984875094838002;0.05365043932545763;0.6174126300833406
S_SC_SPEA2_EXEC_20_326;506673.0;1698674.3952000001;0.3086825906827944;0.11015082754938602;0.05236922291949388;0.6173651813655888
S_SC_SPEA2_EXEC_20_327;506572.0;1355874.603;0.3555923908168172;0.11032820973951162;0.04180088870240908;0.7111847816336344
S_SC_SPEA2_EXEC_20_328;506481.0;1584241.8018999998;0.3213762434288366;0.11048802933655548;0.04884132728233269;0.6427524868576732
S_SC_SPEA2_EXEC_20_329;506461.0;1141138.1116;0.3881406260815483;0.11052315452271896;0.03518067754313477;0.7762812521630966
S_SC_SPEA2_EXEC_20_330;506382.0;1356875.6502999994;0.35212082225868807;0.11066189900806474;0.04183175045517039;0.7042416445173761
S_SC_SPEA2_EXEC_20_331;506085.0;865666.3367999999;0.44122137427314306;0.11118350802259253;0.026688030086215113;0.8824427485462861
S_SC_SPEA2_EXEC_20_332;506021.0;1783257.6618000004;0.30417490914426754;0.11129590861831568;0.05497687978201629;0.6083498182885351
S_SC_SPEA2_EXEC_20_333;506009.0;888491.0785000001;0.4394169531085002;0.11131698373001377;0.02739170466301736;0.8788339062170004
S_SC_SPEA2_EXEC_20_334;505697.0;1752209.9590000003;0.30864843651040846;0.11186493663416416;0.054019695713270754;0.6172968730208169
S_SC_SPEA2_EXEC_20_335;505553.0;570700.0103000001;0.48405304839305474;0.11211783797454127;0.017594376028749924;0.9681060967861095
S_SC_SPEA2_EXEC_20_336;505492.0;1244891.7567999994;0.3705438240500427;0.1122249697923399;0.03837934692294202;0.7410876481000854
S_SC_SPEA2_EXEC_20_337;505469.0;582743.9013000001;0.48323680338787944;0.11226536375642791;0.017965682745551777;0.9664736067757589
S_SC_SPEA2_EXEC_20_338;505427.0;1342108.3215999997;0.3587638961530727;0.11233912664737124;0.041376481610946314;0.7175277923061454
S_SC_SPEA2_EXEC_20_339;505411.0;1108330.7214999998;0.39592391854437103;0.11236722679630202;0.03416924325625284;0.7918478370887421
S_SC_SPEA2_EXEC_20_340;505400.0;1054300.5488;0.4081854950923956;0.11238654564869194;0.03250352193467378;0.8163709901847912
S_SC_SPEA2_EXEC_20_341;505318.0;950906.6714000002;0.4240986288695233;0.11253055891196223;0.02931594400368726;0.8481972577390466
S_SC_SPEA2_EXEC_20_342;505227.0;1525037.4998;0.32342248940420304;0.1126903785090061;0.047016090319187145;0.6468449788084061
S_SC_SPEA2_EXEC_20_343;505143.0;500346.6441000001;0.49405758138808165;0.11283790429089274;0.01542541938345311;0.9881151627761633
S_SC_SPEA2_EXEC_20_344;504769.0;1485169.9943000004;0.3314878616566837;0.11349474527214994;0.04578699645124324;0.6629757233133674
S_SC_SPEA2_EXEC_20_345;504578.0;1511100.0321000004;0.32342248940420304;0.11383019080001124;0.04658640564566936;0.6468449788084061
S_SC_SPEA2_EXEC_20_346;504512.0;1478216.4915999998;0.33148786165668365;0.11394610391435074;0.04557262368269112;0.6629757233133673
S_SC_SPEA2_EXEC_20_347;504474.0;1288931.0960999997;0.36195611562398317;0.11401284176806137;0.039737056195269876;0.7239122312479663
S_SC_SPEA2_EXEC_20_348;504444.0;1725638.5045999999;0.30864722277670503;0.1140655295473066;0.053200511988184374;0.6172944455534101
S_SC_SPEA2_EXEC_20_349;504429.0;492873.2077000001;0.49534886291471714;0.11409187343692921;0.015195017337062;0.9906977258294343
S_SC_SPEA2_EXEC_20_350;504302.0;550674.3275000001;0.48658042698922993;0.11431491836906736;0.016976994940513294;0.9731608539784599
S_SC_SPEA2_EXEC_20_351;504272.0;658218.8740000002;0.477690045295256;0.11436760614831258;0.020292535779504555;0.955380090590512
S_SC_SPEA2_EXEC_20_352;504208.0;1081387.6258999999;0.40098015415398247;0.11448000674403574;0.033338602031775265;0.8019603083079649
S_SC_SPEA2_EXEC_20_353;504118.0;1620208.3173;0.3127307059133747;0.11463807008177143;0.04995015571227924;0.6254614118267494
S_SC_SPEA2_EXEC_20_354;504031.0;1340886.4108999998;0.3555480719419125;0.1147908646415826;0.04133881075771109;0.711096143883825
S_SC_SPEA2_EXEC_20_355;503606.0;1278623.4047999994;0.36204529837692784;0.11553727484755669;0.0394192755864608;0.7240905967538557
S_SC_SPEA2_EXEC_20_356;503421.0;1159712.8949999998;0.3849997914888782;0.11586218281956895;0.035753328179009794;0.7699995829777564
S_SC_SPEA2_EXEC_20_357;503339.0;1024824.9180999999;0.4105656986416542;0.11600619608283924;0.031594804007811034;0.8211313972833084
S_SC_SPEA2_EXEC_20_358;503234.0;482834.66880000004;0.4963516898429934;0.11619060331019754;0.014885534552765239;0.9927033796859868
S_SC_SPEA2_EXEC_20_359;502915.0;1582889.7210000004;0.32093493495148956;0.11675085002950515;0.048799643351464396;0.6418698699029791
S_SC_SPEA2_EXEC_20_360;502908.0;1159846.3858999999;0.38233698057668575;0.11676314384466238;0.03575744363204752;0.7646739611533715
S_SC_SPEA2_EXEC_20_361;502829.0;1424638.8371999995;0.3460115346464101;0.11690188833000816;0.04392085325823207;0.6920230692928202
S_SC_SPEA2_EXEC_20_362;502733.0;1330099.6941999996;0.34900788148236633;0.11707048922359288;0.04100626205206864;0.6980157629647327
S_SC_SPEA2_EXEC_20_363;502688.0;1124994.3343999998;0.39057133379848963;0.11714952089246072;0.034682973527969514;0.7811426675969793
S_SC_SPEA2_EXEC_20_364;502598.0;541924.5936;0.48658042698922993;0.11730758423019642;0.016707245324936493;0.9731608539784599
S_SC_SPEA2_EXEC_20_365;502432.0;609700.7502000001;0.4817258110242698;0.11759912327535336;0.0187967479769112;0.9634516220485396
S_SC_SPEA2_EXEC_20_366;502297.0;528521.2723000001;0.4858466462737652;0.1178362182819569;0.016294028099195796;0.9716932925475305
S_SC_SPEA2_EXEC_20_367;502098.0;618175.9372;0.47959938074992825;0.11818571388428359;0.01905803345842641;0.9591987614998565
S_SC_SPEA2_EXEC_20_368;502097.0;1202798.5301999997;0.38012022677099305;0.11818747014359177;0.037081635264106655;0.7602404535419861
S_SC_SPEA2_EXEC_20_369;502061.0;1021993.4124999999;0.40605615401749406;0.11825069547868604;0.031507510204841375;0.8121123080349881
S_SC_SPEA2_EXEC_20_370;501503.0;706357.3152000002;0.4730807773843905;0.11923068817264731;0.021776618170646342;0.946161554768781
S_SC_SPEA2_EXEC_20_371;501436.0;906122.2914;0.43014660189588394;0.119348357546295;0.02793526552512857;0.8602932037917679
S_SC_SPEA2_EXEC_20_372;501353.0;979863.7264999999;0.4194884435575711;0.11949412706887347;0.030208674522207497;0.8389768871151422
S_SC_SPEA2_EXEC_20_373;501312.0;604973.6394000002;0.4802141392820465;0.11956613370050861;0.018651013679655725;0.960428278564093
S_SC_SPEA2_EXEC_20_374;501135.0;699144.8419000002;0.47340360134035187;0.11987699159805547;0.021554261477029303;0.9468072026807037
S_SC_SPEA2_EXEC_20_375;501120.0;1264481.5293999997;0.3650806583670444;0.11990333548767808;0.03898328913289734;0.7301613167340888
S_SC_SPEA2_EXEC_20_376;500868.0;1189767.6319;0.37723034680016354;0.12034591283333802;0.03667989964023296;0.7544606936003271
S_SC_SPEA2_EXEC_20_377;500762.0;783662.0891;0.45609907467284383;0.1205320763200045;0.02415988299676595;0.9121981493456877
S_SC_SPEA2_EXEC_20_378;500717.0;513869.47760000016;0.4884213300289464;0.12061110798887234;0.01584232110638826;0.9768426600578928
S_SC_SPEA2_EXEC_20_379;500555.0;455234.75609999994;0.4936812622061775;0.12089562199679658;0.014034644008450713;0.987362524412355
S_SC_SPEA2_EXEC_20_380;500425.0;1567803.5100000002;0.30950508774751684;0.12112393570685924;0.04833454353651339;0.6190101754950337
S_SC_SPEA2_EXEC_20_381;500383.0;625252.6198000001;0.4783784913775029;0.12119769859780256;0.01927620379740198;0.9567569827550058
S_SC_SPEA2_EXEC_20_382;500303.0;1263849.0935999996;0.36547791937982654;0.12133819934245652;0.038963791475496924;0.7309558387596531
S_SC_SPEA2_EXEC_20_383;500288.0;501893.3511000001;0.4904615889532657;0.12136454323207913;0.015473103532871636;0.9809231779065314
S_SC_SPEA2_EXEC_20_384;500213.0;1607938.5717000002;0.30515960641077805;0.1214962626801922;0.04957188601897747;0.6103192128215561
S_SC_SPEA2_EXEC_20_385;500086.0;1086867.7621;0.39820162654728464;0.12171930761233035;0.03350755169929127;0.7964032530945693
S_SC_SPEA2_EXEC_20_386;500035.0;453114.4272999999;0.4936812622061775;0.12180887683704723;0.01396927540578996;0.987362524412355
S_SC_SPEA2_EXEC_20_387;499921.0;653778.5530000002;0.4746562773698141;0.12200909039817912;0.020155643058368478;0.9493125547396282
S_SC_SPEA2_EXEC_20_388;499858.0;685716.2925000002;0.4741431295742891;0.12211973473459409;0.021140266482461062;0.9482862591485782
S_SC_SPEA2_EXEC_20_389;499841.0;447761.31969999993;0.49496296590389255;0.12214959114283305;0.013804241962059604;0.9899259318077851
S_SC_SPEA2_EXEC_20_390;499818.0;1132237.9096;0.3885745964204443;0.12218998510692107;0.03490628907652599;0.7771491928408886
S_SC_SPEA2_EXEC_20_391;499769.0;1219278.1888999997;0.36825946954577005;0.12227604181302161;0.03758969432624132;0.7365189390915401
S_SC_SPEA2_EXEC_20_392;499621.0;1789986.3970000008;0.3009442474039133;0.12253596819063141;0.05518432308877996;0.6018884948078266
S_SC_SPEA2_EXEC_20_393;499553.0;673346.3813000002;0.4741431295742891;0.12265539382358727;0.020758908737293618;0.9482862591485782
S_SC_SPEA2_EXEC_20_394;499470.0;666687.5315000003;0.473594090959057;0.12280116334616574;0.020553619960027643;0.947188181918114
S_SC_SPEA2_EXEC_20_395;499415.0;1201845.8343;0.37429370301445747;0.12289775760811532;0.03705226415914237;0.7485874060289149
S_SC_SPEA2_EXEC_20_396;499383.0;1180496.8519999995;0.3801378390462438;0.12295395790597691;0.03639408645520316;0.7602756780924876
S_SC_SPEA2_EXEC_20_397;499381.0;1114195.0159999998;0.3912527720744005;0.12295747042459325;0.034350036318657184;0.782505544148801
S_SC_SPEA2_EXEC_20_398;499285.0;957757.8774;0.41948844355757103;0.12312607131817799;0.029527163019700695;0.8389768871151421
S_SC_SPEA2_EXEC_20_399;499255.0;435078.9309;0.4948869011783946;0.12317875909742322;0.013413250699640127;0.9897738023567892
S_SC_SPEA2_EXEC_20_400;499222.0;1530484.9137000006;0.31784260010713106;0.12323671565459297;0.04718403117569855;0.6356852002142621
S_SC_SPEA2_EXEC_20_401;499142.0;1069327.0802999998;0.4031591952686577;0.12337721639924691;0.032966781862564576;0.8063183905373154
S_SC_SPEA2_EXEC_20_402;499103.0;845863.3364;0.44174847065027806;0.12344571051226572;0.026077514177249333;0.8834969413005561
S_SC_SPEA2_EXEC_20_403;498577.0;1106300.1614999997;0.39388421910199034;0.12436950290836542;0.034106642177675395;0.7877684382039807
S_SC_SPEA2_EXEC_20_404;498529.0;1453836.0376999998;0.33488953031898333;0.12445380335515778;0.04482098733097156;0.6697790606379667
S_SC_SPEA2_EXEC_20_405;498490.0;1418128.4817000001;0.33500856867608775;0.12452229746817658;0.04372014248079996;0.6700171373521755
S_SC_SPEA2_EXEC_20_406;498236.0;1316237.1809999999;0.35536354939954035;0.12496838733245286;0.04057888818568989;0.7107270987990807
S_SC_SPEA2_EXEC_20_407;498224.0;1036034.9591999999;0.4055721789325168;0.12498946244415095;0.031940403578253417;0.8111443578650336
S_SC_SPEA2_EXEC_20_408;498165.0;1479883.1036;0.32871469974723144;0.12509308174333325;0.04562400443911798;0.6574293994944629
S_SC_SPEA2_EXEC_20_409;498162.0;695595.5946000002;0.4730394377563467;0.12509835052125776;0.021444840081395546;0.9460788755126934
S_SC_SPEA2_EXEC_20_410;497801.0;739907.2542000003;0.46395187185884;0.1257323601315087;0.022810944842898067;0.92790374371768
S_SC_SPEA2_EXEC_20_411;497801.0;809909.4941;0.4499423209664489;0.1257323601315087;0.024969076452196474;0.8998846419328979
S_SC_SPEA2_EXEC_20_412;497780.0;555441.8268;0.4855248681683582;0.12576924157698036;0.01712397439361845;0.9710497363367164
S_SC_SPEA2_EXEC_20_413;497757.0;1295800.7380999997;0.3561451989182006;0.12580963554106836;0.03994884358330121;0.7122903978364012
S_SC_SPEA2_EXEC_20_414;497740.0;1125746.7433;0.3884554042399045;0.12583949194930732;0.034706169891864834;0.776910808479809
S_SC_SPEA2_EXEC_20_415;497546.0;1375850.4303999997;0.338675079641132;0.12618020625509316;0.04241673277533322;0.677350159282264
S_SC_SPEA2_EXEC_20_416;497346.0;417566.9555999999;0.4967359359099235;0.12653145811672803;0.012873365868952257;0.993471871819847
S_SC_SPEA2_EXEC_20_417;497234.0;1438179.1592999995;0.3330275267705455;0.12672815915924354;0.04433829414534991;0.666055053541091
S_SC_SPEA2_EXEC_20_418;497161.0;678371.3073000002;0.4709722230929879;0.12685636608874026;0.0209138245178526;0.9419444461859758
S_SC_SPEA2_EXEC_20_419;496879.0;616976.1322000001;0.4783485384828441;0.12735163121364543;0.01902104411209702;0.9566970769656882
S_SC_SPEA2_EXEC_20_420;496790.0;533874.3799;0.4831761787479433;0.12750793829207294;0.016459061542926152;0.9663523574958865
S_SC_SPEA2_EXEC_20_421;496780.0;825991.7813999997;0.44941097334059926;0.12752550088515469;0.025464884766637965;0.8988219466811985
S_SC_SPEA2_EXEC_20_422;496484.0;802007.726;0.4515232121491326;0.12804535364037428;0.024725469168625027;0.9030464242982652
S_SC_SPEA2_EXEC_20_423;496431.0;622961.7031;0.4767794913096376;0.12813843538370753;0.01920557606103808;0.9535589826192752
S_SC_SPEA2_EXEC_20_424;496346.0;631516.7436;0.47648364889554856;0.12828771742490236;0.019469323383241668;0.9529672977910971
S_SC_SPEA2_EXEC_20_425;496307.0;481792.0979;0.4917652683527918;0.12835621153792115;0.01485339264962844;0.9835305367055835
S_SC_SPEA2_EXEC_20_426;496248.0;789357.7268999999;0.45320111285517356;0.12845983083710344;0.02433547646333008;0.9064022257103471
S_SC_SPEA2_EXEC_20_427;496243.0;1015376.6338;0.40874233588358816;0.1284686121336443;0.03130351845708299;0.8174846717671763
S_SC_SPEA2_EXEC_20_428;496101.0;521461.65230000013;0.48470589504619166;0.12871800095540506;0.016076383791050808;0.9694117900923833
S_SC_SPEA2_EXEC_20_429;496007.0;1396827.354;0.33595239407627286;0.12888308933037346;0.04306344010857955;0.6719047881525457
S_SC_SPEA2_EXEC_20_430;495885.0;992496.6384999997;0.4133510571209154;0.12909735296597072;0.03059814044134996;0.8267021142418308
S_SC_SPEA2_EXEC_20_431;495821.0;1060733.8912;0.3964667335920041;0.12920975356169387;0.03270185843943011;0.7929334671840081
S_SC_SPEA2_EXEC_20_432;495589.0;488621.30939999997;0.4904615889532657;0.12961720572119032;0.015063933586972562;0.9809231779065314
S_SC_SPEA2_EXEC_20_433;495325.0;1462558.5332;0.32998941798159687;0.13008085817854834;0.04508989720124721;0.6599788359631937
S_SC_SPEA2_EXEC_20_434;495248.0;1007593.4348;0.4063753836367114;0.13021609014527777;0.0310635665954375;0.8127507672734228
S_SC_SPEA2_EXEC_20_435;495093.0;1289236.9172999996;0.35279003501764156;0.13048831033804478;0.039746484499270665;0.7055800700352831
S_SC_SPEA2_EXEC_20_436;495020.0;982509.484;0.41333764146478824;0.1306165172675415;0.030290241810617773;0.8266752829295765
S_SC_SPEA2_EXEC_20_437;494987.0;1360966.706;0.3436004377826508;0.13067447382471128;0.04195787551394257;0.6872008755653016
S_SC_SPEA2_EXEC_20_438;494853.0;914148.7862999999;0.42836551348467017;0.13090981257200662;0.028182718069222984;0.8567310269693403
S_SC_SPEA2_EXEC_20_439;494819.0;892021.7185999999;0.43400728851776516;0.13096952538848455;0.0275005524086288;0.8680145770355303
S_SC_SPEA2_EXEC_20_440;494759.0;692571.6343000003;0.4704302832292145;0.13107490094697502;0.02135161300297611;0.940860566458429
S_SC_SPEA2_EXEC_20_441;494680.0;849414.7025999997;0.43962566250153484;0.13121364543232078;0.026187000897436603;0.8792513250030697
S_SC_SPEA2_EXEC_20_442;494516.0;1148007.7536;0.380842756653219;0.1315016719588614;0.0353924649311661;0.761685513306438
S_SC_SPEA2_EXEC_20_443;494368.0;457900.1931999999;0.49189913165630184;0.1317615983364712;0.01411681800840163;0.9837982633126037
S_SC_SPEA2_EXEC_20_444;494286.0;593154.1238;0.4786466152246763;0.13190561159974148;0.01828662433640906;0.9572932304493526
S_SC_SPEA2_EXEC_20_445;494249.0;1640048.0191000002;0.301976442585451;0.13197059319414392;0.05056180310577407;0.603952885170902
S_SC_SPEA2_EXEC_20_446;493821.0;1562516.6193000004;0.306364960597514;0.13272227217804256;0.04817155152438814;0.612729921195028
S_SC_SPEA2_EXEC_20_447;493771.0;1126738.1339;0.3866484052878964;0.13281008514345127;0.03473673393373089;0.7732968105757928
S_SC_SPEA2_EXEC_20_448;493750.0;1139107.5516;0.3836610821830432;0.13284696658892292;0.03511807646455732;0.7673221643660864
S_SC_SPEA2_EXEC_20_449;493337.0;447641.2266;0.4930232845077139;0.13357230168319892;0.0138005395560289;0.9860465690154278
S_SC_SPEA2_EXEC_20_450;493217.0;964627.5194;0.4155942143301493;0.13378305280017985;0.02973895040773203;0.8311884286602986
S_SC_SPEA2_EXEC_20_451;493195.0;575774.0984;0.48121750080896997;0.13382169050495968;0.01775080745055325;0.9624350016179399
S_SC_SPEA2_EXEC_20_452;493173.0;833878.6318999999;0.4434591956071169;0.1338603282097395;0.025708032148581403;0.8869183912142338
S_SC_SPEA2_EXEC_20_453;493137.0;784323.8296999998;0.4515232121491326;0.1339235535448338;0.02418028410547413;0.9030464242982652
S_SC_SPEA2_EXEC_20_454;493005.0;1117837.9318999997;0.38936990592070203;0.1341553797735128;0.0344623454671221;0.7787398118414041
S_SC_SPEA2_EXEC_20_455;492979.0;1446407.0048999996;0.332036288593914;0.13420104251552534;0.0445919542238153;0.664072577187828
S_SC_SPEA2_EXEC_20_456;492809.0;1209653.1869999997;0.3720509305070404;0.13449960659791496;0.037292960666438134;0.7441018610140808
S_SC_SPEA2_EXEC_20_457;492769.0;1189024.2044;0.37204626398837926;0.13456985697024193;0.03665698016809516;0.7440925279767585
S_SC_SPEA2_EXEC_20_458;492553.0;430393.4995999999;0.49450524157944364;0.1349492089808076;0.013268801359073722;0.9890104831588873
S_SC_SPEA2_EXEC_20_459;492487.0;1493819.5273000002;0.3215557892449335;0.1350651220951471;0.04605365692667425;0.643111578489867
S_SC_SPEA2_EXEC_20_460;492472.0;1512788.8558000003;0.3175128094230258;0.13509146598476973;0.04663847117692534;0.6350256188460516
S_SC_SPEA2_EXEC_20_461;492292.0;1408029.428;0.32823043607243685;0.1354075926602411;0.04340879405759083;0.6564608721448737
S_SC_SPEA2_EXEC_20_462;492156.0;1042904.6011999999;0.4012344276596821;0.1356464439261528;0.03215219096628475;0.8024688553193642
S_SC_SPEA2_EXEC_20_463;492134.0;547616.1626000002;0.4822159441059311;0.13568508163093265;0.01688271335257318;0.9644318882118622
S_SC_SPEA2_EXEC_20_464;492011.0;648546.1009000002;0.47238240180357877;0.1359011015258381;0.019994329359159974;0.9447648036071575
S_SC_SPEA2_EXEC_20_465;491974.0;1387388.2008;0.33203628859391404;0.13596608312024053;0.042772436064779935;0.6640725771878281
S_SC_SPEA2_EXEC_20_466;491974.0;1632285.867;0.3019218566126031;0.13596608312024053;0.0503225001087968;0.6038437132252062
S_SC_SPEA2_EXEC_20_467;491829.0;1254604.0580999998;0.36572983632532224;0.13622074071992582;0.038678771976547496;0.7314596726506445
S_SC_SPEA2_EXEC_20_468;491684.0;1456380.7736000004;0.3255127805901095;0.13647539831961109;0.044899440177494095;0.651025561180219
S_SC_SPEA2_EXEC_20_469;491560.0;1168080.7736999998;0.374886642016461;0.1366931744738247;0.036011305403039234;0.749773284032922
S_SC_SPEA2_EXEC_20_470;491465.0;1231365.5684999998;0.3668729765365297;0.13686001910810128;0.0379623417733175;0.7337459530730595
S_SC_SPEA2_EXEC_20_471;491406.0;1267420.4855999995;0.353847273932262;0.13696363840728357;0.039073895580385654;0.707694547864524
S_SC_SPEA2_EXEC_20_472;491132.0;807752.7581999999;0.4465369700043329;0.13744485345772334;0.02490258543811824;0.8930739400086658
S_SC_SPEA2_EXEC_20_473;491123.0;538660.1458000002;0.4804830828919169;0.1374606597914969;0.016606604145537825;0.9609661657838338
S_SC_SPEA2_EXEC_20_474;491106.0;1351939.4947999995;0.33576431913394533;0.13749051619973585;0.04167957142163975;0.6715286382678907
S_SC_SPEA2_EXEC_20_475;490892.0;659083.4695000001;0.4689270513480519;0.13786635569168518;0.020319190796265055;0.9378541026961038
S_SC_SPEA2_EXEC_20_476;490806.0;494350.72400000005;0.4882904549045646;0.13801739399218815;0.015240568374212221;0.9765809098091291
S_SC_SPEA2_EXEC_20_477;490760.0;628520.4181000002;0.4754889603168703;0.1380981819203642;0.019376948270923348;0.9509779206337406
S_SC_SPEA2_EXEC_20_478;490741.0;1526872.9309;0.315272090135054;0.13813155084721948;0.04707267567815934;0.630544180270108
S_SC_SPEA2_EXEC_20_479;490068.0;608991.5815000002;0.47842366890542215;0.13931351336162082;0.018774884685251087;0.9568473378108443
S_SC_SPEA2_EXEC_20_480;489891.0;804624.0667;0.44804095256316495;0.13962437125916768;0.024806129552827443;0.8960819051263299
S_SC_SPEA2_EXEC_20_481;489760.0;1034932.5469999997;0.4020271914509549;0.13985444122853852;0.03190641679984896;0.8040543829019098
S_SC_SPEA2_EXEC_20_482;489703.0;1029750.7291999998;0.39958498020126215;0.13995454800910445;0.03174666412902328;0.7991699604025243
S_SC_SPEA2_EXEC_20_483;489682.0;1073785.5878;0.39466809109778667;0.1399914294545761;0.033104235263767025;0.7893361821955733
S_SC_SPEA2_EXEC_20_484;489670.0;483151.3939000001;0.4901028871745381;0.1400125045662742;0.014895299018170128;0.9802057743490762
S_SC_SPEA2_EXEC_20_485;489650.0;475270.48819999996;0.48952775821832656;0.14004762975243767;0.014652334911230597;0.9790555164366531
S_SC_SPEA2_EXEC_20_486;489186.0;1294808.0094999995;0.34691337544841055;0.14086253407143057;0.03991823829161089;0.6938267508968211
S_SC_SPEA2_EXEC_20_487;489114.0;512032.2246000002;0.4861019272591967;0.14098898474161914;0.015785679579213667;0.9722038545183934
S_SC_SPEA2_EXEC_20_488;489107.0;1202218.5873999998;0.3667456248742016;0.14100127855677635;0.03706375593781577;0.7334912497484032
S_SC_SPEA2_EXEC_20_489;489026.0;911340.7857000001;0.42840583022085005;0.14114353556073847;0.028096148912829626;0.8568116604417001
S_SC_SPEA2_EXEC_20_490;488664.0;774706.8195;0.4513801688962431;0.14177930143029757;0.023883796825506894;0.9027603377924862
S_SC_SPEA2_EXEC_20_491;488530.0;1022174.5733999999;0.40202719145095483;0.14201464017759294;0.03151309529847863;0.8040543829019097
S_SC_SPEA2_EXEC_20_492;488390.0;997434.9094999997;0.4068649159390004;0.14226051648073734;0.030750384694613945;0.8137298318780009
S_SC_SPEA2_EXEC_20_493;488355.0;1011549.4040999999;0.4044676867233339;0.14232198555652345;0.03118552701276043;0.8089353734466678
S_SC_SPEA2_EXEC_20_494;488350.0;455114.663;0.49120004809584894;0.1423307668530643;0.01403094160242001;0.9824000961916979
S_SC_SPEA2_EXEC_20_495;488178.0;1150645.3219999997;0.3788177233336787;0.14263284345407032;0.03547377975400402;0.7576354466673574
S_SC_SPEA2_EXEC_20_496;487807.0;569694.4474000002;0.4784075998873398;0.143284415657403;0.017563375062456164;0.9568151997746795
S_SC_SPEA2_EXEC_20_497;487729.0;678606.9996000002;0.4682884007236134;0.14342140388344057;0.02092109078538096;0.9365768014472268
S_SC_SPEA2_EXEC_20_498;487371.0;852132.2637;0.4344352117430031;0.144050144715767;0.02627078185242445;0.8688704234860062
S_SC_SPEA2_EXEC_20_499;487132.0;1223130.1443;0.36030213934609656;0.14446989069042065;0.03770844805066819;0.7206042786921931
S_SC_SPEA2_EXEC_20_500;487116.0;715294.0493000002;0.4645774014471664;0.14449799083935144;0.022052132902355734;0.9291548028943328
S_SC_SPEA2_EXEC_20_501;486858.0;548863.7440000002;0.4792546345886788;0.14495110574086043;0.016921175619757187;0.9585092691773576
S_SC_SPEA2_EXEC_20_502;486700.0;696649.6458000002;0.4670234457107926;0.14522859471155197;0.0214773359160401;0.9340468914215851
S_SC_SPEA2_EXEC_20_503;486263.0;657902.3741000001;0.4694803285058651;0.14599608002922415;0.020282778256895197;0.9389606570117301
S_SC_SPEA2_EXEC_20_504;486186.0;1279383.9861999995;0.35168002494426265;0.14613131199595358;0.03944272390415934;0.7033600498885253
S_SC_SPEA2_EXEC_20_505;486084.0;578013.4406000001;0.47763521436288325;0.14631045044538737;0.017819845172671284;0.9552704287257665
S_SC_SPEA2_EXEC_20_506;485860.0;645521.839;0.47301820875291434;0.1467038525304184;0.01990109298257387;0.9460364175058287
S_SC_SPEA2_EXEC_20_507;485534.0;1365303.7836;0.32928590495717047;0.14727639306488324;0.04209158529628541;0.6585718099143409
S_SC_SPEA2_EXEC_20_508;485407.0;1108143.4958999997;0.3844838583345259;0.1474994379970214;0.03416347119115882;0.7689677166690518
S_SC_SPEA2_EXEC_20_509;485270.0;1172297.3414;0.3696952423764035;0.14774004552224126;0.03614129992963034;0.739390484752807
S_SC_SPEA2_EXEC_20_510;485256.0;820343.7298999998;0.4399419301831565;0.1477646331525557;0.025290758360247145;0.879883860366313
S_SC_SPEA2_EXEC_20_511;485237.0;1084143.9918999998;0.3899482276575531;0.14779800207941102;0.03342357932107191;0.7798964553151062
S_SC_SPEA2_EXEC_20_512;485152.0;1351541.7249999999;0.33678494289204436;0.14794728412060584;0.04166730839148771;0.6735698857840887
S_SC_SPEA2_EXEC_20_513;485139.0;499136.48990000004;0.4861019272591967;0.1479701154916121;0.01538811097682389;0.9722038545183934
S_SC_SPEA2_EXEC_20_514;484906.0;1064247.8710999999;0.3926073950424424;0.14837932391041672;0.03281019255998772;0.7852147900848848
S_SC_SPEA2_EXEC_20_515;484884.0;632570.7948000001;0.47156217845808374;0.14841796161519655;0.019501819217886227;0.9431243569161675
S_SC_SPEA2_EXEC_20_516;484623.0;1463227.9294999999;0.32463274987206997;0.14887634529463006;0.045110534331091065;0.6492654997441399
S_SC_SPEA2_EXEC_20_517;484511.0;1432744.6151;0.32685868222268255;0.14907304633714558;0.04417075005480506;0.6537173644453651
S_SC_SPEA2_EXEC_20_518;484181.0;1079141.3035999998;0.3872407224787486;0.14965261190884313;0.033269349116908147;0.7744814449574972
S_SC_SPEA2_EXEC_20_519;484157.0;1306467.9368999999;0.34042120668148546;0.1496947621322393;0.04027770761602126;0.6808424133629709
S_SC_SPEA2_EXEC_20_520;484142.0;488977.55409999995;0.4874804133794086;0.14972110602186192;0.015074916420504937;0.9749608267588172
S_SC_SPEA2_EXEC_20_521;484068.0;1052459.3536999999;0.3952192003333102;0.14985106921066682;0.032446758874664965;0.7904384006666204
S_SC_SPEA2_EXEC_20_522;483983.0;480056.2541000001;0.48748041337940856;0.15000035125186165;0.01479987751384227;0.9749608267588171
S_SC_SPEA2_EXEC_20_523;483893.0;1041834.1843999997;0.3977845764525485;0.15015841458959733;0.03211919058894676;0.795569152905097
S_SC_SPEA2_EXEC_20_524;483885.0;600682.4944000001;0.4753816193273335;0.15017246466406273;0.018518719974799813;0.950763238654667
S_SC_SPEA2_EXEC_20_525;483682.0;1341922.6549999996;0.3367849428920444;0.1505289853036221;0.041370757608988326;0.6735698857840888
S_SC_SPEA2_EXEC_20_526;483620.0;1103421.6448999997;0.3814328324432905;0.15063787338072893;0.03401789905072367;0.762865664886581
S_SC_SPEA2_EXEC_20_527;483144.0;868917.2565999998;0.4313100893497483;0.1514738528114199;0.026788254204610413;0.8626201786994966
S_SC_SPEA2_EXEC_20_528;483013.0;1258961.5336999998;0.3515726567610196;0.15170392278079073;0.038813110618318686;0.7031453135220392
S_SC_SPEA2_EXEC_20_529;482824.0;594208.175;0.4739723853498083;0.1520358557900357;0.01831912017105362;0.9479447706996166
S_SC_SPEA2_EXEC_20_530;482669.0;750589.2641;0.4529316289826428;0.15230807598280272;0.023140265493908095;0.9058632579652856
S_SC_SPEA2_EXEC_20_531;482623.0;1027745.6656;0.39778457645254856;0.15238886391097872;0.03168484909081886;0.7955691529050971
S_SC_SPEA2_EXEC_20_532;482428.0;1252082.3650999994;0.34814506553712204;0.15273133447607273;0.03860102953030547;0.6962901310742441
S_SC_SPEA2_EXEC_20_533;482283.0;1240451.3476999998;0.35832370495004345;0.152985992075758;0.038242451485730085;0.7166474099000869
S_SC_SPEA2_EXEC_20_534;482186.0;1158250.3636999999;0.3769990505712472;0.1531563492286509;0.03570823912139354;0.7539981011424944
S_SC_SPEA2_EXEC_20_535;481926.0;1016887.6827;0.4003044160339815;0.15361297664877624;0.031350103286353376;0.800608832067963
S_SC_SPEA2_EXEC_20_536;481910.0;1011470.3632999999;0.40010757545134373;0.15364107679770703;0.03118309022717831;0.8002151509026875
S_SC_SPEA2_EXEC_20_537;481874.0;1228701.2364999999;0.35493433559955606;0.1537043021328013;0.03788020184300842;0.7098686711991121
S_SC_SPEA2_EXEC_20_538;481581.0;557955.0910000001;0.4765683966888739;0.15421888611009638;0.01720145698446535;0.9531367933777478
S_SC_SPEA2_EXEC_20_539;481161.0;1212425.9341999998;0.3578851720358303;0.15495651501952962;0.03737844297936787;0.7157703440716606
S_SC_SPEA2_EXEC_20_540;481156.0;665437.6182;0.4677036274730561;0.15496529631607048;0.020515085801614052;0.9354072549461122
S_SC_SPEA2_EXEC_20_541;480685.0;672292.7617000001;0.46670611047466654;0.1557924944502206;0.02072642620864618;0.9334122209493331
S_SC_SPEA2_EXEC_20_542;480674.0;663547.881;0.46833294545246495;0.1558118133026105;0.020456826214629218;0.9366658909049299
S_SC_SPEA2_EXEC_20_543;480355.0;1143669.4246999999;0.37094180842266217;0.1563720600219181;0.03525871657191363;0.7418836168453243
S_SC_SPEA2_EXEC_20_544;480314.0;1181780.2290999999;0.36476204619835567;0.15644406665355326;0.03643365228466972;0.7295240923967113
S_SC_SPEA2_EXEC_20_545;479940.0;528171.3802000001;0.47939573880835784;0.15710090763481047;0.01628324111292318;0.9587914776167157
S_SC_SPEA2_EXEC_20_546;479341.0;1094130.1087999998;0.38553771734549863;0.1581529069604069;0.033731445963151155;0.7710754346909973
S_SC_SPEA2_EXEC_20_547;479278.0;1176340.4160999998;0.3677575476083604;0.15826355129682187;0.036265945759839324;0.7355150952167208
S_SC_SPEA2_EXEC_20_548;479243.0;548492.256;0.47803254888750674;0.15832502037260798;0.01690972284344002;0.9560650977750135
S_SC_SPEA2_EXEC_20_549;479224.0;811815.8046;0.4414894605592039;0.15835838929946328;0.025027846985154627;0.8829789211184078
S_SC_SPEA2_EXEC_20_550;478970.0;909879.3167999999;0.4213035473032974;0.15880447916373958;0.02805109260843704;0.8426070946065948
S_SC_SPEA2_EXEC_20_551;478861.0;718935.0394000002;0.4644156713483887;0.15899591142833058;0.022164382679436836;0.9288313426967774
S_SC_SPEA2_EXEC_20_552;478760.0;0.0;0.474913638596668;0.15917329361845617;0.0;0.949827277193336
S_SC_SPEA2_EXEC_20_553;478563.0;726147.4795000002;0.46073381480454073;0.15951927670216653;0.022386738349515635;0.9214676296090815
S_SC_SPEA2_EXEC_20_554;478503.0;1116726.3290999997;0.37689668776776214;0.15962465226065697;0.03442807534743605;0.7537933755355243
S_SC_SPEA2_EXEC_20_555;478483.0;630147.9344000001;0.468156952143645;0.15965977744682047;0.01942712372783295;0.93631390428729
S_SC_SPEA2_EXEC_20_556;478066.0;936593.1514999998;0.41453710517401127;0.16039213757832915;0.028874665842007853;0.8290742103480225
S_SC_SPEA2_EXEC_20_557;477834.0;714894.8214000001;0.46413769728564436;0.1607995897378256;0.022039824919760684;0.9282753945712887
S_SC_SPEA2_EXEC_20_558;477713.0;1108992.7370999998;0.3767644114079491;0.1610120971141147;0.03418965284306391;0.7535288228158982
S_SC_SPEA2_EXEC_20_559;477423.0;1077846.1433;0.3882822261965072;0.16152141231348527;0.03322942001768889;0.7765644523930144
S_SC_SPEA2_EXEC_20_560;477135.0;711695.6965000002;0.46152646824440025;0.16202721499423947;0.021941197610425348;0.9230529364888005
S_SC_SPEA2_EXEC_20_561;477081.0;1276900.3370999997;0.3452305544838243;0.16212205299688087;0.03936615433100322;0.6904611089676486
S_SC_SPEA2_EXEC_20_562;476611.0;683055.0573000002;0.46280199388309;0.16294749487172283;0.021058222024839392;0.92560398776618
S_SC_SPEA2_EXEC_20_563;476572.0;865135.5162999998;0.4297114473217278;0.16301598898474162;0.026671665174155864;0.8594228946434556
S_SC_SPEA2_EXEC_20_564;476422.0;592274.1300000001;0.4712204327697942;0.16327942788096778;0.01825949459829669;0.9424408655395884
S_SC_SPEA2_EXEC_20_565;476386.0;856322.9970999999;0.4314701702480862;0.16334265321606203;0.026399979921366275;0.8629403404961724
S_SC_SPEA2_EXEC_20_566;476297.0;982668.1314999998;0.40351460976051595;0.16349896029448957;0.03029513282817628;0.8070292195210319
S_SC_SPEA2_EXEC_20_567;476222.0;744430.7533000002;0.45848136482889046;0.16363067974260265;0.022950401900362065;0.9169627296577809
S_SC_SPEA2_EXEC_20_568;476125.0;995409.9920999998;0.403325724458665;0.16380103689549555;0.030687957574376066;0.80665144891733
S_SC_SPEA2_EXEC_20_569;476122.0;972042.9621999998;0.4059350711971659;0.16380630567342008;0.02996756454245808;0.8118701423943318
S_SC_SPEA2_EXEC_20_570;476066.0;581613.9155000001;0.4737848939397457;0.16390465619467784;0.017930845887809483;0.9475697878794914
S_SC_SPEA2_EXEC_20_571;475698.0;674993.1562000002;0.46413769728564436;0.16455095962008598;0.020809677926539077;0.9282753945712887
S_SC_SPEA2_EXEC_20_572;475586.0;1054465.0147;0.39362508608118335;0.16474766066260152;0.03250859233039182;0.7872501721623667
S_SC_SPEA2_EXEC_20_573;475584.0;571446.1294000001;0.4744452295818423;0.16475117318121785;0.017617378481475886;0.9488904591636846
S_SC_SPEA2_EXEC_20_574;474333.0;835418.2086999998;0.433394258645239;0.16694825357574394;0.025755496477748135;0.866788517290478
S_SC_SPEA2_EXEC_20_575;473922.0;557373.5024;0.474828889545001;0.1676700761514036;0.017183526919040862;0.949657779090002
S_SC_SPEA2_EXEC_20_576;473897.0;1171485.4674;0.36195549680155525;0.16771398263410797;0.03611627028851213;0.7239109936031105
S_SC_SPEA2_EXEC_20_577;473474.0;1128386.2565;0.37138078759975773;0.1684568803214657;0.03478754467184641;0.7427615751995155
S_SC_SPEA2_EXEC_20_578;473209.0;648188.7143000001;0.46575516474899836;0.1689222890381319;0.019983311321461444;0.9315103294979967
S_SC_SPEA2_EXEC_20_579;472338.0;610291.5861000002;0.4701111653552495;0.17045199089555174;0.01881496313164796;0.940222330710499
S_SC_SPEA2_EXEC_20_580;472254.0;622335.4771;0.4689629827751824;0.1705995166774384;0.01918626984844981;0.9379259655503648
S_SC_SPEA2_EXEC_20_581;471809.0;1043626.5920999998;0.39176709745125055;0.17138105206957596;0.032174449559511785;0.7835341949025011
S_SC_SPEA2_EXEC_20_582;471507.0;713340.7471000002;0.45793191954185763;0.17191144238064462;0.0219919136404242;0.9158638390837153
S_SC_SPEA2_EXEC_20_583;471386.0;1120652.6645;0.3712530250252035;0.1721239497569337;0.03454912216747427;0.742506050050407
S_SC_SPEA2_EXEC_20_584;470605.0;597044.5547000001;0.469888985075298;0.17349558827661787;0.018406564239918943;0.939777970150596
S_SC_SPEA2_EXEC_20_585;470203.0;0.0;0.46641099739661496;0.17420160451850394;0.0;0.9328219947932299
S_SC_SPEA2_EXEC_20_586;469895.0;690362.971;0.4607070393589176;0.17474253238542165;0.021283521094933783;0.9214140787178352
S_SC_SPEA2_EXEC_20_587;469633.0;1002723.7090999997;0.3995339685890212;0.1752026723241633;0.03091343555710506;0.7990679371780424
S_SC_SPEA2_EXEC_20_588;469088.0;708838.2646000001;0.4578961470388919;0.17615983364711832;0.021853104513495637;0.9157922940777838
S_SC_SPEA2_EXEC_20_589;468583.0;866475.9260999999;0.42587334423190387;0.17704674459774636;0.02671298929125449;0.8517466884638077
S_SC_SPEA2_EXEC_20_590;467581.0;647910.3843000002;0.46425023540770916;0.17880651642453704;0.01997473055645058;0.9285004708154183
S_SC_SPEA2_EXEC_20_591;467547.0;962650.4652999998;0.40689514005415967;0.17886622924101497;0.029677998887429273;0.8137902801083193
S_SC_SPEA2_EXEC_20_592;466871.0;741533.2220000001;0.4537454355128352;0.18005346053334081;0.02286107256038102;0.9074908710256704
S_SC_SPEA2_EXEC_20_593;466207.0;977501.1778999999;0.4020316443882888;0.18121961671396858;0.030135838412685183;0.8040632887765776
S_SC_SPEA2_EXEC_20_594;466105.0;751151.6710999999;0.44755391458117977;0.18139875516340237;0.023157604200865534;0.8951078291623595
S_SC_SPEA2_EXEC_20_595;465982.0;724701.3416000003;0.4566774038808053;0.1816147750583078;0.022342154691651933;0.9133548077616106
S_SC_SPEA2_EXEC_20_596;465898.0;704035.5845000002;0.4552265744564467;0.18176230084019446;0.021705040455146006;0.9104531489128934
S_SC_SPEA2_EXEC_20_597;465856.0;839490.8990999999;0.4298806319326288;0.18183606373113778;0.025881055344145587;0.8597612638652576
S_SC_SPEA2_EXEC_20_598;465107.0;791697.1137999999;0.4392753078572962;0.18315150195296034;0.024407598510031457;0.8785506157145924
S_SC_SPEA2_EXEC_20_599;464749.0;698668.1719000002;0.45809821176317395;0.18378024278528676;0.021539565995917928;0.9161964235263479
S_SC_SPEA2_EXEC_20_600;464661.0;936641.0147999998;0.4092625268416104;0.1839347936044061;0.02887614144194298;0.8185250536832208
S_SC_SPEA2_EXEC_20_601;463494.0;683750.9578000001;0.4566774038808053;0.18598434821704554;0.02107967626499116;0.9133548077616106
S_SC_SPEA2_EXEC_20_602;463137.0;671501.2430000001;0.4608508677167195;0.18661133279006378;0.02070202411053816;0.921701735433439
S_SC_SPEA2_EXEC_20_603;462689.0;662383.8678000002;0.46085086771671957;0.1873981369601259;0.02042094031034746;0.9217017354334391
S_SC_SPEA2_EXEC_20_604;462176.0;784976.4990999999;0.4392753078572961;0.18829909798521932;0.024200405553938837;0.8785506157145923
S_SC_SPEA2_EXEC_20_605;461077.0;635216.9389000001;0.46348666221937795;0.1902292269649029;0.019583398424967688;0.9269733244387559
S_SC_SPEA2_EXEC_20_606;460993.0;647260.8299;0.4621832456121549;0.19037675274678956;0.01995470514176954;0.9243664912243098
S_SC_SPEA2_EXEC_20_607;459633.0;750032.2767000002;0.44829279720307524;0.19276526540590666;0.023123093870319508;0.8965855944061505
S_SC_SPEA2_EXEC_20_608;458933.0;610976.5258;0.46476136120301326;0.19399464692162868;0.018836079456199067;0.9295227224060265
S_SC_SPEA2_EXEC_20_609;458818.0;738342.6743000002;0.4514582687869925;0.19419661674206873;0.022762709681533422;0.902916537573985
S_SC_SPEA2_EXEC_20_610;457513.0;0.0;0.45212399582696655;0.19648853513923623;0.0;0.9042479916539331
S_SC_SPEA2_EXEC_20_611;447925.0;0.0;0.44542560084547855;0.21332754938601176;0.0;0.8908512016909571
S_SC_SPEA2_EXEC_20_612;432811.0;0.0;0.4304645257508223;0.23987165256975862;0.0;0.8609290515016446
S_SC_SPEA2_EXEC_20_613;423493.0;0.0;0.42424920374545627;0.25623647680332706;0.0;0.8484984074909125
S_SC_SPEA2_EXEC_20_614;412342.0;0.0;0.41890452140009626;0.2758205243487791;0.0;0.8378090428001925
S_SC_SPEA2_EXEC_20_615;400157.0;0.0;0.40650434381220285;0.2972205440188833;0.0;0.8130086876244057
S_SC_SPEA2_EXEC_20_616;389835.0;0.0;0.40578444809072584;0.31534865259785877;0.0;0.8115688961814517
S_SC_SPEA2_EXEC_20_617;379566.0;0.0;0.3983905483578771;0.333383679433501;0.0;0.7967810967157541
S_SC_SPEA2_EXEC_20_618;369010.0;0.0;0.39346467659397605;0.35192275269058926;0.0;0.7869293531879521
S_SC_SPEA2_EXEC_20_619;358470.0;0.0;0.38736583262833496;0.3704337257987467;0.0;0.7747316652566699
