S_SC_NSGAII_EXEC_1_38;480347.0;108339.1973;0.48392953719183335;0.1563861100963835;0.0033400394980667974;0.9678590743836667
S_SC_NSGAII_EXEC_1_39;479789.0;108339.1973;0.4830363747862765;0.1573661027903448;0.0033400394980667974;0.966072749572553
S_SC_NSGAII_EXEC_1_44;468788.0;0.0;0.46402817644510863;0.17668671143957063;0.0;0.9280563528902173
S_SC_NSGAII_EXEC_1_46;465563.0;0.0;0.46123249952036766;0.18235064770843284;0.0;0.9224649990407353
S_SC_NSGAII_EXEC_1_47;463545.0;0.0;0.4580068701072996;0.18589477899232865;0.0;0.9160137402145992
S_SC_NSGAII_EXEC_1_51;452691.0;0.0;0.443669571486951;0.20495721752325288;0.0;0.887339142973902
S_SC_NSGAII_EXEC_2_30;561355.0;2324684.873;0.21266549813095365;0.014115056059797118;0.07166879107362924;0.4253309962619073
S_SC_NSGAII_EXEC_2_38;559283.0;2264617.5834;0.2391155400279146;0.017754025346334336;0.069816948667503;0.4782310800558292
S_SC_NSGAII_EXEC_2_51;553292.0;2142122.5069000004;0.2689740203625445;0.028275774861606765;0.06604049098620991;0.537948040725089
S_SC_NSGAII_EXEC_2_98;502665.0;572046.5298;0.49385635193618027;0.11718991485654874;0.017635888504631235;0.9877127038723605
S_SC_NSGAII_EXEC_2_106;474713.0;0.0;0.47143670597162285;0.1662808750386377;0.0;0.9428734119432457
S_SC_NSGAII_EXEC_2_107;472170.0;0.0;0.4677098468941068;0.17074704245932504;0.0;0.9354196937882135
S_SC_NSGAII_EXEC_2_108;469837.0;0.0;0.46508347571661296;0.17484439542529576;0.0;0.9301669514332259
S_SC_NSGAII_EXEC_2_110;467598.0;0.0;0.46234142255799665;0.17877666001629808;0.0;0.9246828451159933
S_SC_NSGAII_EXEC_2_112;462664.0;0.0;0.4565018440769779;0.18744204344283025;0.0;0.9130036881539558
S_SC_NSGAII_EXEC_2_113;460165.0;0.0;0.45339974046100245;0.1918309354539579;0.0;0.9067994809220049
S_SC_NSGAII_EXEC_2_114;458036.0;0.0;0.45049752191552744;0.19557001152106107;0.0;0.9009950438310549
S_SC_NSGAII_EXEC_2_116;452777.0;0.0;0.4436695714869511;0.20480617922274988;0.0;0.8873391429739022
S_SC_NSGAII_EXEC_2_119;445682.0;0.0;0.43438099838489574;0.2172668390142468;0.0;0.8687619967697915
S_SC_NSGAII_EXEC_2_120;444169.0;0.0;0.4324185405608491;0.21992405934751455;0.0;0.8648370811216982
S_SC_NSGAII_EXEC_2_123;439531.0;0.0;0.42631307896613263;0.2280695900188271;0.0;0.8526261579322653
S_SC_NSGAII_EXEC_2_125;436076.0;0.0;0.42205574958233166;0.23413746592856943;0.0;0.8441114991646633
S_SC_NSGAII_EXEC_2_126;434825.0;0.0;0.4216832082553839;0.2363345463230955;0.0;0.8433664165107678
S_SC_NSGAII_EXEC_3_103;513874.0;654478.3894000002;0.4899208932049496;0.09750400427122263;0.02017721864021179;0.9798417864098992
S_SC_NSGAII_EXEC_3_104;512134.0;643254.4030000002;0.49026203049142086;0.10055989546744598;0.01983118914363027;0.9805240609828417
S_SC_NSGAII_EXEC_3_109;478862.0;80067.36899999999;0.48211739757861743;0.1589941551690224;0.0024684341552370817;0.9642347951572349
S_SC_NSGAII_EXEC_3_110;478760.0;0.0;0.474913638596668;0.15917329361845617;0.0;0.949827277193336
S_SC_NSGAII_EXEC_3_111;476669.0;0.0;0.4726231725719218;0.16284563183184872;0.0;0.9452463451438436
S_SC_NSGAII_EXEC_3_112;474571.0;0.0;0.47022247447792476;0.16653026386039846;0.0;0.9404449489558495
S_SC_NSGAII_EXEC_3_115;468266.0;0.0;0.463727035612683;0.17760347879843763;0.0;0.927454071225366
S_SC_NSGAII_EXEC_3_116;467375.0;0.0;0.4623414225579966;0.17916830584202095;0.0;0.9246828451159932
S_SC_NSGAII_EXEC_3_119;460833.0;0.0;0.4549662377662997;0.19065775423609746;0.0;0.9099324755325994
S_SC_NSGAII_EXEC_3_120;458501.0;0.0;0.45185329433143795;0.19475335094276;0.0;0.9037065886628759
S_SC_NSGAII_EXEC_3_121;457350.0;0.0;0.45041364294225833;0.19677480540646866;0.0;0.9008272858845167
S_SC_NSGAII_EXEC_3_122;454836.0;0.0;0.446870831176407;0.20119004130721893;0.0;0.893741662352814
S_SC_NSGAII_EXEC_3_132;434101.0;0.0;0.41955279879175245;0.23760607806221373;0.0;0.8391055975835049
S_SC_NSGAII_EXEC_3_133;432238.0;0.0;0.4173238353223839;0.24087798915334252;0.0;0.8346476706447677
S_SC_NSGAII_EXEC_4_40;561286.0;2314867.3560999995;0.20564977303872875;0.014236237952061146;0.07136612227935953;0.4112995460774575
S_SC_NSGAII_EXEC_4_42;560317.0;2281544.0168;0.22197966862899712;0.015938053221682076;0.07033878155464214;0.44395933725799425
S_SC_NSGAII_EXEC_4_44;560055.0;2275791.932299999;0.2197896435202992;0.01639819316042375;0.07016144786651245;0.4395792870405984
S_SC_NSGAII_EXEC_4_45;559167.0;2301163.317699999;0.20103724205096568;0.01795775142608256;0.07094363410629065;0.40207448410193136
S_SC_NSGAII_EXEC_4_46;558745.0;2261210.050399999;0.22697686934098904;0.018698892854132128;0.06971189624792994;0.4539537386819781
S_SC_NSGAII_EXEC_4_48;558065.0;2259433.552199999;0.2158591313530784;0.019893149183690673;0.06965712775873932;0.4317182627061568
S_SC_NSGAII_EXEC_4_49;557096.0;2226110.212899999;0.2312234511700285;0.0215949644533116;0.06862978703402194;0.462446902340057
S_SC_NSGAII_EXEC_4_50;556845.0;2253716.6272999994;0.22282238545317476;0.02203578553966336;0.06948087802226946;0.4456447709063495
S_SC_NSGAII_EXEC_4_53;555970.0;2211964.0113999993;0.23998468325603903;0.023572512434315903;0.06819366720910967;0.47996936651207806
S_SC_NSGAII_EXEC_4_54;555235.0;2180677.8622;0.24975599890565173;0.024863363025824037;0.06722913196540606;0.49951199781130345
S_SC_NSGAII_EXEC_4_61;551542.0;2178719.1203999994;0.25124749183880685;0.03134922865091185;0.06716874500351637;0.5024949836776137
S_SC_NSGAII_EXEC_4_62;550467.0;2127289.3294999995;0.26735149168429584;0.03323720740719926;0.06558319206178974;0.5347029833685917
S_SC_NSGAII_EXEC_4_146;405179.0;0.0;0.3819997278576505;0.2884006097732318;0.0;0.763999455715301
S_SC_NSGAII_EXEC_4_151;393462.0;0.0;0.36957669134283583;0.3089787000871105;0.0;0.7391533826856717
S_SC_NSGAII_EXEC_5_81;512891.0;644058.9245000001;0.4895703317163332;0.09923040717115801;0.019855992111106602;0.9791406634326664
S_SC_NSGAII_EXEC_5_84;509132.0;578248.9911000001;0.49190748802141115;0.10583218591058532;0.017827107068581507;0.9838149760428223
S_SC_NSGAII_EXEC_5_85;502374.0;578248.9911000001;0.49172951711828944;0.11770098631522748;0.017827107068581507;0.9834590342365789
S_SC_NSGAII_EXEC_5_88;475879.0;0.0;0.47172366598538745;0.16423307668530643;0.0;0.9434473319707749
S_SC_NSGAII_EXEC_5_90;471219.0;0.0;0.46641099739661496;0.17241724506139883;0.0;0.9328219947932299
S_SC_NSGAII_EXEC_5_93;465503.0;0.0;0.45952005010444896;0.1824560232669233;0.0;0.9190401002088979
S_SC_NSGAII_EXEC_5_94;463867.0;0.0;0.45804561754934603;0.1853292634950965;0.0;0.9160912350986921
S_SC_NSGAII_EXEC_5_97;454023.0;0.0;0.44513368368371353;0.20261788012476467;0.0;0.8902673673674271
S_SC_NSGAII_EXEC_5_98;452496.0;0.0;0.44337505251207265;0.20529968808834687;0.0;0.8867501050241453
S_SC_NSGAII_EXEC_5_100;448328.0;0.0;0.4378972246987807;0.21261977688481748;0.0;0.8757944493975613
S_SC_NSGAII_EXEC_5_101;445491.0;0.0;0.43407279413882;0.21760228454210806;0.0;0.86814558827764
S_SC_NSGAII_EXEC_5_103;442777.0;0.0;0.4301630093310077;0.2223687723044932;0.0;0.8603260186620154
S_SC_NSGAII_EXEC_5_104;441068.0;0.0;0.4280680810810784;0.22537021946216315;0.0;0.8561361621621568
S_SC_NSGAII_EXEC_5_105;439518.0;0.0;0.42599301920662197;0.22809242138983338;0.0;0.8519860384132439
S_SC_NSGAII_EXEC_5_106;438059.0;0.0;0.42393890469159473;0.2306548037204597;0.0;0.8478778093831895
S_SC_NSGAII_EXEC_5_108;431561.0;0.0;0.41504150815864177;0.24206697670497654;0.0;0.8300830163172835
S_SC_NSGAII_EXEC_5_109;427664.0;0.0;0.41038047821105145;0.24891111922893192;0.0;0.8207609564221029
S_SC_NSGAII_EXEC_5_110;424448.0;0.0;0.4055510244398753;0.25455924916402056;0.0;0.8111020488797506
S_SC_NSGAII_EXEC_5_111;422546.0;0.0;0.4030712550033763;0.25789965436816814;0.0;0.8061425100067526
S_SC_NSGAII_EXEC_5_112;420640.0;0.0;0.40054705476024266;0.26124708460954843;0.0;0.8010941095204853
S_SC_NSGAII_EXEC_5_113;417486.0;0.0;0.3978055011680356;0.26678632646753025;0.0;0.7956110023360712
S_SC_NSGAII_EXEC_5_115;409988.0;0.0;0.387297094572618;0.2799547587602214;0.0;0.774594189145236
S_SC_NSGAII_EXEC_5_118;404866.0;0.0;0.38155757131062035;0.2889503189366904;0.0;0.7631151426212407
S_SC_NSGAII_EXEC_5_119;402230.0;0.0;0.37864404516948313;0.29357981847303793;0.0;0.7572880903389663
S_SC_NSGAII_EXEC_8_48;535894.0;1211182.2775000003;0.43829754967040546;0.05883117430522382;0.037340101708585406;0.8765950993408109
S_SC_NSGAII_EXEC_8_118;413067.0;0.0;0.39264693960072494;0.27454723635035266;0.0;0.7852938792014499
S_SC_NSGAII_EXEC_8_128;392527.0;0.0;0.36957669134283566;0.3106208025402535;0.0;0.7391533826856713
S_SC_NSGAII_EXEC_9_104;478575.0;0.0;0.47406455201095066;0.15949820159046843;0.0;0.9481291040219013
S_SC_NSGAII_EXEC_9_106;475297.0;903877.8529999998;0.4559384131907559;0.1652552196026639;0.027866070689890683;0.9118768263815118
S_SC_NSGAII_EXEC_9_117;455056.0;973719.9876999998;0.44462565738820903;0.20080366425942056;0.030019266341519364;0.8892513147764181
S_SC_NSGAII_EXEC_9_122;447209.0;1046647.6527999999;0.42762071288474207;0.21458503105066457;0.032267587244814336;0.8552414257694841
S_SC_NSGAII_EXEC_9_123;445295.0;1011464.6625999999;0.4314996619582978;0.21794651136651025;0.03118291447764683;0.8629993239165956
S_SC_NSGAII_EXEC_9_124;443413.0;0.0;0.43046452575082245;0.22125179138449433;0.0;0.8609290515016449
S_SC_NSGAII_EXEC_9_125;440350.0;0.0;0.4263583671995345;0.22663121364543232;0.0;0.852716734399069
S_SC_NSGAII_EXEC_9_126;437445.0;0.0;0.4221609855581222;0.23173314693567876;0.0;0.8443219711162444
S_SC_NSGAII_EXEC_9_127;434032.0;0.0;0.4176905497608409;0.23772725995447777;0.0;0.8353810995216818
S_SC_NSGAII_EXEC_9_128;430166.0;0.0;0.4131193339542472;0.24451695843987972;0.0;0.8262386679084944
S_SC_NSGAII_EXEC_9_130;426469.0;0.0;0.4083828913402954;0.25100984910220026;0.0;0.8167657826805907
S_SC_NSGAII_EXEC_10_40;530271.0;1021114.3857000002;0.4608459701979951;0.0687066203950881;0.03148041027882172;0.9216919403959902
S_SC_NSGAII_EXEC_10_45;526139.0;913123.4718000003;0.47021075606286106;0.07596348385646444;0.028151108171667102;0.9404215121257221
S_SC_NSGAII_EXEC_10_47;524921.0;885231.2522000002;0.4714132094512545;0.07810260769382078;0.027291205961991482;0.942826418902509
S_SC_NSGAII_EXEC_10_49;482051.0;186894.4203;0.4868228436007747;0.15339344423525444;0.00576185500102738;0.9736456872015494
S_SC_NSGAII_EXEC_10_57;477096.0;0.0;0.4737820828691891;0.16209570910725826;0.0;0.9475641657383782
S_SC_NSGAII_EXEC_10_64;460214.0;0.0;0.4548339359588618;0.19174487874785737;0.0;0.9096678719177236
S_SC_NSGAII_EXEC_10_78;424682.0;0.0;0.4077731496416694;0.25414828448590776;0.0;0.8155462992833388
S_SC_NSGAII_EXEC_10_80;417990.0;0.0;0.39816757957923526;0.2659011717762104;0.0;0.7963351591584705
S_SC_NSGAII_EXEC_10_81;414346.0;0.0;0.3928935363478114;0.2723009806951977;0.0;0.7857870726956228
S_SC_NSGAII_EXEC_10_82;411348.0;0.0;0.3897576794276168;0.27756624610110436;0.0;0.7795153588552336
S_SC_NSGAII_EXEC_10_83;409357.0;0.0;0.386995226934634;0.28106295838367945;0.0;0.773990453869268
S_SC_NSGAII_EXEC_10_84;407227.0;0.0;0.384182594541866;0.28480379071009077;0.0;0.768365189083732
S_SC_NSGAII_EXEC_10_85;404856.0;0.0;0.38131867185989315;0.2889678815297721;0.0;0.7626373437197863
S_SC_NSGAII_EXEC_10_90;389691.0;0.0;0.3661868328183039;0.31560155393823586;0.0;0.7323736656366078
S_SC_NSGAII_EXEC_11_73;534640.0;1278087.7728999995;0.4179708319155439;0.061033523477674434;0.03940276234151335;0.8359416638310878
S_SC_NSGAII_EXEC_11_74;533784.0;1416425.1242999996;0.3962147050396907;0.06253688144547166;0.043667628883347576;0.7924294100793814
S_SC_NSGAII_EXEC_11_78;531884.0;1080016.8429999999;0.4486854855681154;0.0658737741310029;0.03329634152825135;0.8973709711362308
S_SC_NSGAII_EXEC_11_82;530077.0;1326063.4540999995;0.40861870650126847;0.06904733470087392;0.04088182692892156;0.8172374130025369
S_SC_NSGAII_EXEC_11_93;521950.0;827415.8525000004;0.47952835335980004;0.08332045409840672;0.025508788116862045;0.9590567067196001
S_SC_NSGAII_EXEC_12_113;484414.0;1228181.7891;0.4129186602362152;0.1492434034900385;0.03786418755753828;0.8258373204724304
S_SC_NSGAII_EXEC_12_114;480720.0;117787.31559999999;0.48563898320748117;0.15573102537443448;0.003631319931103638;0.9712779664149623
S_SC_NSGAII_EXEC_12_116;480024.0;96033.02369999999;0.48392953719183335;0.15695338185292382;0.0029606467490117245;0.9678590743836667
S_SC_NSGAII_EXEC_12_122;470365.0;1178872.3243000002;0.41528253112999913;0.1739170905105797;0.03634400313523286;0.8305650622599983
S_SC_NSGAII_EXEC_13_65;531018.0;1257315.1546999996;0.4218538605947501;0.06739469469188186;0.03876235363445844;0.8437077211895002
S_SC_NSGAII_EXEC_13_92;514726.0;658113.4283000001;0.4899208932049495;0.0960076713406581;0.020289284944980404;0.979841786409899
S_SC_NSGAII_EXEC_13_94;513922.0;645337.5418000002;0.4906155881716244;0.09741970382443027;0.019895411198485348;0.9812311763432487
S_SC_NSGAII_EXEC_13_95;513312.0;651384.7561000002;0.4899208932049495;0.0984910220024166;0.02008184358047305;0.979841786409899
S_SC_NSGAII_EXEC_13_99;512865.0;631658.9894000002;0.49054501081869983;0.09927606991317053;0.01947370874516307;0.9810900216373997
S_SC_NSGAII_EXEC_13_124;490110.0;1125256.5684999998;0.42433037659969564;0.1392397504706775;0.034691058064993674;0.8486607531993913
S_SC_NSGAII_EXEC_13_129;474832.0;1056590.0905999995;0.43112545782457823;0.16607188018096497;0.03257410728360616;0.8622509156491565
S_SC_NSGAII_EXEC_13_130;474545.0;1035134.7965999997;0.43316515595178523;0.166575926602411;0.03191265204682608;0.8663303119035705
S_SC_NSGAII_EXEC_13_132;468291.0;1036849.4708999997;0.43272047680516795;0.17755957231573327;0.03196551453825161;0.8654409536103359
S_SC_NSGAII_EXEC_13_133;466581.0;1018836.1944999996;0.4385966021412603;0.18056277573271137;0.031410174862815464;0.8771932042825206
S_SC_NSGAII_EXEC_13_135;464169.0;0.0;0.4580564652159633;0.18479887318402788;0.0;0.9161129304319267
S_SC_NSGAII_EXEC_13_140;452890.0;0.0;0.44509224839875394;0.2046077219209262;0.0;0.8901844967975079
S_SC_NSGAII_EXEC_14_45;538354.0;1327934.5381000002;0.4261637835014957;0.05451077640711496;0.040939511447728706;0.8523275670029914
S_SC_NSGAII_EXEC_14_109;478837.0;70821.0603;0.4802014017624536;0.15903806165172676;0.0021833754042127314;0.9604028035249071
S_SC_NSGAII_EXEC_16_53;546760.0;1873338.9948999994;0.3538670310627082;0.03974766066260151;0.05775403909361208;0.7077340621254165
S_SC_NSGAII_EXEC_16_64;538989.0;1759904.5182999999;0.3466395277676192;0.053395551746424255;0.054256914860381936;0.6932790555352384
S_SC_NSGAII_EXEC_16_65;537444.0;1711789.6403999997;0.3569307449932229;0.0561089723775536;0.05277355891317425;0.7138614899864458
S_SC_NSGAII_EXEC_16_72;531907.0;1345789.1704;0.4072297448510867;0.06583338016691488;0.041489960210426516;0.8144594897021734
S_SC_NSGAII_EXEC_16_81;527798.0;1324563.4546999997;0.40717728433904776;0.07304984966420322;0.04083558274982539;0.8143545686780955
S_SC_NSGAII_EXEC_16_95;519603.0;1663089.8207999999;0.34770510868177806;0.08744239469469188;0.05127216952626279;0.6954102173635561
S_SC_NSGAII_EXEC_16_100;517496.0;1555738.3294000002;0.3613010402097882;0.0911428330570152;0.047962580472732136;0.7226020804195764
S_SC_NSGAII_EXEC_16_102;516521.0;1689360.0808;0.3406606817403567;0.09285518588248518;0.05208206758911732;0.6813213634807134
S_SC_NSGAII_EXEC_16_112;510020.0;1294837.109;0.3977311966511653;0.10427262764492652;0.03991913541362949;0.7954623933023306
S_SC_NSGAII_EXEC_16_113;509449.0;1286021.7239999997;0.40103231072234125;0.10527545170989407;0.03964736180975892;0.8020646214446825
S_SC_NSGAII_EXEC_16_127;493891.0;1187868.9851;0.41853835377177684;0.13259933402647034;0.03662136537504621;0.8370767075435537
S_SC_NSGAII_EXEC_16_134;470351.0;867913.3220999999;0.46258311116467493;0.17394167814089415;0.02675730344101756;0.9251662223293499
S_SC_NSGAII_EXEC_16_135;469160.0;0.0;0.4650434003882769;0.17603338297692978;0.0;0.9300868007765538
S_SC_NSGAII_EXEC_16_136;468529.0;899140.6886999998;0.45401196172080793;0.1771415826003878;0.027720026448608198;0.9080239234416159
S_SC_NSGAII_EXEC_16_148;443608.0;0.0;0.43216388988583937;0.22090932081940035;0.0;0.8643277797716787
S_SC_NSGAII_EXEC_16_152;434151.0;0.0;0.41959944970661;0.23751826509680501;0.0;0.83919889941322
S_SC_NSGAII_EXEC_17_111;456496.0;0.0;0.4501292100273107;0.19827465085564955;0.0;0.9002584200546214
S_SC_NSGAII_EXEC_17_112;450263.0;979289.7621999998;0.439478465703083;0.20922141512350015;0.030190979509873483;0.878956931406166
S_SC_NSGAII_EXEC_17_137;395857.0;0.0;0.3725366574978153;0.30477245904403294;0.0;0.7450733149956306
S_SC_NSGAII_EXEC_17_138;393974.0;0.0;0.36965021846375634;0.3080794953213252;0.0;0.7393004369275127
S_SC_NSGAII_EXEC_17_142;387277.0;0.0;0.36332124230449686;0.3198411639081687;0.0;0.7266424846089937
S_SC_NSGAII_EXEC_18_49;547767.0;1917968.1282999988;0.35115621512475487;0.03797910753926996;0.05912993140253996;0.7023124302495097
S_SC_NSGAII_EXEC_18_51;546415.0;1958263.527;0.34762917710219887;0.040353570123921656;0.06037221698894382;0.6952583542043977
S_SC_NSGAII_EXEC_18_55;544419.0;1917338.107399999;0.3489661405105555;0.043859063703037625;0.05911050819521473;0.697932281021111
S_SC_NSGAII_EXEC_18_59;542499.0;1818176.086499999;0.35445548127024634;0.047231081574732346;0.056053396136344746;0.7089109625404927
S_SC_NSGAII_EXEC_18_64;540252.0;1757806.6965999992;0.35442775786747643;0.051177396240200075;0.05419224013957427;0.7088555157349529
S_SC_NSGAII_EXEC_18_74;535228.0;1199533.3978000004;0.4378465763825724;0.060000843004467924;0.036980972978856226;0.8756931527651448
S_SC_NSGAII_EXEC_18_75;534984.0;1658014.654799999;0.3576522298551382;0.06042937027566246;0.051115704873379034;0.7153044597102765
S_SC_NSGAII_EXEC_18_76;534904.0;1654997.090399999;0.3576522298551382;0.060569871020316406;0.05102267497713519;0.7153044597102765
S_SC_NSGAII_EXEC_18_89;524390.0;1607506.4621999988;0.35838360138434683;0.07903518138646135;0.04955856431424398;0.7167672027686937
S_SC_NSGAII_EXEC_18_90;524310.0;1604488.8977999988;0.35838360138434683;0.0791756821311153;0.04946553441800013;0.7167672027686937
S_SC_NSGAII_EXEC_18_116;505181.0;1660381.1508999995;0.337460383241167;0.11277116643718212;0.051188662682214704;0.674920766482334
S_SC_NSGAII_EXEC_18_162;373110.0;0.0;0.3501356271655764;0.3447220895270745;0.0;0.7002712543311528
S_SC_NSGAII_EXEC_19_68;528713.0;980780.6815000002;0.46377517149771397;0.0714428723972237;0.03023694375434395;0.9275503429954279
S_SC_NSGAII_EXEC_19_81;517889.0;679729.1072000002;0.4871773909477283;0.09045262314890269;0.020955684762431603;0.9743547818954565
S_SC_NSGAII_EXEC_19_82;516523.0;661143.8177000002;0.48790052589195404;0.09285167336386883;0.020382710229113678;0.9758010517839081
S_SC_NSGAII_EXEC_19_84;514167.0;648640.7913000003;0.49181188400496173;0.09698942029392756;0.019997248613538538;0.9836237680099235
S_SC_NSGAII_EXEC_19_87;513110.0;618005.2764000002;0.49174111627436823;0.09884578638266783;0.019052772077255267;0.9834822325487365
S_SC_NSGAII_EXEC_19_107;479052.0;81542.5239;0.4821173975786175;0.15866046590046928;0.002513912391688505;0.964234795157235
S_SC_NSGAII_EXEC_19_118;454649.0;0.0;0.446818247204679;0.20151846179784752;0.0;0.893636494409358
S_SC_NSGAII_EXEC_19_122;446105.0;0.0;0.4359592601984515;0.21652394132688904;0.0;0.871918520396903
S_SC_NSGAII_EXEC_19_123;443620.0;0.0;0.432418540560849;0.22088824570770224;0.0;0.864837081121698
S_SC_NSGAII_EXEC_19_128;434638.0;0.0;0.41986928669108164;0.23666296681372412;0.0;0.8397385733821633
S_SC_NSGAII_EXEC_19_129;433551.0;0.0;0.41764348832322895;0.2385720206817096;0.0;0.8352869766464579
S_SC_NSGAII_EXEC_19_131;430986.0;0.0;0.4149939235576109;0.24307682580717677;0.0;0.8299878471152218
S_SC_NSGAII_EXEC_19_132;429344.0;0.0;0.4126836229375013;0.24596060359119903;0.0;0.8253672458750027
S_SC_NSGAII_EXEC_19_134;425690.0;0.0;0.40793812592967305;0.25237797510326804;0.0;0.8158762518593461
S_SC_NSGAII_EXEC_19_135;423784.0;0.0;0.40550146791611424;0.2557254053446483;0.0;0.8110029358322285
S_SC_NSGAII_EXEC_19_136;422738.0;0.0;0.4034253894351409;0.2575624525809987;0.0;0.8068507788702818
S_SC_NSGAII_EXEC_19_137;419857.0;0.0;0.40049644457394723;0.2626222356478489;0.0;0.8009928891478945
S_SC_NSGAII_EXEC_19_138;417866.0;0.0;0.39792642266568556;0.266118947930424;0.0;0.7958528453313711
S_SC_NSGAII_EXEC_19_139;416198.0;0.0;0.39536194285154685;0.26904838845645884;0.0;0.7907238857030937
S_SC_NSGAII_EXEC_19_140;415141.0;0.0;0.3951879779576098;0.2709047545451991;0.0;0.7903759559152196
S_SC_NSGAII_EXEC_20_77;503842.0;570132.1020000002;0.49450729663389487;0.11512279765082754;0.017576867719656334;0.9890145932677897
S_SC_NSGAII_EXEC_20_88;482207.0;1503223.9893999996;0.3624442403930534;0.15311946778317925;0.046343591462418406;0.7248884807861068
S_SC_NSGAII_EXEC_20_94;476210.0;1483166.8041999997;0.35952060682593195;0.16365175485430072;0.0457252391720416;0.7190412136518639
S_SC_NSGAII_EXEC_20_102;464172.0;1552852.4256999996;0.35285072486537894;0.18479360440610335;0.04787360960543904;0.7057014497307579
S_SC_NSGAII_EXEC_20_106;459320.0;1607623.0520999995;0.34081203557926204;0.19331497456936522;0.0495621587184927;0.6816240711585241
S_SC_NSGAII_EXEC_20_107;457711.0;1452849.7372999997;0.360752404243693;0.1961407957962177;0.04479058021724857;0.721504808487386
S_SC_NSGAII_EXEC_20_109;456446.0;1564837.7477999995;0.3514044899721313;0.19836246382105824;0.04824311067438459;0.7028089799442626
S_SC_NSGAII_EXEC_20_110;454862.0;1094176.0635000002;0.4292642413797715;0.2011443785652064;0.03373286272196928;0.858528482759543
S_SC_NSGAII_EXEC_20_118;440511.0;1145320.1925000001;0.4186350095855794;0.22634845589681626;0.03530960886013015;0.8372700191711588
S_SC_NSGAII_EXEC_20_119;434293.0;1143100.9918;0.4162389239118923;0.23726887627504425;0.03524119208968267;0.8324778478237846
S_SC_NSGAII_EXEC_21_80;462636.0;0.0;0.455322116728438;0.18749121870345914;0.0;0.910644233456876
S_SC_NSGAII_EXEC_21_85;450975.0;0.0;0.4400995818851077;0.20797095849608002;0.0;0.8801991637702155
S_SC_NSGAII_EXEC_21_91;436568.0;0.0;0.4221019068395659;0.23327338634894765;0.0;0.8442038136791318
S_SC_NSGAII_EXEC_21_94;429676.0;0.0;0.41307133045934935;0.24537752550088515;0.0;0.8261426609186987
S_SC_NSGAII_EXEC_21_103;410023.0;0.0;0.387660579120194;0.27989328968443533;0.0;0.775321158240388
S_SC_NSGAII_EXEC_21_104;407893.0;0.0;0.38485569594705366;0.28363412201084665;0.0;0.7697113918941073
S_SC_NSGAII_EXEC_21_147;309913.0;0.0;0.309764459925637;0.4557124090257678;0.0;0.619528919851274
S_SC_NSGAII_EXEC_21_149;303155.0;0.0;0.30668068388784386;0.46758120943041;0.0;0.6133613677756877
S_SC_NSGAII_EXEC_21_150;296753.0;0.0;0.30492778181455726;0.47882478152134206;0.0;0.6098555636291145
S_SC_NSGAII_EXEC_21_151;296397.0;0.0;0.304853334708235;0.47945000983505215;0.0;0.60970666941647
S_SC_NSGAII_EXEC_21_152;289639.0;0.0;0.30355522116925376;0.49131881023969426;0.0;0.6071104423385075
S_SC_NSGAII_EXEC_21_153;282881.0;0.0;0.3024776887298245;0.5031876106443364;0.0;0.604955377459649
S_SC_NSGAII_EXEC_22_84;505785.0;624254.8258000001;0.481129006994075;0.11171038581504482;0.019245442342139343;0.96225801398815
S_SC_NSGAII_EXEC_22_87;502995.0;580370.0352;0.4857390181183491;0.11661034928485121;0.017892497723558616;0.9714780362366982
S_SC_NSGAII_EXEC_22_90;501042.0;715954.0504000001;0.4759239996983138;0.12004032371371569;0.02207248038320944;0.9518479993966276
S_SC_NSGAII_EXEC_22_91;500004.0;580859.8072000002;0.4822624049857368;0.12186332087560064;0.01790759713232124;0.9645248099714736
S_SC_NSGAII_EXEC_22_93;498984.0;527122.1242000001;0.48784561885941236;0.12365470536993846;0.016250893111729493;0.9756912377188247
S_SC_NSGAII_EXEC_22_94;496237.0;606248.6604000002;0.4812494285772588;0.12847914968949337;0.01869032189502926;0.9624988571545176
S_SC_NSGAII_EXEC_22_95;495229.0;566150.9180000001;0.4860110746253998;0.1302494590721331;0.017454129946620683;0.9720221492507995
S_SC_NSGAII_EXEC_22_96;494571.0;507539.3660000002;0.4875061557954396;0.1314050776969118;0.015647167151973916;0.9750123115908792
S_SC_NSGAII_EXEC_23_128;474705.0;839481.5378000002;0.46665918661604805;0.1662949251131031;0.025880766740274303;0.9333183732320961
S_SC_NSGAII_EXEC_23_134;463348.0;989266.8228000001;0.44561829963230964;0.186240762076039;0.0304985669510683;0.8912365992646193
S_SC_NSGAII_EXEC_23_139;452873.0;1001738.7473;0.44351788771134765;0.20463757832916515;0.030883069711704007;0.8870357754226953
S_SC_NSGAII_EXEC_24_56;524237.0;914853.9771999997;0.4660544562583691;0.07930388906061202;0.028204458727436967;0.9321089125167382
S_SC_NSGAII_EXEC_24_75;481282.0;123521.1562;0.48634823540399363;0.1547440076432405;0.0038080911695556607;0.9726964708079873
S_SC_NSGAII_EXEC_24_80;474601.0;0.0;0.47131656233942015;0.16647757608115324;0.0;0.9426331246788403
S_SC_NSGAII_EXEC_24_81;474287.0;1635344.6765;0.32278678666150457;0.16702904150391998;0.05041680156941009;0.6455735733230091
S_SC_NSGAII_EXEC_24_86;463910.0;1508863.1296000006;0.35577402367304367;0.18525374434484504;0.04651744313819725;0.7115480473460873
S_SC_NSGAII_EXEC_24_90;460400.0;1471009.4393000007;0.36537504961244915;0.19141821451653693;0.04535043411560421;0.7307500992248983
S_SC_NSGAII_EXEC_25_86;530379.0;1751931.2522999998;0.3477519735206764;0.06851694438980527;0.05401110333480039;0.6955039470413528
S_SC_NSGAII_EXEC_25_87;530217.0;1767783.3348999997;0.3442434085086288;0.06880145839772951;0.054499814561486;0.6884868170172576
S_SC_NSGAII_EXEC_25_101;517741.0;1718720.3589999992;0.3419003808390219;0.09071254952651249;0.052987229260111415;0.6838007616780438
S_SC_NSGAII_EXEC_25_115;513568.0;651902.4338000001;0.48859875088051624;0.09804141961952398;0.020097803307038864;0.9771975017610325
S_SC_NSGAII_EXEC_25_118;508005.0;1212593.4620999997;0.4169312618263475;0.1078114901508978;0.03738360777490792;0.833862523652695
S_SC_NSGAII_EXEC_25_125;502287.0;1210666.1877999995;0.41498740056136185;0.11785378087503864;0.037324190939210085;0.8299748011227237
S_SC_NSGAII_EXEC_25_126;501517.0;1260724.2433999996;0.4054095580442557;0.11920610054233287;0.03886745401543027;0.8108191160885114
S_SC_NSGAII_EXEC_25_127;501486.0;1159407.0612999997;0.4193656765343069;0.11926054458088628;0.035743899489640685;0.8387313530686138
S_SC_NSGAII_EXEC_25_135;479164.0;91501.36760000001;0.48211739757861743;0.15846376485795374;0.002820938215601211;0.9642347951572349
S_SC_NSGAII_EXEC_25_139;476052.0;810131.0712;0.46983794851218896;0.16392924382499227;0.02497590755565959;0.9396758970243779
S_SC_NSGAII_EXEC_25_141;472010.0;871080.4242000002;0.46281589735681883;0.17102804394863294;0.0268549435045591;0.9256317947136377
S_SC_NSGAII_EXEC_25_142;471862.0;901965.3905000001;0.45868993692100507;0.17128797032624274;0.027807110494063474;0.9173798738420101
S_SC_NSGAII_EXEC_25_144;466972.0;0.0;0.46234142255799654;0.17987607834321523;0.0;0.9246828451159931
S_SC_NSGAII_EXEC_25_145;465126.0;0.0;0.45948161635328966;0.18311813302610505;0.0;0.9189632327065793
S_SC_NSGAII_EXEC_25_148;456113.0;0.0;0.44851163392581783;0.1989472981706803;0.0;0.8970232678516357
S_SC_NSGAII_EXEC_25_150;452039.0;0.0;0.4433332566090619;0.20610229859218254;0.0;0.8866665132181238
S_SC_NSGAII_EXEC_25_153;444697.0;0.0;0.43246258586877734;0.2189967544327985;0.0;0.8649251717375547
S_SC_NSGAII_EXEC_25_154;442283.0;0.0;0.4301060508170556;0.22323636440273134;0.0;0.8602121016341112
S_SC_NSGAII_EXEC_25_157;435767.0;0.0;0.4217294191794966;0.23468015005479528;0.0;0.8434588383589932
S_SC_NSGAII_EXEC_25_160;427459.0;0.0;0.4103804782110514;0.24927115238710765;0.0;0.8207609564221028
S_SC_NSGAII_EXEC_25_161;424667.0;0.0;0.40595091056407645;0.2541746283755304;0.0;0.8119018211281529
S_SC_NSGAII_EXEC_25_167;413629.0;0.0;0.3926992260833812;0.2735602186191587;0.0;0.7853984521667624
S_SC_NSGAII_EXEC_26_136;431915.0;1187606.8884000003;0.41421128145838415;0.24144526090988283;0.03661328507399056;0.8284225629167683
S_SC_NSGAII_EXEC_27_69;538659.0;1362087.1074;0.4176636875497113;0.05397511731812179;0.041992416889759916;0.8353273750994226
S_SC_NSGAII_EXEC_27_75;530883.0;1062443.5121000004;0.44540414458357747;0.0676317896984854;0.03275456513723691;0.8908082891671549
S_SC_NSGAII_EXEC_27_77;529602.0;996476.9453000001;0.4535348982458423;0.06988155787225672;0.03072085117077887;0.9070697964916846
S_SC_NSGAII_EXEC_27_80;527801.0;919148.7374000001;0.45508869847391015;0.0730445808862787;0.028336863886974976;0.9101773969478203
S_SC_NSGAII_EXEC_27_82;525253.0;975804.4926000001;0.45492576604682144;0.0775195296035069;0.03008353051250667;0.9098515320936429
S_SC_NSGAII_EXEC_27_83;523785.0;965289.0341000002;0.4533707334280426;0.08009771826790682;0.029759344552064058;0.9067414668560853
S_SC_NSGAII_EXEC_27_84;523716.0;874123.8912000001;0.45921958369472415;0.08021890016017084;0.026948771964104667;0.9184391673894483
S_SC_NSGAII_EXEC_27_85;521743.0;780531.2324000002;0.4800575503651825;0.0836839997751988;0.024063360359517408;0.960115100730365
S_SC_NSGAII_EXEC_27_87;520965.0;744280.3027000002;0.4764292064545503;0.08505036951695844;0.022945763588845723;0.9528584129091006
S_SC_NSGAII_EXEC_27_89;519623.0;687192.9413000002;0.482373961619293;0.0874072695085284;0.02118579077505034;0.964747923238586
S_SC_NSGAII_EXEC_27_90;518566.0;687192.9413000002;0.48230892762706207;0.08926363559726866;0.02118579077505034;0.9646178552541241
S_SC_NSGAII_EXEC_27_93;515888.0;666164.7637000004;0.48403346103758;0.09396689802455953;0.020537503308401713;0.96806692207516
S_SC_NSGAII_EXEC_27_94;515714.0;706768.1766000002;0.47915004204225214;0.09427248714418186;0.021789284807823203;0.9583000840845043
S_SC_NSGAII_EXEC_27_95;513706.0;643786.5672000004;0.4899909564976515;0.09779905583499593;0.019847595481241726;0.979981912995303
S_SC_NSGAII_EXEC_27_96;512687.0;676636.5768000004;0.4812574015901487;0.09958868407002557;0.020860343704509884;0.9625148031802974
S_SC_NSGAII_EXEC_27_97;511758.0;616799.5217000003;0.4853240232309608;0.10122024896731953;0.01901559930485759;0.9706480464619216
S_SC_NSGAII_EXEC_27_98;510073.0;592722.2827000002;0.48796905989522305;0.10417954590159328;0.01827331090630404;0.9759381197904461
S_SC_NSGAII_EXEC_27_99;509016.0;592722.2827000002;0.48790052589195404;0.10603591199033355;0.01827331090630404;0.9758010517839081
S_SC_NSGAII_EXEC_27_104;476298.0;1225035.0562;0.4136989392729098;0.1634972040351814;0.037767175465536505;0.8273978785458196
S_SC_NSGAII_EXEC_27_107;468134.0;0.0;0.46264503880806707;0.17783530502711664;0.0;0.9252900776161341
S_SC_NSGAII_EXEC_27_110;454031.0;0.0;0.4466802194994273;0.20260383005029928;0.0;0.8933604389988546
S_SC_NSGAII_EXEC_27_112;449199.0;0.0;0.43819981364219174;0.21109007502739766;0.0;0.8763996272843835
S_SC_NSGAII_EXEC_27_113;447252.0;0.0;0.4363079332034713;0.21450951190041306;0.0;0.8726158664069426
S_SC_NSGAII_EXEC_27_115;443326.0;0.0;0.4304200738407019;0.2214045859443055;0.0;0.8608401476814038
S_SC_NSGAII_EXEC_27_116;441869.0;0.0;0.4283850942675743;0.22396345575631552;0.0;0.8567701885351486
S_SC_NSGAII_EXEC_27_117;438791.0;0.0;0.42420348523541246;0.22936922190687611;0.0;0.8484069704708249
S_SC_NSGAII_EXEC_27_121;429025.0;0.0;0.41077211854318646;0.24652085031050663;0.0;0.8215442370863729
S_SC_NSGAII_EXEC_27_123;421374.0;0.0;0.40095556278535105;0.25995799027734845;0.0;0.8019111255707021
S_SC_NSGAII_EXEC_27_124;419277.0;0.0;0.39839054835787696;0.26364086604659004;0.0;0.7967810967157539
S_SC_NSGAII_EXEC_28_48;548767.0;2056645.6191000002;0.31021441194351695;0.036222848231095624;0.06340528426012293;0.6204288238870339
S_SC_NSGAII_EXEC_28_52;542734.0;1413458.7074999998;0.40601426233346266;0.04681836063731138;0.043576175840250975;0.8120285246669253
S_SC_NSGAII_EXEC_28_54;540606.0;1384594.2287;0.4058455491859313;0.05055568044510636;0.042686299399537206;0.8116910983718626
S_SC_NSGAII_EXEC_28_60;535750.0;1346997.7669000002;0.40314768550907865;0.05908407564560092;0.04152722059399801;0.8062953710181573
S_SC_NSGAII_EXEC_28_62;533374.0;1925335.0358999993;0.3184686624604615;0.06325694776182314;0.05935704922301333;0.636937324920923
S_SC_NSGAII_EXEC_28_63;533040.0;1108687.3114000002;0.44354679068189634;0.06384353837075336;0.034180236732116565;0.8870935813637927
S_SC_NSGAII_EXEC_28_65;530617.0;1057806.3837;0.4550886984739101;0.06809895467445977;0.032611604949238454;0.9101773969478202
S_SC_NSGAII_EXEC_28_71;525360.0;875690.0174000004;0.47760628408559613;0.07733160985753225;0.026997054797071145;0.9552125681711923
S_SC_NSGAII_EXEC_28_72;524303.0;845054.5025000002;0.4775436993136214;0.07918797594627251;0.02605257826078787;0.9550873986272428
S_SC_NSGAII_EXEC_28_74;522293.0;824536.2820000002;0.4840994859714143;0.08271805715570292;0.025420012498737096;0.9681989719428286
S_SC_NSGAII_EXEC_28_78;520226.0;1893024.4699;0.31098581519989305;0.08634824514569928;0.05836093175736461;0.6219716303997861
S_SC_NSGAII_EXEC_28_87;509080.0;1924967.2769999998;0.30828707802193844;0.1059235113946104;0.05934571141285435;0.6165741560438769
S_SC_NSGAII_EXEC_28_90;506710.0;1823865.5702;0.3118872873833272;0.11008584595498357;0.05622879987529796;0.6237745747666544
S_SC_NSGAII_EXEC_28_96;491769.0;1376348.8345000003;0.3861065938336046;0.1363261162784163;0.042432098307121226;0.7722131876672093
S_SC_NSGAII_EXEC_28_98;490265.0;1334669.9259999997;0.39672661236325163;0.13896753027791048;0.04114715985367457;0.7934532247265033
S_SC_NSGAII_EXEC_28_100;485046.0;1020903.4417999998;0.43910815772395795;0.14813344760727232;0.0314739069912265;0.8782163154479159
S_SC_NSGAII_EXEC_28_103;479702.0;89806.1961;0.4821173975786175;0.15751889735015595;0.0027686769850669033;0.964234795157235
S_SC_NSGAII_EXEC_28_110;469029.0;1117290.9298999996;0.4222358810375934;0.1762634529463006;0.034445481688073945;0.8444717620751868
S_SC_NSGAII_EXEC_28_111;468119.0;1101489.7481999998;0.4263842131308574;0.17786164891673925;0.03395833970890654;0.8527684262617148
S_SC_NSGAII_EXEC_28_138;396562.0;0.0;0.3727275390719426;0.30353429623177003;0.0;0.7454550781438852
S_SC_NSGAII_EXEC_28_139;391347.0;0.0;0.3665152833366167;0.31269318852389916;0.0;0.7330305666732334
S_SC_NSGAII_EXEC_28_140;388496.0;0.0;0.36332124230449697;0.3177002838115042;0.0;0.7266424846089939
S_SC_NSGAII_EXEC_28_141;385797.0;0.0;0.3600665224390984;0.32244042768426673;0.0;0.7201330448781968
S_SC_NSGAII_EXEC_28_142;382800.0;0.0;0.35674946297707844;0.3277039368308652;0.0;0.7134989259541569
S_SC_NSGAII_EXEC_28_143;379779.0;0.0;0.35542047091021184;0.33300959620085985;0.0;0.7108409418204237
S_SC_NSGAII_EXEC_28_144;378449.0;0.0;0.3531619358921711;0.33534542108073173;0.0;0.7063238717843422
S_SC_NSGAII_EXEC_28_145;375577.0;0.0;0.35021513496459733;0.3403893978138084;0.0;0.7004302699291947
S_SC_NSGAII_EXEC_28_146;372549.0;0.0;0.3499212006788894;0.34570735099896027;0.0;0.6998424013577788
S_SC_NSGAII_EXEC_28_147;371901.0;0.0;0.3464061709635544;0.34684540703065725;0.0;0.6928123419271088
S_SC_NSGAII_EXEC_28_148;367901.0;0.0;0.34392450969744576;0.3538704442633546;0.0;0.6878490193948915
S_SC_NSGAII_EXEC_28_149;367722.0;0.0;0.34282112997895786;0.3541848146795178;0.0;0.6856422599579157
S_SC_NSGAII_EXEC_28_150;363722.0;0.0;0.3403005996891338;0.3612098519122151;0.0;0.6806011993782676
S_SC_NSGAII_EXEC_28_151;362665.0;0.0;0.3400833634211519;0.3630662180009554;0.0;0.6801667268423038
S_SC_NSGAII_EXEC_28_152;359851.0;0.0;0.3377341776572194;0.368008331694158;0.0;0.6754683553144388
S_SC_NSGAII_EXEC_28_153;357953.0;0.0;0.3354319912603948;0.37134171186107284;0.0;0.6708639825207896
S_SC_NSGAII_EXEC_28_154;353953.0;0.0;0.3328294871989607;0.3783667490937702;0.0;0.6656589743979214
S_SC_NSGAII_EXEC_28_155;352412.0;0.0;0.3319396585843121;0.38107314468766684;0.0;0.6638793171686243
S_SC_NSGAII_EXEC_28_156;350932.0;0.0;0.3313636698701232;0.3836724084637649;0.0;0.6627273397402464
S_SC_NSGAII_EXEC_28_157;348568.0;0.0;0.32897721375698113;0.387824205468289;0.0;0.6579544275139623
S_SC_NSGAII_EXEC_28_158;346917.0;0.0;0.32773423301075727;0.3907237895860848;0.0;0.6554684660215145
S_SC_NSGAII_EXEC_28_159;342917.0;0.0;0.3250434587479552;0.39774882681878215;0.0;0.6500869174959104
S_SC_NSGAII_EXEC_28_160;340941.0;0.0;0.32497483574355773;0.4012191952117346;0.0;0.6499496714871155
S_SC_NSGAII_EXEC_28_161;339321.0;0.0;0.3235302032725649;0.404064335290977;0.0;0.6470604065451298
S_SC_NSGAII_EXEC_28_162;336378.0;0.0;0.32102522682758555;0.4092330064349341;0.0;0.6420504536551711
S_SC_NSGAII_EXEC_28_163;335321.0;0.0;0.3207903253702491;0.4110893725236744;0.0;0.6415806507404982
S_SC_NSGAII_EXEC_28_164;333357.0;0.0;0.31948527790589515;0.41453866580492876;0.0;0.6389705558117903
S_SC_NSGAII_EXEC_28_165;332300.0;0.0;0.3192490740268842;0.41639503189366905;0.0;0.6384981480537684
S_SC_NSGAII_EXEC_28_166;328215.0;0.0;0.31772114591781325;0.42356935116756117;0.0;0.6354422918356265
S_SC_NSGAII_EXEC_28_167;325542.0;0.0;0.31629547779065875;0.42826383229831116;0.0;0.6325909555813175
S_SC_NSGAII_EXEC_28_168;322962.0;0.0;0.31458675777161804;0.43279498131340094;0.0;0.6291735155432361
S_SC_NSGAII_EXEC_28_169;319941.0;0.0;0.31300868942202126;0.4381006406833956;0.0;0.6260173788440425
S_SC_NSGAII_EXEC_28_170;316123.0;0.0;0.31110617950723274;0.44480603872200525;0.0;0.6222123590144655
S_SC_NSGAII_EXEC_28_171;313183.0;0.0;0.3104357701260287;0.44996944108803777;0.0;0.6208715402520574
S_SC_NSGAII_EXEC_28_172;309365.0;0.0;0.30885471753048305;0.45667483912664736;0.0;0.6177094350609661
S_SC_NSGAII_EXEC_28_173;308112.0;0.0;0.3081747294061725;0.4588754320397898;0.0;0.616349458812345
S_SC_NSGAII_EXEC_28_175;301354.0;0.0;0.3058960106632586;0.470744232444432;0.0;0.6117920213265172
S_SC_NSGAII_EXEC_28_177;294596.0;0.0;0.3044736769758246;0.4826130328490741;0.0;0.6089473539516492
S_SC_NSGAII_EXEC_28_183;274162.0;0.0;0.30147825900640324;0.5185004355523084;0.0;0.6029565180128065
S_SC_NSGAII_EXEC_28_184;267404.0;0.0;0.3003955965471573;0.5303692359569506;0.0;0.6007911930943146
S_SC_NSGAII_EXEC_28_185;260646.0;0.0;0.29954091856321846;0.5422380363615927;0.0;0.5990818371264369
S_SC_NSGAII_EXEC_29_1;569392.0;2566998.149999999;0.0;-0.0;0.0791391797810966;0.0
S_SC_NSGAII_EXEC_29_2;568907.0;2529708.5484999986;0.058320844677935336;8.517857644645516E-4;0.07798956131445532;0.11664168935587067
S_SC_NSGAII_EXEC_29_3;568527.0;2527319.8250999996;0.08888768604996988;0.0015191643015707984;0.07791591824985092;0.17777537209993977
S_SC_NSGAII_EXEC_29_4;568317.0;2525230.777699999;0.09894279329295605;0.0018879787562874084;0.07785151403601855;0.1978855865859121
S_SC_NSGAII_EXEC_29_5;568172.0;2548173.097899998;0.05832084467793528;0.0021426363559726865;0.07855881349507862;0.11664168935587056
S_SC_NSGAII_EXEC_29_6;568042.0;2490030.2236;0.10602928504528131;0.00237095006603535;0.07676629978320967;0.21205857009056261
S_SC_NSGAII_EXEC_29_7;568005.0;2507586.072599999;0.08415859934804057;0.0024359316604378005;0.07730753721659883;0.16831719869608114
S_SC_NSGAII_EXEC_29_8;567832.0;2487941.176199999;0.11455272513597788;0.00273976452075196;0.0767018955693773;0.22910545027195575
S_SC_NSGAII_EXEC_29_9;567805.0;2491804.219599999;0.1006681310836356;0.002787183522072667;0.07682099113091277;0.2013362621672712
S_SC_NSGAII_EXEC_29_10;567687.0;2520104.287899998;0.08233677871545957;0.0029944221204372384;0.07769346709783582;0.16467355743091913
S_SC_NSGAII_EXEC_29_11;567140.0;2467907.7477;0.12184027273570248;0.003955095962008598;0.07608427568535317;0.24368054547140497
S_SC_NSGAII_EXEC_29_12;567018.0;2459030.6264999993;0.12818611706767608;0.004169359597605868;0.07581059878746157;0.25637223413535215
S_SC_NSGAII_EXEC_29_13;566940.0;2452125.8947;0.1336214662508729;0.004306347823643465;0.07559772959966711;0.2672429325017458
S_SC_NSGAII_EXEC_29_14;566811.0;2434362.7505;0.1330056566448301;0.004532905274397954;0.07505010136615188;0.2660113132896602
S_SC_NSGAII_EXEC_29_15;566774.0;2461282.209399999;0.11657470420969235;0.004597886868800405;0.07588001388381259;0.2331494084193847
S_SC_NSGAII_EXEC_29_16;566601.0;2432273.7030999996;0.1398347530392673;0.004901719729114564;0.07498569715231952;0.2796695060785346
S_SC_NSGAII_EXEC_29_17;566574.0;2445500.356399999;0.12887633474743576;0.004949138730435271;0.07539346779812653;0.2577526694948715
S_SC_NSGAII_EXEC_29_18;565909.0;2421603.8845;0.14571641120707743;0.006117051170371203;0.07465675235256693;0.29143282241415486
S_SC_NSGAII_EXEC_29_19;565787.0;2412726.7632999993;0.15105329209898521;0.006331314805968472;0.07438307545467533;0.30210658419797043
S_SC_NSGAII_EXEC_29_20;565709.0;2405822.0315;0.1555987207611322;0.00646830303200607;0.07417020626688087;0.3111974415222644
S_SC_NSGAII_EXEC_29_21;564730.0;2398321.9943999997;0.15671091674242285;0.008187680894708742;0.07393898413513846;0.3134218334848457
S_SC_NSGAII_EXEC_29_22;564652.0;2391417.2626000005;0.16106334313690057;0.00832466912074634;0.07372611494734399;0.32212668627380114
S_SC_NSGAII_EXEC_29_23;564059.0;2384864.7613;0.16689870717127941;0.009366130890493719;0.0735241048374432;0.33379741434255883
S_SC_NSGAII_EXEC_29_24;564048.0;2355858.5741999997;0.17574916142088653;0.009385449742883637;0.0726298596056455;0.35149832284177307
S_SC_NSGAII_EXEC_29_25;563848.0;2349287.7938999995;0.18389377998464165;0.009736701604518503;0.07242728596395284;0.3677875599692833
S_SC_NSGAII_EXEC_29_26;563493.0;2370141.0666999985;0.17207844987741278;0.010360173658920393;0.07307018120918057;0.34415689975482555
S_SC_NSGAII_EXEC_29_27;562828.0;2329119.0084999995;0.1845517254986315;0.011528086098856324;0.07180549309910915;0.369103450997263
S_SC_NSGAII_EXEC_29_28;561496.0;2327675.399599999;0.20526439211736214;0.013867423497344536;0.07176098740896258;0.4105287842347243
S_SC_NSGAII_EXEC_29_29;561307.0;2300296.8514999994;0.20787787824505097;0.014199356506589485;0.07091692141684985;0.41575575649010194
S_SC_NSGAII_EXEC_29_30;561152.0;2319806.390999999;0.19029343065009846;0.014471576699356507;0.07151839008325185;0.3805868613001969
S_SC_NSGAII_EXEC_29_31;560790.0;2291771.3958999994;0.22217318012786305;0.015107342568915615;0.0706540861812872;0.4443463602557261
S_SC_NSGAII_EXEC_29_32;560248.0;2310387.956000001;0.20149318850591325;0.016059235113946104;0.07122802477047536;0.4029863770118265
S_SC_NSGAII_EXEC_29_33;560165.0;2288376.531199999;0.2121512696315062;0.016205004636524575;0.0705494243186264;0.4243025392630124
S_SC_NSGAII_EXEC_29_34;560087.0;2281471.7993999994;0.21517136304635073;0.01634199286256217;0.07033655513083192;0.43034272609270147
S_SC_NSGAII_EXEC_29_35;559570.0;2272946.3437999994;0.22891009532647047;0.0172499789248883;0.07007371989526927;0.45782019065294094
S_SC_NSGAII_EXEC_29_36;558675.0;2267356.2302;0.21630562333419262;0.01882183100570433;0.06990137968334231;0.43261124666838524
S_SC_NSGAII_EXEC_29_37;558512.0;2256198.017099999;0.21964239484308642;0.019108101272936745;0.06955737794241516;0.43928478968617285
S_SC_NSGAII_EXEC_29_38;558387.0;2253853.7184;0.22326550661458053;0.01932763368645854;0.06948510446754733;0.44653101322916106
S_SC_NSGAII_EXEC_29_39;558224.0;2242695.5053;0.22648588993996627;0.019613903953690955;0.0691411027266202;0.45297177987993253
S_SC_NSGAII_EXEC_29_40;557707.0;2234170.0497;0.23944126971955185;0.020521890016017084;0.06887826749105755;0.4788825394391037
S_SC_NSGAII_EXEC_29_41;557559.0;2213146.6836999995;0.23545214179156979;0.020781816393626886;0.068230128363463;0.47090428358313957
S_SC_NSGAII_EXEC_29_42;557292.0;2230267.093799999;0.22648588993996627;0.021250737628909434;0.06875794144849773;0.45297177987993253
S_SC_NSGAII_EXEC_29_43;557004.0;2222715.1419999995;0.23307860981379888;0.02175654030966364;0.06852511881432546;0.46615721962759776
S_SC_NSGAII_EXEC_29_44;556380.0;2201020.683899999;0.24199281884865004;0.022852446117964425;0.0678562902762802;0.4839856376973001
S_SC_NSGAII_EXEC_29_45;556302.0;2200066.5121;0.24450289591833424;0.022989434344002024;0.06782687367010844;0.4890057918366685
S_SC_NSGAII_EXEC_29_46;555822.0;2185450.3598;0.2536243258781567;0.023832438811925705;0.06737626551342646;0.5072486517563134
S_SC_NSGAII_EXEC_29_47;555018.0;2164965.2363;0.2536243258781568;0.025244471295697866;0.06674472011418085;0.5072486517563136
S_SC_NSGAII_EXEC_29_48;554751.0;2181276.151399999;0.24559175112049597;0.025713392530980414;0.06724757690139474;0.49118350224099194
S_SC_NSGAII_EXEC_29_49;553798.0;2144984.8729999997;0.2593091483939694;0.027387107651670555;0.06612873620188611;0.5186182967879388
S_SC_NSGAII_EXEC_29_50;552573.0;2123971.8907;0.27596833446449065;0.02953852530418411;0.06548091719820795;0.5519366689289813
S_SC_NSGAII_EXEC_29_51;552056.0;2115446.4350999994;0.2859408367371591;0.03044651136651024;0.06521808196264528;0.5718816734743182
S_SC_NSGAII_EXEC_29_52;551000.0;2087188.4181;0.2907387784238323;0.03230112119594234;0.0643469024148064;0.5814775568476646
S_SC_NSGAII_EXEC_29_53;548213.0;1615653.8279999997;0.36375598794628083;0.0371958158878242;0.04980974324352705;0.7275119758925617
S_SC_NSGAII_EXEC_29_54;545378.0;1547927.1881;0.37607765888455524;0.04217481102649844;0.047721767164925016;0.7521553177691105
S_SC_NSGAII_EXEC_29_55;544992.0;1502358.0846999998;0.38117355892410454;0.04285272711945373;0.046316896083722255;0.7623471178482091
S_SC_NSGAII_EXEC_29_57;543252.0;1517283.2947999996;0.37597339561777854;0.04590861831567707;0.04677703232705165;0.7519467912355571
S_SC_NSGAII_EXEC_29_59;541253.0;1386858.9566999997;0.4056863194297786;0.04941938067271757;0.04275611975228941;0.8113726388595572
S_SC_NSGAII_EXEC_29_62;539592.0;1642370.1010999996;0.3605022484016978;0.052336527383595136;0.05063339165166547;0.7210044968033956
S_SC_NSGAII_EXEC_29_63;539515.0;1459266.5716999997;0.3781107032779981;0.052471759350324554;0.04498840778919564;0.7562214065559962
S_SC_NSGAII_EXEC_29_64;538194.0;1231865.6408999998;0.4248650984704812;0.05479177789642285;0.037977758737902045;0.8497301969409624
S_SC_NSGAII_EXEC_29_69;534965.0;1127247.2151;0.4259379376868522;0.060462739202517775;0.0347524286348003;0.8518758753737043
S_SC_NSGAII_EXEC_29_71;533990.0;1465141.0765999998;0.37506793090414203;0.062175092027987745;0.045169515632770066;0.7501358618082841
S_SC_NSGAII_EXEC_29_75;532757.0;1413210.2860999997;0.37800729321221666;0.0643405597549667;0.043568517141378875;0.7560145864244333
S_SC_NSGAII_EXEC_29_76;532533.0;1390954.7510999993;0.3808933944450636;0.06473396183999776;0.04288239090264765;0.7617867888901272
S_SC_NSGAII_EXEC_29_79;530562.0;1049546.2705;0.437724341429993;0.06819554893640936;0.03235695007792622;0.875448682859986
S_SC_NSGAII_EXEC_29_80;530412.0;1364718.1171999997;0.39262732173513387;0.06845898783263552;0.04207352951446828;0.7852546434702677
S_SC_NSGAII_EXEC_29_81;530093.0;1089120.5728999998;0.43001101273729603;0.06901923455194313;0.03357700465114244;0.8600220254745921
S_SC_NSGAII_EXEC_29_82;529111.0;1172480.1984999997;0.4237652819186317;0.07074388119257032;0.03614693731620622;0.8475305638372634
S_SC_NSGAII_EXEC_29_84;527635.0;1271976.0831;0.41912759821992157;0.07333611993143564;0.03921434221435103;0.8382551964398431
S_SC_NSGAII_EXEC_29_85;527081.0;1270495.2454999997;0.4212847282566016;0.07430908758816422;0.03916868878329849;0.8425694565132033
S_SC_NSGAII_EXEC_29_86;526480.0;1086872.0437000003;0.4353547067286672;0.07536459943237699;0.03350768369872889;0.8707094134573344
S_SC_NSGAII_EXEC_29_87;526412.0;1729768.7506999986;0.3544439072779408;0.07548402506533285;0.05332784526602408;0.7088878145558816
S_SC_NSGAII_EXEC_29_90;525814.0;1038975.7303;0.43934276818209816;0.07653426813162109;0.032031065978137874;0.8786855363641963
S_SC_NSGAII_EXEC_29_92;525446.0;977692.7136000003;0.4482303353987022;0.07718057155702925;0.03014174335585658;0.8964606707974044
S_SC_NSGAII_EXEC_29_95;524177.0;1037446.8000000002;0.4480292928240612;0.07940926461910248;0.03198392987487093;0.8960585856481224
S_SC_NSGAII_EXEC_29_96;522938.0;844844.0130000004;0.46924604991029895;0.08158526990193048;0.02604608898210159;0.9384920998205979
S_SC_NSGAII_EXEC_29_98;522452.0;1128147.8335999995;0.4212767856850738;0.08243881192570321;0.034780194221380734;0.8425535713701476
S_SC_NSGAII_EXEC_29_99;522447.0;942989.0036000003;0.4512389621706784;0.08244759322224408;0.029071846540870156;0.9024779243413568
S_SC_NSGAII_EXEC_29_102;520141.0;833620.0266000003;0.4701481815725913;0.08649752718689409;0.02570005948552007;0.9402963631451826
S_SC_NSGAII_EXEC_29_104;518752.0;1110191.7691999997;0.4275716976985759;0.08893697136594823;0.034226618361299754;0.8551433953971518
S_SC_NSGAII_EXEC_29_107;518017.0;792498.7361000002;0.4735430306213412;0.09022782195745638;0.02443231209672269;0.9470860612426824
S_SC_NSGAII_EXEC_29_115;513190.0;734487.4540000003;0.4781759643698715;0.09870528563801388;0.02264385530198608;0.956351928739743
S_SC_NSGAII_EXEC_29_116;511910.0;693678.2701000002;0.4810224448358062;0.10095329755247703;0.021385729992709195;0.9620448896716124
S_SC_NSGAII_EXEC_29_127;500518.0;503086.25320000004;0.4938563519361802;0.12096060359119903;0.015509880066486646;0.9877127038723604
S_SC_NSGAII_EXEC_29_128;500192.0;577810.4054;0.4907877715178957;0.12153314412566386;0.017813585706066414;0.9815755430357914
S_SC_NSGAII_EXEC_29_130;497941.0;525426.6515;0.4913598020604109;0.1254864838283643;0.016198622595360306;0.9827196041208218
S_SC_NSGAII_EXEC_29_132;495860.0;511478.49800000014;0.49227066279468945;0.12914125944867508;0.015768608484344752;0.9845413255893789
S_SC_NSGAII_EXEC_29_133;494609.0;492446.8380000001;0.4937780197513994;0.13133833984320117;0.015181872587292115;0.9875560395027988
S_SC_NSGAII_EXEC_29_134;492792.0;466329.45830000006;0.4947621040722806;0.13452946300615393;0.014376687742305192;0.9895242081445612
S_SC_NSGAII_EXEC_29_135;491735.0;466329.45830000006;0.4946866440726482;0.1363858290948942;0.014376687742305192;0.9893732881452963
S_SC_NSGAII_EXEC_29_139;472867.0;0.0;0.46898026243356444;0.16952292972152752;0.0;0.9379605248671289
S_SC_NSGAII_EXEC_29_140;468992.0;0.0;0.46495850809196854;0.17632843454070307;0.0;0.9299170161839371
S_SC_NSGAII_EXEC_29_145;458515.0;0.0;0.4532663285261656;0.19472876331244557;0.0;0.9065326570523312
S_SC_NSGAII_EXEC_29_148;451300.0;0.0;0.44188020403681577;0.20740017422092338;0.0;0.8837604080736315
S_SC_NSGAII_EXEC_29_150;447562.0;0.0;0.4378543097840544;0.21396507151487903;0.0;0.8757086195681087
S_SC_NSGAII_EXEC_29_151;446227.0;0.0;0.4362179439937833;0.21630967769129175;0.0;0.8724358879875665
S_SC_NSGAII_EXEC_29_158;432439.0;0.0;0.41754550196684387;0.24052498103239947;0.0;0.8350910039336877
S_SC_NSGAII_EXEC_29_159;431725.0;0.0;0.41537772214269447;0.24177895017843595;0.0;0.8307554442853889
S_SC_NSGAII_EXEC_29_163;422772.0;0.0;0.4053843521395409;0.25750273976452076;0.0;0.8107687042790818
S_SC_NSGAII_EXEC_29_165;418077.0;0.0;0.3983394594132892;0.26574837721639927;0.0;0.7966789188265784
S_SC_NSGAII_EXEC_29_166;416527.0;0.0;0.39572783562705455;0.26847057914406947;0.0;0.7914556712541091
S_SC_NSGAII_EXEC_29_168;411893.0;0.0;0.3902378391543033;0.27660908477814933;0.0;0.7804756783086066
S_SC_NSGAII_EXEC_29_170;407611.0;0.0;0.38467395062624704;0.2841293871357518;0.0;0.7693479012524941
S_SC_NSGAII_EXEC_29_172;403110.0;0.0;0.3789054480980192;0.2920343102818445;0.0;0.7578108961960384
S_SC_NSGAII_EXEC_29_173;402209.0;0.0;0.3784577041182423;0.2936166999185096;0.0;0.7569154082364846
S_SC_NSGAII_EXEC_29_174;400600.0;0.0;0.37594153624513665;0.29644252114536207;0.0;0.7518830724902733
S_SC_NSGAII_EXEC_29_175;399699.0;0.0;0.3754883193103629;0.29802491078202714;0.0;0.7509766386207258
S_SC_NSGAII_EXEC_29_176;398160.0;0.0;0.37299539396452425;0.30072779385730747;0.0;0.7459907879290485
S_SC_NSGAII_EXEC_29_177;395668.0;0.0;0.3699836783293585;0.3051043920532779;0.0;0.739967356658717
S_SC_NSGAII_EXEC_29_178;394611.0;0.0;0.36979061651320133;0.3069607581420182;0.0;0.7395812330264027
S_SC_NSGAII_EXEC_29_179;392223.0;0.0;0.3667900306838273;0.31115470536993844;0.0;0.7335800613676546
S_SC_NSGAII_EXEC_29_180;389434.0;0.0;0.3636634172791184;0.31605291258043666;0.0;0.7273268345582368
S_SC_NSGAII_EXEC_29_181;388733.0;0.0;0.36352423824519475;0.31728405035546686;0.0;0.7270484764903895
S_SC_NSGAII_EXEC_30_20;565378.0;2460063.3703999985;0.12426234890475032;0.007049624863011774;0.07584243772944517;0.24852469780950065
S_SC_NSGAII_EXEC_30_24;564313.0;2481532.295299998;0.11087444251061727;0.00892004102621744;0.07650431319958056;0.22174888502123455
S_SC_NSGAII_EXEC_30_33;561778.0;2414172.477699999;0.14924747054375564;0.013372158372439375;0.07442764605626058;0.2984949410875113
S_SC_NSGAII_EXEC_30_36;560119.0;2322719.971699999;0.18663103745214515;0.016285792564700592;0.07160821421764947;0.3732620749042903
S_SC_NSGAII_EXEC_30_37;559893.0;2310013.0562999994;0.20491802668014408;0.016682707168347993;0.07121646681327219;0.40983605336028817
S_SC_NSGAII_EXEC_30_39;559482.0;2386103.6676999987;0.15972135552455088;0.017404529744007642;0.07356229965901777;0.31944271104910177
S_SC_NSGAII_EXEC_30_40;558997.0;2363216.1803999986;0.16948073235277744;0.018256315508472194;0.07285669066893248;0.3389614647055549
S_SC_NSGAII_EXEC_30_42;557922.0;2318418.236199999;0.19465110657487306;0.020144294264759603;0.07147559401334382;0.3893022131497461
S_SC_NSGAII_EXEC_30_43;557578.0;2293992.433999999;0.2102656529991554;0.020748447466771573;0.07072255959779376;0.4205313059983108
S_SC_NSGAII_EXEC_30_44;557363.0;2269811.378099999;0.21536620801959294;0.021126043218029057;0.06997707057974875;0.4307324160391859
S_SC_NSGAII_EXEC_30_45;557039.0;2281913.9447999992;0.21323704922168016;0.02169507123387754;0.0703501862369938;0.4264740984433603
S_SC_NSGAII_EXEC_30_49;555789.0;2229660.788399999;0.22485786869502322;0.023890395369095457;0.0687392493773512;0.44971573739004644
S_SC_NSGAII_EXEC_30_51;553493.0;2201591.9783999994;0.23148972891479278;0.027922766740663726;0.0678739029801084;0.46297945782958555
S_SC_NSGAII_EXEC_30_52;553176.0;1932325.0189999992;0.35715678566142106;0.02847950094135499;0.0595725466627827;0.7143135713228421
S_SC_NSGAII_EXEC_30_53;552750.0;1771824.6750999999;0.3571567856614211;0.029227667406637254;0.054624406917987846;0.7143135713228422
S_SC_NSGAII_EXEC_30_54;552501.0;1982129.9507999993;0.3408420645182988;0.029664975974372666;0.06110800606765429;0.6816841290365976
S_SC_NSGAII_EXEC_30_55;552322.0;1961071.1845999993;0.3319372026202566;0.02997934639053587;0.060458775570830646;0.6638744052405132
S_SC_NSGAII_EXEC_30_58;548067.0;2002263.5266999993;0.31748802572900126;0.03745222974681766;0.06172871344244787;0.6349760514580025
S_SC_NSGAII_EXEC_30_59;547817.0;1688278.2587999995;0.356957284590481;0.03789129457386124;0.052048715595564385;0.713914569180962
S_SC_NSGAII_EXEC_30_61;547378.0;1540322.8403999999;0.3819745370600382;0.038662292410149776;0.04748732919318426;0.7639490741200764
S_SC_NSGAII_EXEC_30_63;545259.0;1527187.7643;0.3818362670520342;0.042383805884171184;0.047082381823465164;0.7636725341040684
S_SC_NSGAII_EXEC_30_64;545010.0;1502596.9440999997;0.3827101915299122;0.042821114451906596;0.046324259991249415;0.7654203830598244
S_SC_NSGAII_EXEC_30_65;544589.0;1963344.324199999;0.31160294091728696;0.04356049962064799;0.06052885524871117;0.6232058818345739
S_SC_NSGAII_EXEC_30_66;543497.0;1853757.3159999994;0.32396650615546096;0.04547833478517436;0.05715034640809815;0.6479330123109219
S_SC_NSGAII_EXEC_30_67;542423.0;1438224.5901999997;0.39372802486208314;0.047364557282153594;0.04433969475569423;0.7874560497241663
S_SC_NSGAII_EXEC_30_68;541075.0;1793080.1525999992;0.3392816572086248;0.0497319948295726;0.05527970191896223;0.6785633144172496
S_SC_NSGAII_EXEC_30_70;540181.0;1390549.4179;0.39706801877309084;0.05130209065108045;0.042869894696919576;0.7941360375461817
S_SC_NSGAII_EXEC_30_71;539499.0;1338380.6390000002;0.41848692313355923;0.05249985949925535;0.041261559150465296;0.8369738462671185
S_SC_NSGAII_EXEC_30_72;539158.0;1371459.5092;0.41627049597919025;0.053098743923342795;0.04228136302360535;0.8325409919583805
S_SC_NSGAII_EXEC_30_73;536975.0;1215394.3850999996;0.42619322219781963;0.05693265799308736;0.03746995873267935;0.8523864443956393
S_SC_NSGAII_EXEC_30_74;535882.0;2069848.0042999994;0.30122690805478847;0.05885224941692191;0.06381230673338885;0.6024538161095769
S_SC_NSGAII_EXEC_30_75;535713.0;1452446.1152999997;0.38352282248811503;0.05914905724000337;0.04477813676690109;0.7670456449762301
S_SC_NSGAII_EXEC_30_77;533849.0;1197913.6111999997;0.4242936812663873;0.06242272459044033;0.036931035824462694;0.8485873625327746
S_SC_NSGAII_EXEC_30_78;533337.0;1111550.7440999998;0.4345182910824979;0.06332192935622559;0.03426851483050021;0.8690365821649958
S_SC_NSGAII_EXEC_30_79;532424.0;1087570.6149;0.43990066429646574;0.06492539410458875;0.033529220275133;0.8798013285929315
S_SC_NSGAII_EXEC_30_80;532307.0;1614178.1721999992;0.35591006308780276;0.06513087644364515;0.04976424956459656;0.7118201261756055
S_SC_NSGAII_EXEC_30_81;531187.0;2085065.6062999994;0.2920898992349371;0.0670978868688004;0.06428145726258387;0.5841797984698742
S_SC_NSGAII_EXEC_30_82;530909.0;1081933.6324999998;0.4364222023153682;0.06758612695647287;0.03335543512317389;0.8728444046307364
S_SC_NSGAII_EXEC_30_83;530556.0;1047786.6628000002;0.4532282615877335;0.06820608649225841;0.032302702313815254;0.906456523175467
S_SC_NSGAII_EXEC_30_84;530178.0;2056618.681699999;0.290225101014726;0.0688699525107483;0.06340445379449071;0.580450202029452
S_SC_NSGAII_EXEC_30_87;528518.0;1741469.5551999994;0.3283354085980595;0.0717853429623177;0.053688574809560775;0.656670817196119
S_SC_NSGAII_EXEC_30_88;526617.0;1936559.3955999995;0.2994196460657288;0.07512399190715711;0.05970309022823416;0.5988392921314576
S_SC_NSGAII_EXEC_30_89;526608.0;1249057.6204;0.4173306148991923;0.07513979824093067;0.038507778269253654;0.8346612297983846
S_SC_NSGAII_EXEC_30_90;526231.0;1316556.1229999997;0.41087418489697464;0.0758019080001124;0.04058872099693587;0.8217483697939493
S_SC_NSGAII_EXEC_30_91;525855.0;1798342.0255999998;0.3167091443893375;0.07646226149998595;0.05544192264877941;0.633418288778675
S_SC_NSGAII_EXEC_30_93;524170.0;1564641.6146000002;0.36172326572751273;0.0794215584342597;0.0482370639927476;0.7234465314550255
S_SC_NSGAII_EXEC_30_94;522687.0;1778117.4225999992;0.32469348035918627;0.08202609098828224;0.05481840895718662;0.6493869607183725
S_SC_NSGAII_EXEC_30_97;518676.0;1727733.4646999994;0.33615207325659546;0.08907044707336949;0.05326509848739478;0.6723041465131909
S_SC_NSGAII_EXEC_30_103;515509.0;1733116.7772999993;0.33165048335816066;0.09463252030235761;0.05343106313511735;0.6633009667163213
S_SC_NSGAII_EXEC_30_104;515421.0;1290333.3018999996;0.40856447318952716;0.09478707112147694;0.039780285449991494;0.8171289463790543
S_SC_NSGAII_EXEC_30_105;514972.0;1577061.2290999996;0.34276796375412244;0.09557563155084722;0.04861995406406587;0.6855359275082449
S_SC_NSGAII_EXEC_30_109;506882.0;1887472.3684999992;0.30216471823394964;0.10978376935397757;0.05818976344122947;0.6043294364678993
S_SC_NSGAII_EXEC_30_110;503553.0;1713305.901599999;0.3134804360279008;0.11563035659088994;0.05282030443486536;0.6269608720558016
S_SC_NSGAII_EXEC_30_111;502982.0;1692772.3062999994;0.3216097740707852;0.11663318065585748;0.05218726467595514;0.6432195481415705
S_SC_NSGAII_EXEC_30_114;494022.0;1231356.0547999993;0.397945700872331;0.1323692640570995;0.037962048471035716;0.795891401744662
S_SC_NSGAII_EXEC_30_115;490124.0;1321209.9605999996;0.3906719163024604;0.13921516284036306;0.04073219632063192;0.7813438326049208
S_SC_NSGAII_EXEC_30_116;488037.0;1574207.9901999994;0.3414075771619049;0.1428804760165229;0.04853199023508316;0.6828151543238098
S_SC_NSGAII_EXEC_30_117;483884.0;1519267.3297999993;0.36210873259239174;0.1501742209233709;0.04683819906476705;0.7242174651847835
S_SC_NSGAII_EXEC_30_118;479213.0;1515594.5365;0.35571131216089363;0.1583777081518532;0.046724968812042696;0.7114226243217873
S_SC_NSGAII_EXEC_30_120;476223.0;996637.5958000001;0.4472888854507109;0.16362892348329447;0.030725803939755904;0.8945777709014218
S_SC_NSGAII_EXEC_30_121;474316.0;942681.2840000001;0.4520493200707882;0.1669781099839829;0.029062359710212884;0.9040986401415764
S_SC_NSGAII_EXEC_30_122;473389.0;1369073.5338999995;0.38315959299113;0.16860616236266052;0.04220780468145383;0.76631918598226
S_SC_NSGAII_EXEC_30_123;471563.0;1310767.5606999996;0.3858946628747483;0.17181309185938687;0.040410262717745525;0.7717893257494965
S_SC_NSGAII_EXEC_30_128;459890.0;904602.404;0.45217871233763973;0.19231390676370586;0.027888408209631236;0.9043574246752795
