S_MG_SPEA2_EXEC_19_1;1733017.0;1.7051359051700003E7;0.12642800419315064;0.0034891911551189277;0.17731565841407926;0.2528560083863013
S_MG_SPEA2_EXEC_19_2;1732624.0;1.6642418201500006E7;0.13044952790852107;0.003715172058870038;0.17306311667322627;0.26089905581704215
S_MG_SPEA2_EXEC_19_3;1732163.0;1.7426178041700006E7;0.11900471111568;0.003980253984135335;0.1812133697810406;0.23800942223136
S_MG_SPEA2_EXEC_19_4;1732084.0;1.6739761622400008E7;0.12809460326336128;0.004025680170894465;0.17407538277570106;0.25618920652672256
S_MG_SPEA2_EXEC_19_5;1731633.0;1.6497839118300006E7;0.12650476780227676;0.004285011945937087;0.17155965086426742;0.2530095356045535
S_MG_SPEA2_EXEC_19_6;1730944.0;1.6168392547400014E7;0.12780368666568692;0.004681197296279365;0.16813376349339718;0.25560737333137384
S_MG_SPEA2_EXEC_19_7;1730456.0;1.6154138843000006E7;0.13445157246301334;0.004961804627145884;0.16798554041200736;0.2689031449260267
S_MG_SPEA2_EXEC_19_8;1730041.0;1.6618728314900007E7;0.12316508856480005;0.005200435861386879;0.17281676752137876;0.2463301771296001
S_MG_SPEA2_EXEC_19_9;1729714.0;1.55423607628E7;0.1504481102160816;0.005388465773668337;0.1616237112601457;0.3008962204321632
S_MG_SPEA2_EXEC_19_10;1729004.0;1.5732029155800004E7;0.14708498681321205;0.005796726439478231;0.1635960570352341;0.2941699736264241
S_MG_SPEA2_EXEC_19_11;1724903.0;1.4160074509599997E7;0.17473745815013783;0.008154863045797071;0.14724943198072057;0.34947491630027566
S_MG_SPEA2_EXEC_19_12;1724762.0;1.4128196662799997E7;0.17542262437574493;0.008235940163936783;0.14691793691472457;0.35084524875148987
S_MG_SPEA2_EXEC_19_13;1724513.0;1.5912298352600006E7;0.14032998566400467;0.00837911890448138;0.16547066135418914;0.28065997132800935
S_MG_SPEA2_EXEC_19_14;1724417.0;1.5589509038699996E7;0.1395476612696318;0.008434320346619055;0.16211400224275585;0.2790953225392636
S_MG_SPEA2_EXEC_19_15;1724313.0;1.4030655635699995E7;0.17818712168705744;0.00849412190893487;0.14590361592188275;0.3563742433741149
S_MG_SPEA2_EXEC_19_16;1723514.0;1.4003446559099996E7;0.1815429221031342;0.00895355891172657;0.1456206710071965;0.3630858442062684
S_MG_SPEA2_EXEC_19_17;1723121.0;1.54685792569E7;0.15110462994444662;0.009179539815477679;0.16085646354354;0.30220925988889324
S_MG_SPEA2_EXEC_19_18;1723065.0;1.3905905531999994E7;0.18420146104251933;0.009211740656724657;0.1446063500143547;0.36840292208503866
S_MG_SPEA2_EXEC_19_19;1723002.0;1.4036569485899994E7;0.17512887813792422;0.009247966603127506;0.14596511355610628;0.35025775627584843
S_MG_SPEA2_EXEC_19_20;1722542.0;1.5545295277600005E7;0.14781890879901988;0.009512473513370538;0.16165422703441984;0.29563781759803975
S_MG_SPEA2_EXEC_19_21;1722495.0;1.4409586025199998E7;0.16803461284219529;0.009539499219417108;0.14984408138880387;0.33606922568439057
S_MG_SPEA2_EXEC_19_22;1722090.0;1.5526137104600005E7;0.14780295728408782;0.009772380303435427;0.16145500279374753;0.29560591456817564
S_MG_SPEA2_EXEC_19_23;1721670.0;1.5696850072800003E7;0.1299136305830075;0.01001388661278776;0.16323023268975903;0.259827261166015
S_MG_SPEA2_EXEC_19_24;1721355.0;1.3824787167899996E7;0.19559204823224324;0.010195016344802008;0.14376280692220275;0.3911840964644865
S_MG_SPEA2_EXEC_19_25;1720503.0;1.5498287210100004E7;0.14010165665183666;0.010684929143773881;0.16116539406724908;0.2802033133036733
S_MG_SPEA2_EXEC_19_26;1718476.0;1.359681526299999E7;0.21136023656961156;0.011850484593910016;0.14139214612650353;0.4227204731392231
S_MG_SPEA2_EXEC_19_27;1717898.0;1.3478337209899997E7;0.20392848034292785;0.012182843276780606;0.14016010274923682;0.4078569606858557
S_MG_SPEA2_EXEC_19_28;1717556.0;1.4561275738100002E7;0.15354396693048736;0.012379498414396076;0.15142149004203526;0.3070879338609747
S_MG_SPEA2_EXEC_19_29;1717296.0;1.3466531567699993E7;0.20908511648780467;0.012529002320185615;0.14003733686216896;0.41817023297560935
S_MG_SPEA2_EXEC_19_30;1717119.0;1.5350160299299996E7;0.1443130120891548;0.012630779979126955;0.15962503469544123;0.2886260241783096
S_MG_SPEA2_EXEC_19_31;1716384.0;1.3288513363399995E7;0.21409192386037515;0.013053416020493536;0.13818614042618757;0.4281838477207503
S_MG_SPEA2_EXEC_19_32;1716139.0;1.324786811419999E7;0.2236959967558552;0.013194294700949061;0.1377634738750082;0.4473919935117104
S_MG_SPEA2_EXEC_19_33;1716137.0;1.3155409868199991E7;0.2189591808340743;0.013195444730993598;0.13680200829824138;0.4379183616681486
S_MG_SPEA2_EXEC_19_34;1715316.0;1.5338019626400007E7;0.13034110210328673;0.013667532064275179;0.15949878485211058;0.26068220420657345
S_MG_SPEA2_EXEC_19_35;1714956.0;1.7281962428300012E7;0.11309570829264;0.013874537472291464;0.17971368366417004;0.22619141658528
S_MG_SPEA2_EXEC_19_36;1713874.0;1.6316311223200008E7;0.11900047621818087;0.014496703726384851;0.16967195744683455;0.23800095243636174
S_MG_SPEA2_EXEC_19_37;1713812.0;1.5083064217800003E7;0.14632631009499966;0.014532354657765435;0.15684752485546924;0.2926526201899993
S_MG_SPEA2_EXEC_19_38;1713770.0;1.56528980194E7;0.1299630062721072;0.014556505288700667;0.16277317895793375;0.2599260125442144
S_MG_SPEA2_EXEC_19_39;1713457.0;1.5925566898300005E7;0.12330985814278131;0.014736484990670382;0.1656086398525516;0.24661971628556262
S_MG_SPEA2_EXEC_19_40;1713442.0;1.3061633751499994E7;0.22831049065129982;0.014745110216004394;0.135826838294152;0.45662098130259965
S_MG_SPEA2_EXEC_19_41;1712799.0;1.4955516722099999E7;0.1461653866125053;0.015114844875322367;0.1555211691022099;0.2923307732250106
S_MG_SPEA2_EXEC_19_42;1712689.0;1.7091490384800013E7;0.10946541171190362;0.015178096527771788;0.17773298079466412;0.21893082342380724
S_MG_SPEA2_EXEC_19_43;1712630.0;1.566628903290001E7;0.12807492021113426;0.015212022414085568;0.16291243098871833;0.2561498404222685
S_MG_SPEA2_EXEC_19_44;1712629.0;1.288887351049999E7;0.23501858743251705;0.015212597429107836;0.13403031897930967;0.4700371748650341
S_MG_SPEA2_EXEC_19_45;1712530.0;1.2876793471399993E7;0.23280993621847937;0.015269523916312314;0.1339046996618002;0.46561987243695874
S_MG_SPEA2_EXEC_19_46;1712479.0;1.4895744313999997E7;0.14987521283670555;0.015298849682447954;0.15489960082339344;0.2997504256734111
S_MG_SPEA2_EXEC_19_47;1712130.0;1.616028098800001E7;0.11455785814448867;0.015499529925219297;0.1680494120647858;0.22911571628897734
S_MG_SPEA2_EXEC_19_48;1712022.0;1.5308705357399998E7;0.1363744616652275;0.015561631547624181;0.15919394821751132;0.272748923330455
S_MG_SPEA2_EXEC_19_49;1710803.0;1.4527145923099997E7;0.1617085022845816;0.01626257485976821;0.1510665769468428;0.3234170045691632
S_MG_SPEA2_EXEC_19_50;1710570.0;1.278955212169999E7;0.24359665288157067;0.016396553359956528;0.13299748415386994;0.48719330576314135
S_MG_SPEA2_EXEC_19_51;1710108.0;1.2770053791999985E7;0.24959209795806608;0.016662210300244094;0.13279472265208886;0.49918419591613217
S_MG_SPEA2_EXEC_19_52;1708558.0;1.5320513292600002E7;0.1307631977738966;0.017553483584758653;0.15931673794929466;0.2615263955477932
S_MG_SPEA2_EXEC_19_53;1708427.0;1.6862625026900016E7;0.1094806589383316;0.017628810552675688;0.1753530290558515;0.2189613178766632
S_MG_SPEA2_EXEC_19_54;1708049.0;1.2673315690999988E7;0.2575370368219573;0.017846166231092787;0.13178875122068956;0.5150740736439146
S_MG_SPEA2_EXEC_19_55;1707209.0;1.5491103545900002E7;0.12343337555432034;0.018329178849797453;0.16109069174331192;0.24686675110864068
S_MG_SPEA2_EXEC_19_56;1706814.0;1.4276052729600001E7;0.16851406756411447;0.018556309783593097;0.148455479802401;0.33702813512822893
S_MG_SPEA2_EXEC_19_57;1706784.0;1.5664731411300011E7;0.11902098471162062;0.01857356023426112;0.16289623341181395;0.23804196942324124
S_MG_SPEA2_EXEC_19_58;1706728.0;1.587335437470001E7;0.11893842552393015;0.018605761075508098;0.16506568618114492;0.2378768510478603
S_MG_SPEA2_EXEC_19_59;1706203.0;1.2682344332399987E7;0.25143686087679906;0.018907643962198514;0.13188263930841157;0.5028737217535981
S_MG_SPEA2_EXEC_19_60;1706143.0;1.2640235884499986E7;0.25562784870955113;0.01894214486353456;0.13144475707617745;0.5112556974191023
S_MG_SPEA2_EXEC_19_61;1705922.0;1.6788077252700012E7;0.10903482765842257;0.019069223183455667;0.17457781297920336;0.21806965531684513
S_MG_SPEA2_EXEC_19_62;1705654.0;1.4055410093499996E7;0.16549558957769506;0.019223327209423345;0.14616103546071144;0.3309911791553901
S_MG_SPEA2_EXEC_19_63;1705609.0;1.6147655592900008E7;0.11385703148218813;0.019249202885425382;0.1679181216357879;0.22771406296437627
S_MG_SPEA2_EXEC_19_64;1705363.0;1.589259207510001E7;0.11414696717448021;0.019390656580903175;0.1652657374206066;0.22829393434896042
S_MG_SPEA2_EXEC_19_65;1705362.0;1.4433481817600003E7;0.1525726071878954;0.019391231595925443;0.15009257173786555;0.3051452143757908
S_MG_SPEA2_EXEC_19_66;1704913.0;1.4350958633300003E7;0.15579233202128032;0.01964941334092353;0.14923442003780374;0.31158466404256063
S_MG_SPEA2_EXEC_19_67;1704524.0;1.2555584217499988E7;0.2614286053684882;0.019873094184585573;0.13056447146231856;0.5228572107369764
S_MG_SPEA2_EXEC_19_68;1704142.0;1.5250335465599997E7;0.1279497258477059;0.020092749923091742;0.15858696458854105;0.2558994516954118
S_MG_SPEA2_EXEC_19_69;1704046.0;1.52451134853E7;0.13613853960793468;0.020147951365229417;0.15853266165161317;0.27227707921586936
S_MG_SPEA2_EXEC_19_70;1702800.0;1.4029354484700004E7;0.16965755211948863;0.020864420082974667;0.14589008536132392;0.33931510423897726
S_MG_SPEA2_EXEC_19_71;1702349.0;1.2524609127099995E7;0.26705710215690354;0.021123751858017292;0.13024236408471557;0.5341142043138071
S_MG_SPEA2_EXEC_19_72;1702320.0;1.564847189450001E7;0.11976758586086517;0.02114042729366305;0.1627271520548297;0.23953517172173033
S_MG_SPEA2_EXEC_19_73;1702310.0;1.2369506438099992E7;0.2754924302878237;0.021146177443885722;0.1286294641781191;0.5509848605756474
S_MG_SPEA2_EXEC_19_74;1701660.0;1.619675637830001E7;0.10905394699052288;0.02151993720835957;0.1684287166015881;0.21810789398104577
S_MG_SPEA2_EXEC_19_75;1700771.0;1.5506785170700002E7;0.11876853135305399;0.022031125563155337;0.16125376364966165;0.23753706270610797
S_MG_SPEA2_EXEC_19_76;1700443.0;1.4915214865E7;0.14238760822094923;0.022219730490459062;0.15510207345679367;0.28477521644189846
S_MG_SPEA2_EXEC_19_77;1700183.0;1.5105349830400007E7;0.14090661142809158;0.0223692343962486;0.15707927107929515;0.28181322285618315
S_MG_SPEA2_EXEC_19_78;1699815.0;1.2124376316599986E7;0.28127601778869504;0.022580839924443027;0.12608037652128723;0.5625520355773901
S_MG_SPEA2_EXEC_19_79;1699696.0;1.2455847308999993E7;0.26889686695244364;0.022649266712092855;0.12952731568222853;0.5377937339048873
S_MG_SPEA2_EXEC_19_80;1699535.0;1.53698323812E7;0.12013668181401811;0.022741844130677914;0.1598296030318359;0.24027336362803622
S_MG_SPEA2_EXEC_19_81;1699262.0;1.53222873858E7;0.12476360244661895;0.02289882323175693;0.1593351865962847;0.2495272048932379
S_MG_SPEA2_EXEC_19_82;1698605.0;1.5833818746100008E7;0.11439277019406414;0.02327660810138665;0.16465455848189417;0.2287855403881283
S_MG_SPEA2_EXEC_19_83;1697756.0;1.2055191753499987E7;0.2880249895046561;0.02376479585529172;0.1253609320288587;0.5760499790093122
S_MG_SPEA2_EXEC_19_84;1697129.0;1.5710617449700011E7;0.11433498436449915;0.024125330274253416;0.1633733984921011;0.2286699687289983
S_MG_SPEA2_EXEC_19_85;1696579.0;1.2000760366499988E7;0.2945447526443934;0.024441588536500514;0.12479490458230547;0.5890895052887868
S_MG_SPEA2_EXEC_19_86;1696188.0;1.1994461988099983E7;0.2913125476234483;0.024666419410207092;0.1247294082714512;0.5826250952468967
S_MG_SPEA2_EXEC_19_87;1695963.0;1.52084371137E7;0.12391097099056202;0.024795797790217268;0.15815126712706087;0.24782194198112403
S_MG_SPEA2_EXEC_19_88;1695757.0;1.5333290954699997E7;0.1224083940510705;0.024914250884804364;0.15944961179010603;0.244816788102141
S_MG_SPEA2_EXEC_19_89;1695702.0;1.205426638829999E7;0.2863819781388407;0.024945876711029075;0.1253513092334432;0.5727639562776814
S_MG_SPEA2_EXEC_19_90;1695597.0;1.1950062045299986E7;0.2961406653441941;0.02500625328836716;0.12426769697516928;0.5922813306883882
S_MG_SPEA2_EXEC_19_91;1695528.0;1.4024289041999994E7;0.17926274044128385;0.025045929324903612;0.1458374102458221;0.3585254808825677
S_MG_SPEA2_EXEC_19_92;1694838.0;1.4850784629600003E7;0.14300043568945595;0.02544268969026816;0.15443206882097046;0.2860008713789119
S_MG_SPEA2_EXEC_19_93;1694775.0;1.50918991062E7;0.12694622901684718;0.02547891563667101;0.15693939812192917;0.25389245803369437
S_MG_SPEA2_EXEC_19_94;1694112.0;1.4707080232900001E7;0.14914517669361085;0.02586015059643433;0.15293769880385924;0.2982903533872217
S_MG_SPEA2_EXEC_19_95;1693685.0;1.4796363056799999E7;0.143036727095131;0.026105682010942537;0.15386614343146315;0.286073454190262
S_MG_SPEA2_EXEC_19_96;1693549.0;1.1777672701399988E7;0.3023946689684918;0.02618388405397091;0.12247503458828746;0.6047893379369836
S_MG_SPEA2_EXEC_19_97;1693076.0;1.4844470010199996E7;0.13028103431827318;0.026455866159503415;0.15436640362131385;0.26056206863654635
S_MG_SPEA2_EXEC_19_98;1692663.0;1.1910145424399985E7;0.2945608871456593;0.026693347363699875;0.12385260736881656;0.5891217742913186
S_MG_SPEA2_EXEC_19_99;1692450.0;1.5163689646000003E7;0.12150694196377669;0.026815825563442846;0.15768594194837393;0.24301388392755338
S_MG_SPEA2_EXEC_19_100;1691703.0;1.1788705012399988E7;0.2975557484178593;0.027245361785076635;0.12258975866880577;0.5951114968357186
S_MG_SPEA2_EXEC_19_101;1691492.0;1.4823011227100002E7;0.14264041704528166;0.027366689954775068;0.15414325552839037;0.2852808340905633
S_MG_SPEA2_EXEC_19_102;1690793.0;1.4653519279899996E7;0.1345390129469961;0.02776862545534002;0.15238072292776125;0.2690780258939922
S_MG_SPEA2_EXEC_19_103;1690024.0;1.1669320084999992E7;0.3054549721027994;0.028210812007463695;0.12134828478144798;0.6109099442055989
S_MG_SPEA2_EXEC_19_104;1689319.0;1.5303766569399998E7;0.11771361200225126;0.028616197598162252;0.15914259017365495;0.23542722400450253
S_MG_SPEA2_EXEC_19_105;1687864.0;1.4528118859E7;0.13226226894869805;0.0294528444555614;0.15107669442599392;0.2645245378973961
S_MG_SPEA2_EXEC_19_106;1687714.0;1.1571355484199995E7;0.3164048914656882;0.02953909670890152;0.12032955908108266;0.6328097829313764
S_MG_SPEA2_EXEC_19_107;1686041.0;1.721548730500001E7;0.10443795175469571;0.030501096841154974;0.17902241440989192;0.20887590350939142
S_MG_SPEA2_EXEC_19_108;1685900.0;1.701372760230001E7;0.10568976954987357;0.030582173959294686;0.17692433211526612;0.21137953909974713
S_MG_SPEA2_EXEC_19_109;1684466.0;1.4393235469999999E7;0.14355249378376927;0.03140674550122622;0.14967405333110284;0.28710498756753855
S_MG_SPEA2_EXEC_19_110;1684189.0;1.1487038920499993E7;0.3192360081889601;0.031566024662394304;0.11945275817844798;0.6384720163779202
S_MG_SPEA2_EXEC_19_111;1683542.0;1.5108460006700004E7;0.12498798770525475;0.03193805938180135;0.157111613542834;0.2499759754105095
S_MG_SPEA2_EXEC_19_112;1683311.0;1.4342160239300005E7;0.1514961437003422;0.03207088785194513;0.1491429262735609;0.3029922874006844
S_MG_SPEA2_EXEC_19_113;1682561.0;1.5038123475600002E7;0.11878036291307341;0.032502149118645726;0.1563801898314017;0.23756072582614682
S_MG_SPEA2_EXEC_19_114;1680479.0;1.41177008864E7;0.1586535037211678;0.03369933039500657;0.1468087922126929;0.3173070074423356
S_MG_SPEA2_EXEC_19_115;1679375.0;1.55097852841E7;0.11068468059326483;0.03433414697958984;0.16128496157829741;0.22136936118652967
S_MG_SPEA2_EXEC_19_116;1679080.0;1.38750491669E7;0.17873594298657713;0.03450377641115874;0.1442854772512288;0.35747188597315427
S_MG_SPEA2_EXEC_19_117;1678714.0;1.4121736886200003E7;0.1540756354288584;0.034714231909308634;0.14685076223747082;0.3081512708577168
S_MG_SPEA2_EXEC_19_118;1677962.0;1.5312825648300003E7;0.11066109149655637;0.035146643206053756;0.15923679477839697;0.22132218299311274
S_MG_SPEA2_EXEC_19_119;1676885.0;1.4725368825500004E7;0.12924571357793394;0.03576593438503581;0.1531278803505913;0.25849142715586787
S_MG_SPEA2_EXEC_19_120;1673195.0;1.3954044116100002E7;0.15360717880427793;0.037887739817202726;0.14510693912921258;0.30721435760855587
S_MG_SPEA2_EXEC_19_121;1672617.0;1.5255875398599999E7;0.11072211707533237;0.03822009850007332;0.1586445738890365;0.22144423415066475
S_MG_SPEA2_EXEC_19_122;1666292.0;1.587314237920001E7;0.1053487047220182;0.04185706851591498;0.1650634816576492;0.2106974094440364
S_MG_SPEA2_EXEC_19_123;1665163.0;1.1386232704699988E7;0.34770594196471166;0.042506260476054936;0.11840448276106841;0.6954118839294233
S_MG_SPEA2_EXEC_19_124;1662093.0;1.5021622479399998E7;0.12408427409114753;0.04427155659441603;0.1562085973503085;0.24816854818229506
S_MG_SPEA2_EXEC_19_125;1658612.0;1.3753683576299993E7;0.1679545392348801;0.04627318388692905;0.1430234066127064;0.3359090784697602
S_MG_SPEA2_EXEC_19_126;1658549.0;1.5765063476200005E7;0.10898557267876093;0.04630940983333189;0.16393957817359192;0.21797114535752185
S_MG_SPEA2_EXEC_19_127;1658088.0;1.369459048169999E7;0.17119483178869588;0.046574491758597195;0.1424089024582308;0.34238966357739176
S_MG_SPEA2_EXEC_19_128;1657661.0;1.41666945692E7;0.14228909255979968;0.0468200231731054;0.1473182734275024;0.28457818511959937
S_MG_SPEA2_EXEC_19_129;1656679.0;1.4092979874599999E7;0.1461672237372752;0.04738468792497204;0.14655172047602438;0.2923344474745504
S_MG_SPEA2_EXEC_19_130;1656287.0;1.4708551264000006E7;0.13081124698181024;0.047610093813700884;0.15295299593338738;0.2616224939636205
S_MG_SPEA2_EXEC_19_131;1650994.0;1.4996529206600003E7;0.12911792155033472;0.05065364832656253;0.1559476545025974;0.25823584310066944
S_MG_SPEA2_EXEC_19_132;1647531.0;1.4988603493900008E7;0.11482883297750665;0.05264492534867474;0.15586523567829494;0.2296576659550133
S_MG_SPEA2_EXEC_19_133;1646933.0;1.5112019682100011E7;0.11482883297750647;0.052988784331990675;0.15714863030996554;0.22965766595501294
S_MG_SPEA2_EXEC_19_134;1646930.0;1.509981895740001E7;0.1131658546951599;0.052990509377057474;0.15702175599298293;0.2263317093903198
S_MG_SPEA2_EXEC_19_135;1645713.0;1.496811098650001E7;0.11479025425832064;0.05369030265915697;0.15565213580565906;0.22958050851664127
S_MG_SPEA2_EXEC_19_136;1643702.0;1.4932019978400009E7;0.11122410923583409;0.054846657868936825;0.15527682842724563;0.22244821847166818
S_MG_SPEA2_EXEC_19_137;1643371.0;1.4908283800000014E7;0.11623234063463586;0.05503698784130735;0.15502999789083688;0.23246468126927172
S_MG_SPEA2_EXEC_19_138;1642987.0;1.4753646228700012E7;0.12102215836139592;0.05525779360985806;0.1534219347043497;0.24204431672279184
S_MG_SPEA2_EXEC_19_139;1640544.0;1.4058068382900007E7;0.14803684587998542;0.056662555309257456;0.14618867879012518;0.29607369175997084
S_MG_SPEA2_EXEC_19_140;1640023.0;1.4862007037900014E7;0.11432943549205266;0.0569621381358588;0.15454876970743206;0.2286588709841053
S_MG_SPEA2_EXEC_19_141;1639638.0;1.4626029159500003E7;0.1243849168287022;0.05718351891943177;0.15209485546207552;0.2487698336574044
S_MG_SPEA2_EXEC_19_142;1638198.0;1.4605238662600007E7;0.12116159865885458;0.05801154055149691;0.15187865682152135;0.24232319731770915
S_MG_SPEA2_EXEC_19_143;1637649.0;1.4454337354000004E7;0.1257505768626941;0.05832722379872174;0.1503094467187473;0.2515011537253882
S_MG_SPEA2_EXEC_19_144;1637343.0;1.4683837467900008E7;0.11783197865595856;0.058503178395535586;0.1526959992321804;0.2356639573119171
S_MG_SPEA2_EXEC_19_145;1636679.0;1.4533754570700007E7;0.1256630790149742;0.058884988370321176;0.15113529972118997;0.2513261580299484
S_MG_SPEA2_EXEC_19_146;1635374.0;1.4355479361100009E7;0.13293941498419848;0.05963538297438021;0.14928143070856248;0.26587882996839696
S_MG_SPEA2_EXEC_19_147;1635234.0;1.4713599471800009E7;0.11449918909343597;0.05971588507749765;0.1530054918246037;0.22899837818687194
S_MG_SPEA2_EXEC_19_148;1634392.0;1.4244722082500007E7;0.13710772082579975;0.06020004772624685;0.1481296750203757;0.2742154416515995
S_MG_SPEA2_EXEC_19_149;1630738.0;1.4379359649700006E7;0.1287248006711629;0.062301152617612134;0.149529759834903;0.2574496013423258
S_MG_SPEA2_EXEC_19_150;1630585.0;1.4121781079000004E7;0.13303387950486242;0.062389129916019054;0.14685122179470642;0.26606775900972485
S_MG_SPEA2_EXEC_19_151;1629806.0;1.4613650292100009E7;0.11503634983859212;0.06283706661836541;0.15196612865403664;0.23007269967718424
S_MG_SPEA2_EXEC_19_152;1629659.0;1.3843745704000005E7;0.15184009915918154;0.06292159382663873;0.14395995515542848;0.30368019831836307
S_MG_SPEA2_EXEC_19_153;1629603.0;1.4075974932800006E7;0.1371976791179103;0.0629537946678857;0.1463748875067334;0.2743953582358206
S_MG_SPEA2_EXEC_19_154;1628824.0;1.446923188780001E7;0.11987735288325485;0.06340173137023204;0.15046433373153678;0.2397547057665097
S_MG_SPEA2_EXEC_19_155;1628759.0;1.4600724040100008E7;0.11947173692274493;0.06343910734667943;0.15183170963926737;0.23894347384548986
S_MG_SPEA2_EXEC_19_156;1625013.0;1.4905223126900008E7;0.10661222179146665;0.06559311362009332;0.15499817020693954;0.2132244435829333
S_MG_SPEA2_EXEC_19_157;1624693.0;1.4663270136400009E7;0.11183533171361683;0.06577711842721891;0.15248212126997895;0.22367066342723366
S_MG_SPEA2_EXEC_19_158;1623980.0;1.4234043481000006E7;0.12927314222636524;0.0661871041380956;0.14801862913540118;0.2585462844527305
S_MG_SPEA2_EXEC_19_159;1623063.0;1.3732271516900003E7;0.16248941240691203;0.06671439291351487;0.14280074439563625;0.32497882481382406
S_MG_SPEA2_EXEC_19_160;1622983.0;1.4515895107800009E7;0.11472090569757304;0.06676039411529626;0.15094958065836142;0.22944181139514608
S_MG_SPEA2_EXEC_19_161;1620739.0;1.3934401221600007E7;0.14201776920703557;0.06805072782526443;0.14490267431015247;0.28403553841407114
S_MG_SPEA2_EXEC_19_162;1620060.0;1.3811691006100006E7;0.14560897360731564;0.06844116302538404;0.14362662102961662;0.2912179472146313
S_MG_SPEA2_EXEC_19_163;1619904.0;1.454230570180001E7;0.11207049460530664;0.06853086536885776;0.15122422221919055;0.2241409892106133
S_MG_SPEA2_EXEC_19_164;1619520.0;1.4460317343500001E7;0.11675034372054592;0.06875167113740846;0.1503716321300266;0.23350068744109184
S_MG_SPEA2_EXEC_19_165;1616802.0;1.4055747988300003E7;0.12929526494523477;0.07031456196793141;0.14616454920051108;0.25859052989046954
S_MG_SPEA2_EXEC_19_166;1612762.0;1.4381803180100003E7;0.11686330823049747;0.07263762265789193;0.14955516990341522;0.23372661646099493
S_MG_SPEA2_EXEC_19_167;1610093.0;1.4006108037700005E7;0.13343410191773364;0.07417233775232378;0.14564834750083464;0.2668682038354673
S_MG_SPEA2_EXEC_19_168;1607259.0;1.3779557853600007E7;0.13823110598588298;0.07580193032542976;0.14329247106097295;0.27646221197176596
S_MG_SPEA2_EXEC_19_169;1605022.0;1.4213879902100004E7;0.12221374609961325;0.07708823893024205;0.1478089497627601;0.2444274921992265
S_MG_SPEA2_EXEC_19_170;1604037.0;1.4170659490200005E7;0.1252596693802484;0.0776546287271755;0.1473595043097766;0.2505193387604968
S_MG_SPEA2_EXEC_19_171;1600117.0;1.374830701530001E7;0.1420896047798775;0.07990868761446393;0.14296749620399207;0.284179209559755
S_MG_SPEA2_EXEC_19_172;1579060.0;7247057.626900003;0.4684011521893571;0.09201677893834977;0.0753615468879845;0.9368023043787141
S_MG_SPEA2_EXEC_19_173;1577006.0;7129440.482900005;0.47185157630393193;0.09319785979408712;0.07413845603253366;0.9437031526078639
S_MG_SPEA2_EXEC_19_174;1576927.0;6945653.933200004;0.47319834408964623;0.09324328598084625;0.07222727505458934;0.9463966881792925
S_MG_SPEA2_EXEC_19_175;1576383.0;7030852.711000006;0.47233858593767347;0.09355609415295975;0.07311325002795524;0.9446771718753469
S_MG_SPEA2_EXEC_19_176;1576287.0;6964388.357400006;0.4727439186671295;0.09361129559509743;0.07242209276688782;0.945487837334259
S_MG_SPEA2_EXEC_19_177;1575960.0;7168062.039200002;0.4683832800068891;0.09379932550737888;0.07454007837029258;0.9367665600137782
S_MG_SPEA2_EXEC_19_178;1575927.0;7028442.764900005;0.4726455572263406;0.09381830100311371;0.07308818919977325;0.9452911144526812
S_MG_SPEA2_EXEC_19_179;1575063.0;6884452.339900007;0.47391169195827687;0.09431511398235279;0.07159084479826337;0.9478233839165537
S_MG_SPEA2_EXEC_19_180;1575037.0;6728188.181100005;0.47467413477192955;0.09433006437293175;0.0699658668642387;0.9493482695438591
S_MG_SPEA2_EXEC_19_181;1574719.0;7299006.868900004;0.467929867804632;0.0945129191500128;0.07590176271602574;0.935859735609264
S_MG_SPEA2_EXEC_19_182;1573941.0;6737161.932700004;0.4746643663135549;0.09496028083733687;0.07005918415751565;0.9493287326271098
S_MG_SPEA2_EXEC_19_183;1572119.0;6843698.479400005;0.47136980775942744;0.09600795820790818;0.07116704880724804;0.9427396155188549
S_MG_SPEA2_EXEC_19_184;1572094.0;6664386.596800004;0.47491808782197903;0.09602233358346486;0.06930239951869076;0.9498361756439581
S_MG_SPEA2_EXEC_19_185;1572069.0;6719087.779800005;0.47375728620002583;0.09603670895902156;0.06987123255131095;0.9475145724000517
S_MG_SPEA2_EXEC_19_186;1571999.0;6714284.450600006;0.47262411892905476;0.09607696001058028;0.06982128313220042;0.9452482378581095
S_MG_SPEA2_EXEC_19_187;1571615.0;7208829.537700004;0.4681814862631069;0.09629776577913098;0.07496401618173067;0.9363629725262138
S_MG_SPEA2_EXEC_19_188;1569950.0;6496773.121900005;0.4765244354488038;0.0972551657912063;0.06755940099459354;0.9530488708976076
S_MG_SPEA2_EXEC_19_189;1569878.0;7438576.106000003;0.46588810950829096;0.09729656687280955;0.07735313155388208;0.9317762190165819
S_MG_SPEA2_EXEC_19_190;1569692.0;6984111.579500005;0.4707915466604235;0.0974035196669513;0.07262719290595032;0.941583093320847
S_MG_SPEA2_EXEC_19_191;1569179.0;7364004.949300003;0.46621662244163614;0.0976985023733745;0.0765776723245697;0.9324332448832723
S_MG_SPEA2_EXEC_19_192;1568953.0;7132853.005500003;0.4684831520232615;0.09782845576840694;0.07417394256999012;0.936966304046523
S_MG_SPEA2_EXEC_19_193;1568369.0;6221044.715800004;0.47977844420349125;0.09816426454141114;0.06469212433219682;0.9595568884069825
S_MG_SPEA2_EXEC_19_194;1568367.0;6310290.638500005;0.47955773331059376;0.09816541457145568;0.06562018522730448;0.9591154666211875
S_MG_SPEA2_EXEC_19_195;1568296.0;6202883.241500005;0.47921977253694625;0.09820624063803667;0.0645032646780478;0.9584395450738925
S_MG_SPEA2_EXEC_19_196;1566766.0;6139870.375800005;0.48022435565691185;0.09908601362210588;0.06384799915133664;0.9604487113138237
S_MG_SPEA2_EXEC_19_197;1566493.0;6576398.984900007;0.47559936344677634;0.09924299272318489;0.06838742369248088;0.9511987268935527
S_MG_SPEA2_EXEC_19_198;1565353.0;6164808.967800006;0.4798925921876375;0.0998985098485698;0.06410733348632969;0.959785184375275
S_MG_SPEA2_EXEC_19_199;1565166.0;6472293.9255000055;0.4777091624375736;0.1000060376577338;0.06730484387606984;0.9554183248751472
S_MG_SPEA2_EXEC_19_200;1564001.0;6173141.159900005;0.47918064385682474;0.10067593015867539;0.06419397925595803;0.9583612877136495
S_MG_SPEA2_EXEC_19_201;1563241.0;6048406.537100006;0.48073711201777763;0.10111294157559866;0.06289687433301593;0.9614742240355553
S_MG_SPEA2_EXEC_19_202;1563209.0;7483715.473400004;0.46372824191831163;0.10113134205631122;0.07782253206481252;0.9274564838366233
S_MG_SPEA2_EXEC_19_203;1562462.0;6629256.064000006;0.47536197153364745;0.10156087827794501;0.06893708004268993;0.9507239430672949
S_MG_SPEA2_EXEC_19_204;1559880.0;7401016.023300003;0.4649253969635718;0.10304556706543959;0.07696254739142062;0.9298507939271436
S_MG_SPEA2_EXEC_19_205;1559401.0;7286583.114600005;0.46643343698169004;0.1033209992611057;0.07577256913286326;0.9328668739633801
S_MG_SPEA2_EXEC_19_206;1559220.0;6017259.255300005;0.4826228926454881;0.1034250769801361;0.06257297635142803;0.9652457852909762
S_MG_SPEA2_EXEC_19_207;1558711.0;6916685.438000005;0.4711302604024655;0.10371775962647024;0.07192603409285259;0.942260520804931
S_MG_SPEA2_EXEC_19_208;1557684.0;7076454.570400004;0.47043778838107564;0.10430830005433891;0.07358745995455994;0.9408755767621513
S_MG_SPEA2_EXEC_19_209;1556062.0;7330186.218800005;0.46514534956624837;0.10524097442045674;0.07622599417110676;0.9302906991324967
S_MG_SPEA2_EXEC_19_210;1555750.0;6338064.826900004;0.4765546143143802;0.10542037910740418;0.06590900669239301;0.9531092286287604
S_MG_SPEA2_EXEC_19_211;1555342.0;7029844.333300004;0.4689731359890065;0.10565498523648931;0.07310276399248652;0.937946271978013
S_MG_SPEA2_EXEC_19_212;1554645.0;6019419.642800003;0.48154651787876096;0.10605577070700972;0.06259544204057517;0.9630930357575219
S_MG_SPEA2_EXEC_19_213;1550975.0;7324961.342400005;0.4636594784673337;0.1081660758387313;0.07617166111787686;0.9273189569346674
S_MG_SPEA2_EXEC_19_214;1545308.0;7064279.521600003;0.46684313873335653;0.11142468596992096;0.07346085263911663;0.9336862774667131
S_MG_SPEA2_EXEC_19_215;1541404.0;7350177.772000006;0.46364279906679995;0.11366954461685312;0.07643388466286348;0.9272855981335999
S_MG_SPEA2_EXEC_19_216;1534471.0;6477374.022300003;0.47553353650030594;0.1176561237662334;0.06735767137833332;0.9510670730006119
S_MG_SPEA2_EXEC_19_217;1534342.0;7269787.834200005;0.46242694865080225;0.1177303007041059;0.07559791641495699;0.9248538973016045
S_MG_SPEA2_EXEC_19_218;1532647.0;7647806.427800003;0.4620383696452149;0.11870495116684923;0.07952890019247971;0.9240767392904298
S_MG_SPEA2_EXEC_19_219;1531912.0;8105211.939500003;0.45975296574178526;0.11912758720821581;0.08428542189983466;0.9195059314835705
S_MG_SPEA2_EXEC_19_220;1531765.0;7950354.354700003;0.4605638228971155;0.11921211441648913;0.08267507081133954;0.921127645794231
S_MG_SPEA2_EXEC_19_221;1530736.0;8022789.210600004;0.4597462597336676;0.11980380487440234;0.08342831482708601;0.9194925194673352
S_MG_SPEA2_EXEC_19_222;1529163.0;7058905.566300006;0.4672256218896915;0.12070830350442906;0.07340496932685878;0.934451243779383
S_MG_SPEA2_EXEC_19_223;1528801.0;7171853.032800006;0.4624106204951284;0.12091645894248987;0.07457950059606297;0.9248212409902568
S_MG_SPEA2_EXEC_19_224;1527345.0;7481865.757900003;0.4612578559562218;0.1217536808149113;0.07780329702784174;0.9225157119124436
S_MG_SPEA2_EXEC_19_225;1526808.0;4529389.364100001;0.4960561803618736;0.12206246388186891;0.04710074164024175;0.9921123607237472
S_MG_SPEA2_EXEC_19_226;1525740.0;4915300.801100002;0.49457580847998633;0.12267657992565056;0.05111380243696202;0.9891516169599727
S_MG_SPEA2_EXEC_19_227;1525568.0;4448753.136000001;0.49630308548561264;0.12277548250948056;0.046262212240079134;0.9926061709712253
S_MG_SPEA2_EXEC_19_228;1525125.0;4700933.3205;0.4957019819243117;0.12303021416434505;0.04888461291312949;0.9914039638486234
S_MG_SPEA2_EXEC_19_229;1525053.0;4517315.238600001;0.4959851613838987;0.1230716152459483;0.046975183817764644;0.9919703227677974
S_MG_SPEA2_EXEC_19_230;1524604.0;4419907.372300002;0.4964026620949447;0.12332979699094639;0.04596224755295865;0.9928053241898894
S_MG_SPEA2_EXEC_19_231;1524471.0;7533740.492200002;0.45958746031006015;0.12340627398890797;0.07834273805653456;0.9191749206201203
S_MG_SPEA2_EXEC_19_232;1524385.0;4870439.932700001;0.49456396230156097;0.12345572528082296;0.05064729801386851;0.9891279246031219
S_MG_SPEA2_EXEC_19_233;1524377.0;4429512.642700002;0.49632597003467926;0.1234603254010011;0.04606213195748366;0.9926519400693585
S_MG_SPEA2_EXEC_19_234;1523999.0;4847474.233000001;0.49501219674777375;0.1236776810794182;0.050408479621100025;0.9900243934955475
S_MG_SPEA2_EXEC_19_235;1523905.0;6232380.648900005;0.4779001923346966;0.12373173249151134;0.06481000575357033;0.9558003846693932
S_MG_SPEA2_EXEC_19_236;1523827.0;4380926.567900002;0.4966301909682665;0.1237765836632482;0.04555688942421716;0.993260381936533
S_MG_SPEA2_EXEC_19_237;1522603.0;4610365.852500002;0.4957568466260046;0.12448040205050356;0.047942809378840844;0.9915136932520092
S_MG_SPEA2_EXEC_19_238;1522182.0;6429647.8214000035;0.47476253640819005;0.12472248337487817;0.06686137060192439;0.9495250728163801
S_MG_SPEA2_EXEC_19_239;1522163.0;4391472.620000002;0.49661788102065835;0.12473340866030125;0.045666556939053415;0.9932357620413167
S_MG_SPEA2_EXEC_19_240;1521962.0;6422701.030100004;0.4743840216584054;0.12484898667977701;0.06678913149948745;0.9487680433168107
S_MG_SPEA2_EXEC_19_241;1521740.0;5070295.510600001;0.49377325094456065;0.12497664001472038;0.052725579473757875;0.9875465018891213
S_MG_SPEA2_EXEC_19_242;1521466.0;5092939.876600001;0.4932894736618116;0.12513419413082166;0.052961056344222296;0.9865789473236232
S_MG_SPEA2_EXEC_19_243;1521348.0;4338243.961500002;0.49644505832345237;0.12520204590344922;0.045113036565703195;0.9928901166469047
S_MG_SPEA2_EXEC_19_244;1521331.0;6453165.666900004;0.4739777410002175;0.12521182115882779;0.06710593071274426;0.947955482000435
S_MG_SPEA2_EXEC_19_245;1520783.0;4540928.658100001;0.4957792649515333;0.12552692939103033;0.04722073779462685;0.9915585299030666
S_MG_SPEA2_EXEC_19_246;1520578.0;4607385.514000001;0.49575684662600467;0.12564480747059517;0.04791181708773829;0.9915136932520093
S_MG_SPEA2_EXEC_19_247;1520311.0;4770175.874700001;0.49423266219984885;0.12579833648154057;0.049604660450162714;0.9884653243996977
S_MG_SPEA2_EXEC_19_248;1520302.0;4296610.004200003;0.4966479799679697;0.125803511616741;0.04468008852158251;0.9932959599359394
S_MG_SPEA2_EXEC_19_249;1519960.0;7883419.608500004;0.45626193764560613;0.12600016675435646;0.0819790219769184;0.9125238752912123
S_MG_SPEA2_EXEC_19_250;1519187.0;7472621.066400004;0.4600780956892787;0.1264446533665692;0.07770716225317731;0.9201561913785574
S_MG_SPEA2_EXEC_19_251;1519112.0;4328704.744200002;0.49647799283327865;0.12648777949323925;0.045013839041847414;0.9929559856665573
S_MG_SPEA2_EXEC_19_252;1518975.0;7337437.509900005;0.45990876097642575;0.1265665565512899;0.07630139974152787;0.9198175219528515
S_MG_SPEA2_EXEC_19_253;1518582.0;7681946.491800006;0.4578423855476451;0.12679253745504102;0.079883919866167;0.9156847710952902
S_MG_SPEA2_EXEC_19_254;1518218.0;6244808.397000005;0.47485803415372224;0.12700184292314637;0.06493924086792541;0.9497160683074445
S_MG_SPEA2_EXEC_19_255;1518133.0;4266083.079500003;0.4968397540077908;0.1270507192000391;0.04436264158165675;0.9936795080155816
S_MG_SPEA2_EXEC_19_256;1517658.0;6416614.843700004;0.4742720054854577;0.12732385133561613;0.06672584175551603;0.9485440109709155
S_MG_SPEA2_EXEC_19_257;1516853.0;4602247.723700002;0.49507285439025306;0.12778673842854144;0.04785838963558767;0.9901457087805061
S_MG_SPEA2_EXEC_19_258;1516179.0;4645217.338900001;0.4950367129953622;0.1281742985535497;0.048305227074637885;0.9900734259907245
S_MG_SPEA2_EXEC_19_259;1515700.0;4319534.143000002;0.49645983154667783;0.1284497307492158;0.04491847472602364;0.9929196630933557
S_MG_SPEA2_EXEC_19_260;1515651.0;4260471.903000003;0.4972958812829859;0.12847790648530694;0.04430429142595606;0.9945917625659718
S_MG_SPEA2_EXEC_19_261;1515434.0;4918229.946799999;0.4935652927295508;0.12860268474513897;0.05114426237841367;0.9871305854591016
S_MG_SPEA2_EXEC_19_262;1514460.0;7438435.487700004;0.4589708512326818;0.12916274937682748;0.07735166927592677;0.9179417024653636
S_MG_SPEA2_EXEC_19_263;1514431.0;7170866.968700004;0.4626596606306144;0.12917942481247321;0.07456924659785671;0.9253193212612288
S_MG_SPEA2_EXEC_19_264;1514219.0;7151363.373800004;0.46258569145762257;0.12930132799719393;0.0743664303437007;0.9251713829152451
S_MG_SPEA2_EXEC_19_265;1514032.0;7054670.215300005;0.4655529081340643;0.12940885580635794;0.07336092626560467;0.9311058162681286
S_MG_SPEA2_EXEC_19_266;1513749.0;4257577.221600003;0.49595854223994446;0.12957158505765964;0.04427418987588115;0.9919170844798889
S_MG_SPEA2_EXEC_19_267;1513425.0;7051331.826000005;0.46498879672581417;0.12975788992487428;0.07332621063414226;0.9299775934516283
S_MG_SPEA2_EXEC_19_268;1512259.0;7811800.825900003;0.45692690951305087;0.13042835744083814;0.08123426423924894;0.9138538190261017
S_MG_SPEA2_EXEC_19_269;1511840.0;7108465.854400006;0.46385316915669655;0.1306692887351682;0.07392034262285227;0.9277063383133931
S_MG_SPEA2_EXEC_19_270;1511321.0;6930081.9507000055;0.4663324854800053;0.130967721531725;0.07206534330935849;0.9326649709600106
S_MG_SPEA2_EXEC_19_271;1511279.0;5245176.769800001;0.492165110097033;0.13099187216266026;0.0545441550796853;0.984330220194066
S_MG_SPEA2_EXEC_19_272;1510979.0;6392612.376000006;0.4741589070888159;0.1311643766693405;0.06647624209892072;0.9483178141776318
S_MG_SPEA2_EXEC_19_273;1510864.0;4482612.468700002;0.49514223603360896;0.13123050339690123;0.04661431261242825;0.9902844720672179
S_MG_SPEA2_EXEC_19_274;1510333.0;7300383.843000004;0.4620936199330283;0.13153583637372526;0.07591608175466778;0.9241872398660566
S_MG_SPEA2_EXEC_19_275;1510311.0;7726547.438600006;0.45728267250992355;0.13154848670421515;0.08034772138625433;0.9145653450198471
S_MG_SPEA2_EXEC_19_276;1507499.0;7409226.864100005;0.4586425462441361;0.13316542894683123;0.07704793123901724;0.9172850924882722
S_MG_SPEA2_EXEC_19_277;1507449.0;6913590.311900006;0.4689291878272425;0.13319417969794461;0.0718938481350863;0.937858375654485
S_MG_SPEA2_EXEC_19_278;1507260.0;4908264.665200001;0.49350327379565445;0.13330285753715315;0.051040634247492965;0.9870065475913089
S_MG_SPEA2_EXEC_19_279;1507209.0;4222452.041400001;0.4969678267745002;0.1333321833032888;0.04390892606112056;0.9939356535490004
S_MG_SPEA2_EXEC_19_280;1504339.0;6911496.747900005;0.46633206902321944;0.1349824764171964;0.07187207733793362;0.9326641380464389
S_MG_SPEA2_EXEC_19_281;1503961.0;4866008.1230999995;0.4933267311808768;0.1351998320956135;0.05060121199604393;0.9866534623617536
S_MG_SPEA2_EXEC_19_282;1503823.0;7455257.683400003;0.4575903669198639;0.1352791841686864;0.07752660188378939;0.9151807338397278
S_MG_SPEA2_EXEC_19_283;1503260.0;6779180.953900005;0.46721083830730337;0.13560291762622298;0.0704961364489666;0.9344216766146067
S_MG_SPEA2_EXEC_19_284;1503057.0;5069696.547700002;0.4918286711284962;0.13571964567574327;0.05271935090859443;0.9836573422569924
S_MG_SPEA2_EXEC_19_285;1502875.0;6714057.046000005;0.46850390095749633;0.13582429840979596;0.06981891837076099;0.9370078019149927
S_MG_SPEA2_EXEC_19_286;1502569.0;6715982.3049000045;0.46807621318319637;0.1360002530066098;0.06983893897723792;0.9361524263663927
S_MG_SPEA2_EXEC_19_287;1502077.0;5061587.560600001;0.49215412561160843;0.13628316039756538;0.0526350262291159;0.9843082512232169
S_MG_SPEA2_EXEC_19_288;1501301.0;6454701.592700004;0.4714066451935569;0.13672937205484492;0.06712190267683676;0.9428132903871138
S_MG_SPEA2_EXEC_19_289;1500757.0;4942845.0726;0.49233120988048346;0.13704218022695844;0.051400233015413264;0.9846624197609669
S_MG_SPEA2_EXEC_19_290;1500697.0;5048379.391900002;0.4918372801039327;0.13707668112829446;0.05249767558613293;0.9836745602078654
S_MG_SPEA2_EXEC_19_291;1500311.0;7558509.173100004;0.4565987150591108;0.1372986369268897;0.07860030550019204;0.9131974301182216
S_MG_SPEA2_EXEC_19_292;1500235.0;7575412.385900004;0.45508328131152864;0.13734233806858204;0.0787760805981099;0.9101665626230573
S_MG_SPEA2_EXEC_19_293;1499732.0;7343474.388000003;0.4588543862992455;0.13763157062478257;0.07636417673260648;0.917708772598491
S_MG_SPEA2_EXEC_19_294;1499488.0;5122248.751800001;0.491525054684567;0.13777187429021584;0.05326583688914584;0.983050109369134
S_MG_SPEA2_EXEC_19_295;1499397.0;4766566.554400002;0.49440582502019786;0.13782420065724216;0.0495671274298632;0.9888116500403957
S_MG_SPEA2_EXEC_19_296;1499314.0;7507068.379300004;0.4567124365864057;0.13787192690409036;0.07806537698251001;0.9134248731728114
S_MG_SPEA2_EXEC_19_297;1499034.0;7295365.553800004;0.45793319989924036;0.13803293111032525;0.07586389698447367;0.9158663997984807
S_MG_SPEA2_EXEC_19_298;1498780.0;7201578.517000004;0.46009318790716847;0.13817898492598119;0.07488861342317657;0.9201863758143369
S_MG_SPEA2_EXEC_19_299;1498231.0;4722649.129400001;0.49403477446523286;0.13849466817320602;0.0491104337958769;0.9880695489304657
S_MG_SPEA2_EXEC_19_300;1497983.0;5096396.621100001;0.4916870347414115;0.13863727189872835;0.052997002741522845;0.983374069482823
S_MG_SPEA2_EXEC_19_301;1497027.0;4118232.8325000014;0.49774520342779977;0.13918698626001605;0.04282515921359438;0.9954904068555995
S_MG_SPEA2_EXEC_19_302;1496764.0;6491669.649100006;0.4713727217972158;0.1393382152108724;0.06750633040725873;0.9427454435944316
S_MG_SPEA2_EXEC_19_303;1496323.0;4949487.195500001;0.492028516337217;0.13959179683569234;0.05146930389660872;0.984057032674434
S_MG_SPEA2_EXEC_19_304;1495986.0;6962809.307200005;0.46531181432792484;0.13978557689819646;0.07240567235576205;0.9306236286558497
S_MG_SPEA2_EXEC_19_305;1495713.0;4675424.357000003;0.49457748172133376;0.1399425559992755;0.04861934733255327;0.9891549634426675
S_MG_SPEA2_EXEC_19_306;1495393.0;4790032.7807;0.49327515008781814;0.14012656080640107;0.0498111507569342;0.9865503001756363
S_MG_SPEA2_EXEC_19_307;1495286.0;4050406.2644000016;0.4978837875255612;0.1401880874137837;0.04211983639773239;0.9957675750511225
S_MG_SPEA2_EXEC_19_308;1494937.0;4867838.174;0.49259333468864597;0.14038876765655503;0.05062024254248195;0.9851866693772919
S_MG_SPEA2_EXEC_19_309;1494705.0;4812858.993300001;0.49277719053776886;0.14052217114172108;0.05004851863500169;0.9855543810755377
S_MG_SPEA2_EXEC_19_310;1494543.0;6454701.592700004;0.4714052267954833;0.1406153235753284;0.06712190267683676;0.9428104535909666
S_MG_SPEA2_EXEC_19_311;1494404.0;4649469.666100001;0.49419448233398383;0.1406952506634236;0.0483494466699777;0.9883889646679677
S_MG_SPEA2_EXEC_19_312;1491251.0;7820256.030000005;0.45424952483164116;0.14250827302863286;0.08132218920038965;0.9084990496632823
S_MG_SPEA2_EXEC_19_313;1491155.0;6606715.933000004;0.47110118303320825;0.14256347447077056;0.06870268710328335;0.9422023660664165
S_MG_SPEA2_EXEC_19_314;1490473.0;4784143.277500001;0.4926414316495739;0.14295563471595696;0.0497499063051299;0.9852828632991478
S_MG_SPEA2_EXEC_19_315;1489565.0;4949487.195500001;0.49200589897002683;0.1434777483561758;0.05146930389660872;0.9840117979400537
S_MG_SPEA2_EXEC_19_316;1489066.0;4944011.0885;0.4920053123758751;0.14376468085228727;0.05141235831735564;0.9840106247517502
S_MG_SPEA2_EXEC_19_317;1488008.0;7337878.048800003;0.4563603628857899;0.14437304674584622;0.07630598086874907;0.9127207257715798
S_MG_SPEA2_EXEC_19_318;1486695.0;6881967.901000005;0.46665368784669087;0.1451280414700834;0.07156500932567685;0.9333073756933817
S_MG_SPEA2_EXEC_19_319;1483120.0;4886782.626300001;0.4917307053560786;0.14718372017468956;0.05081724431944787;0.9834614107121572
S_MG_SPEA2_EXEC_19_320;1478554.0;6532842.203100005;0.4706948567313866;0.14980923876636276;0.06793448035700549;0.9413897134627732
S_MG_SPEA2_EXEC_19_321;1478450.0;4498430.9417;0.49462098745171157;0.1498690403286786;0.04677880759177832;0.9892419749034231
S_MG_SPEA2_EXEC_19_322;1476839.0;5014849.085700001;0.491021564741964;0.15079538952955146;0.052148996732872474;0.982043129483928
S_MG_SPEA2_EXEC_19_323;1476279.0;7503113.391200003;0.45178132419671907;0.15111739794202123;0.07802424939163322;0.9035626483934381
S_MG_SPEA2_EXEC_19_324;1474977.0;7284175.185600001;0.4552810949810082;0.15186606750101347;0.07574752928033564;0.9105621899620164
S_MG_SPEA2_EXEC_19_325;1473065.0;4996859.994700002;0.4906619810538996;0.15296549622358885;0.051961929678260334;0.9813239621077992
S_MG_SPEA2_EXEC_19_326;1472515.0;4736164.3568;0.49335738195859663;0.15328175448583595;0.049250977516631406;0.9867147639171933
S_MG_SPEA2_EXEC_19_327;1467571.0;4992549.278499998;0.4911061917883026;0.15612462875592625;0.05191710290058693;0.9822123835766052
S_MG_SPEA2_EXEC_19_328;1467272.0;7223888.616600001;0.45587804001025434;0.1562965582475842;0.0751206142852699;0.9117560800205087
S_MG_SPEA2_EXEC_19_329;1464185.0;4617860.978100001;0.49410050591579724;0.15807162962132384;0.04802075056385903;0.9882010118315945
S_MG_SPEA2_EXEC_19_330;1463955.0;7542655.067400005;0.451626245270861;0.15820388307644537;0.07843543997937119;0.903252490541722
S_MG_SPEA2_EXEC_19_331;1461792.0;4479751.282500001;0.4954067544123527;0.1594476405696099;0.04658455937614015;0.9908135088247054
S_MG_SPEA2_EXEC_19_332;1460905.0;4885099.744899999;0.491922823378892;0.1599576788943611;0.05079974417634671;0.983845646757784
S_MG_SPEA2_EXEC_19_333;1460540.0;5224026.310600001;0.48844258095577403;0.16016755937748875;0.054324213221242396;0.9768851619115481
S_MG_SPEA2_EXEC_19_334;1460411.0;7497248.967600005;0.4534783462092678;0.16024173631536123;0.07796326574049434;0.9069566924185356
S_MG_SPEA2_EXEC_19_335;1459012.0;7501221.102800004;0.45290852937611764;0.1610461823315134;0.07800457164263164;0.9058170587522353
S_MG_SPEA2_EXEC_19_336;1458368.0;7155433.809300002;0.45862693580557407;0.16141649200585365;0.07440875846244631;0.9172538716111481
S_MG_SPEA2_EXEC_19_337;1458271.0;4683931.816600001;0.4929219289714107;0.1614722684630136;0.04870781569427336;0.9858438579428214
S_MG_SPEA2_EXEC_19_338;1458013.0;5202771.3845000025;0.48935989567058863;0.1616206223387586;0.054103185020232925;0.9787197913411773
S_MG_SPEA2_EXEC_19_339;1457036.0;7459448.357500004;0.4525170357795681;0.1621824120155139;0.07757018035369244;0.9050340715591362
S_MG_SPEA2_EXEC_19_340;1456316.0;7402700.333900004;0.45357135418054284;0.16259642283154646;0.0769800623966532;0.9071427083610857
S_MG_SPEA2_EXEC_19_341;1456108.0;7560984.773700003;0.4494705752730415;0.1627160259561781;0.07862604906403513;0.898941150546083
S_MG_SPEA2_EXEC_19_342;1455887.0;4828707.6883;0.49219757630906497;0.16284310427609922;0.0502133278904052;0.9843951526181299
S_MG_SPEA2_EXEC_19_343;1455774.0;7352095.514600004;0.45461113501474365;0.16290808097361545;0.07645382710796456;0.9092222700294873
S_MG_SPEA2_EXEC_19_344;1452807.0;7396292.092500005;0.4513193722461192;0.16461415054468298;0.07691342362963927;0.9026387444922384
S_MG_SPEA2_EXEC_19_345;1452526.0;7139061.3795000035;0.45631938809375405;0.16477572976594013;0.07423850293260714;0.9126387761875081
S_MG_SPEA2_EXEC_19_346;1451016.0;4809935.2329;0.4925684932295502;0.16564400244956398;0.05001811469483485;0.9851369864591004
S_MG_SPEA2_EXEC_19_347;1450471.0;4573514.782300001;0.4942269633369068;0.16595738563669976;0.047559598178140386;0.9884539266738136
S_MG_SPEA2_EXEC_19_348;1450418.0;4623070.6687;0.49391797595179143;0.16598786143287994;0.04807492570122325;0.9878359519035829
S_MG_SPEA2_EXEC_19_349;1449595.0;7251542.176200005;0.4532471994558463;0.16646109879620605;0.07540818134154385;0.9064943989116926
S_MG_SPEA2_EXEC_19_350;1448764.0;5060563.3045000015;0.4887446740792476;0.16693893627971032;0.05262437507549199;0.9774893481584952
S_MG_SPEA2_EXEC_19_351;1448027.0;4539671.622400001;0.49407388465015234;0.16736272235112143;0.047207665985387504;0.9881477693003047
S_MG_SPEA2_EXEC_19_352;1444272.0;7420367.144800005;0.45100191683023244;0.16952190375973572;0.07716377808742673;0.9020038336604649
S_MG_SPEA2_EXEC_19_353;1443235.0;7250790.629700005;0.4501761337047292;0.17011819433782707;0.07540036607226987;0.9003522674094584
S_MG_SPEA2_EXEC_19_354;1441587.0;4968792.445299998;0.4894553328861419;0.17106581909452384;0.05167005757663831;0.9789106657722838
S_MG_SPEA2_EXEC_19_355;1441140.0;6949091.619100005;0.45945610674841103;0.1713228508094774;0.07226302326310055;0.9189122134968221
S_MG_SPEA2_EXEC_19_356;1441047.0;5067605.7063;0.4885397121630117;0.17137632720654827;0.0526976084235317;0.9770794243260233
S_MG_SPEA2_EXEC_19_357;1435973.0;7122161.256200004;0.4542702328326595;0.17429395342953335;0.0740627599621417;0.908540465665319
S_MG_SPEA2_EXEC_19_358;1425506.0;1255422.2951999996;0.4797280732718571;0.18031263566760683;0.013055031577609582;0.9594561465437143
S_MG_SPEA2_EXEC_19_359;1424845.0;1274654.4767999996;0.47905267626945514;0.1806927205973256;0.013255025427531071;0.9581053525389103
S_MG_SPEA2_EXEC_19_360;1423931.0;1203574.0451999996;0.4793919271614332;0.18121828432767806;0.012515865956940113;0.9587838543228664
S_MG_SPEA2_EXEC_19_361;1423581.0;1225994.1938999998;0.4790939508206116;0.18141953958547166;0.01274901121043155;0.9581879016412232
S_MG_SPEA2_EXEC_19_362;1422198.0;1160092.0812999995;0.4787572164754902;0.18221478536126756;0.012063700646557006;0.9575144329509804
S_MG_SPEA2_EXEC_19_363;1421206.0;1184588.2509999997;0.4787103139950513;0.18278520026335687;0.012318434269009552;0.9574206279901026
S_MG_SPEA2_EXEC_19_364;1420622.0;1761632.9029999995;0.4775923991092665;0.18312100903636108;0.018319073402434057;0.955184798218533
S_MG_SPEA2_EXEC_19_365;1420406.0;1119257.4814999998;0.47841398143345115;0.18324521228117086;0.01163906505430546;0.9568279628669023
S_MG_SPEA2_EXEC_19_366;1419786.0;1857116.2526999998;0.476888189246543;0.18360172159497667;0.019311996779878823;0.953776378493086
S_MG_SPEA2_EXEC_19_367;1418000.0;1074189.1356000002;0.4774162749159183;0.18462869842474636;0.011170403090020849;0.9548325498318366
S_MG_SPEA2_EXEC_19_368;1412892.0;1473583.0627999997;0.47544195335075956;0.18756587515848852;0.015323667176087479;0.9508839067015191
S_MG_SPEA2_EXEC_19_369;1411380.0;1133133.6875999996;0.4760925359513661;0.1884352978721569;0.01178336256240735;0.9521850719027322
S_MG_SPEA2_EXEC_19_370;1410699.0;1410852.4960999999;0.4750724741280294;0.18882688310232104;0.014671337253095808;0.9501449482560588
S_MG_SPEA2_EXEC_19_371;1410557.0;1127784.6700999998;0.47544195335075956;0.18890853523548304;0.011727738576248526;0.9508839067015191
S_MG_SPEA2_EXEC_19_372;1409953.0;1410852.4960999999;0.4746998121057259;0.18925584430893258;0.014671337253095808;0.9493996242114519
S_MG_SPEA2_EXEC_19_373;1405606.0;1056260.9162999997;0.4754870769218298;0.1917554346107292;0.010983969035132149;0.9509741538436596
S_MG_SPEA2_EXEC_19_374;1404807.0;1184746.5841999997;0.47480309169192925;0.1922148716135209;0.01232008076273018;0.9496061833838585
S_MG_SPEA2_EXEC_19_375;1402666.0;1028310.9728999999;0.47511630450792;0.19344597877619552;0.010693319908480095;0.95023260901584
S_MG_SPEA2_EXEC_19_376;1402465.0;0.0;0.44944355092493515;0.19356155679567127;0.0;0.8988871018498703
S_MG_SPEA2_EXEC_19_377;1374059.0;0.0;0.4389615194872043;0.20989543351820067;0.0;0.8779230389744086
S_MG_SPEA2_EXEC_19_378;1355710.0;0.0;0.43171760222334515;0.22044638416178622;0.0;0.8634352044466903
S_MG_SPEA2_EXEC_19_379;1318079.0;0.0;0.41771995678571594;0.2420847744647329;0.0;0.8354399135714319
S_MG_SPEA2_EXEC_19_380;1294006.0;0.0;0.41105899277280433;0.25592711109577737;0.0;0.8221179855456087
S_MG_SPEA2_EXEC_19_381;1267048.0;0.0;0.4057916711888787;0.27142836606606346;0.0;0.8115833423777574
S_MG_SPEA2_EXEC_19_382;1230875.0;0.0;0.3993671236835718;0.2922283844665442;0.0;0.7987342473671436
S_MG_SPEA2_EXEC_19_383;1210494.0;0.0;0.3953643653526038;0.30394776563537723;0.0;0.7907287307052075
S_MG_SPEA2_EXEC_19_384;1177919.0;0.0;0.3900387357189253;0.32267887998573963;0.0;0.7800774714378506
S_MG_SPEA2_EXEC_19_385;1150657.0;0.0;0.38806037330989435;0.33835493952279505;0.0;0.7761207466197887
S_MG_SPEA2_EXEC_19_386;1122602.0;0.0;0.38538013290132767;0.35448698597250855;0.0;0.7707602658026553
S_MG_SPEA2_EXEC_19_387;1087463.0;0.0;0.3831978268600652;0.37469243883996467;0.0;0.7663956537201304
