S_MG_NSGAII_EXEC_1_124;1431365.0;1335884.2117999997;0.48226653524662483;0.17694362265214178;0.013891748327044597;0.9645330704932497
S_MG_NSGAII_EXEC_1_125;1429719.0;1489562.5159999998;0.4816801093260804;0.17789009737879402;0.015489836175090083;0.9633602186521608
S_MG_NSGAII_EXEC_1_133;1389806.0;0.0;0.4439809230441146;0.20084067196255503;0.0;0.8879618460882291
S_MG_NSGAII_EXEC_3_107;1427868.0;1264054.0426999996;0.47979009078801615;0.17895445018501108;0.013144792398819547;0.9595801815760323
S_MG_NSGAII_EXEC_3_108;1423579.0;1219297.4012999996;0.4788998951736083;0.18142068961551622;0.012679371823592576;0.9577997903472166
S_MG_NSGAII_EXEC_3_109;1414707.0;1056912.2495999995;0.476289749809582;0.18652222289307308;0.010990742195710512;0.952579499619164
S_MG_NSGAII_EXEC_3_112;1402799.0;827623.3083999999;0.4731247756774985;0.19336950177823395;0.008606385649544671;0.946249551354997
S_MG_NSGAII_EXEC_4_1;1731480.0;1.3873538660099987E7;0.12308887143917424;0.0043729892443440084;0.14426976961719382;0.24617774287834848
S_MG_NSGAII_EXEC_4_3;1727495.0;1.30914539346E7;0.14522422798155013;0.006664424108079823;0.13613693588721623;0.29044845596310026
S_MG_NSGAII_EXEC_4_6;1725986.0;1.365791369349999E7;0.12356296088410959;0.0075321217766814155;0.1420275036014899;0.24712592176821918
S_MG_NSGAII_EXEC_4_7;1725261.0;1.3590190926599987E7;0.12883128305935207;0.007949007667825322;0.1413232602056358;0.25766256611870414
S_MG_NSGAII_EXEC_4_9;1724823.0;1.3572033144299993E7;0.1334775145447999;0.008200864247578469;0.14113443894428643;0.2669550290895998
S_MG_NSGAII_EXEC_4_64;1661934.0;1.5173719754999986E7;0.09162939419530995;0.04436298398295656;0.15779024421401178;0.1832587883906199
S_MG_NSGAII_EXEC_4_66;1656165.0;1.558436828779999E7;0.08435077204664852;0.04768024564641751;0.16206054400357306;0.16870154409329705
S_MG_NSGAII_EXEC_4_67;1655725.0;1.4919479661599992E7;0.0851839439484513;0.04793325225621519;0.15514642272038237;0.1703678878969026
S_MG_NSGAII_EXEC_4_68;1655709.0;1.4631686661499986E7;0.10290008450313212;0.047942452496571475;0.15215368735278081;0.20580016900626424
S_MG_NSGAII_EXEC_4_69;1651334.0;1.4910337094899988E7;0.0971781428620691;0.0504581432189916;0.15505134993298222;0.1943562857241382
S_MG_NSGAII_EXEC_4_70;1649445.0;1.4564536771299982E7;0.10788179572485854;0.05154434659605482;0.1514554012538754;0.21576359144971707
S_MG_NSGAII_EXEC_4_71;1648226.0;1.430559825549999E7;0.1093414162988727;0.05224528990819885;0.14876272125818543;0.2186828325977454
S_MG_NSGAII_EXEC_4_72;1645691.0;1.4160833570399992E7;0.11890660368349379;0.053702952989646856;0.1472573253905725;0.23781320736698758
S_MG_NSGAII_EXEC_4_89;1590488.0;5421609.1036;0.46402163387088546;0.08544550726387727;0.05637886018081097;0.9280432677417709
S_MG_NSGAII_EXEC_4_90;1589993.0;5357052.863900003;0.46587344361886257;0.08573013969989966;0.055707545236797704;0.9317468872377251
S_MG_NSGAII_EXEC_4_91;1589558.0;5397018.715700002;0.46495223372332095;0.085980271234586;0.056123146791167054;0.9299044674466419
S_MG_NSGAII_EXEC_4_92;1588729.0;5354330.935800003;0.46631333270918984;0.08645695868804573;0.055679240133858755;0.9326266654183797
S_MG_NSGAII_EXEC_4_93;1588660.0;5328431.176500002;0.46628174168528563;0.08649663472458217;0.05540991070040296;0.9325634833705713
S_MG_NSGAII_EXEC_4_104;1545568.0;3689824.2151999995;0.4921312843170818;0.11127518206413142;0.038370173788884694;0.9842625686341636
S_MG_NSGAII_EXEC_4_110;1530942.0;3879955.5552;0.4909626675498249;0.11968535177981525;0.04034733371115435;0.9819253350996499
S_MG_NSGAII_EXEC_4_118;1420695.0;1181428.4340999995;0.4787103139950513;0.18307903293973554;0.012285575597017913;0.9574206279901026
S_MG_NSGAII_EXEC_5_55;1666636.0;1.929216557200001E7;0.06412814516539576;0.041659263348254975;0.2006176182356305;0.12825629033079153
S_MG_NSGAII_EXEC_5_61;1653120.0;1.8942735602900006E7;0.06445742334168064;0.04943116638922192;0.19698392517616722;0.12891484668336128
S_MG_NSGAII_EXEC_5_63;1651319.0;1.7967076756E7;0.0635228688869186;0.050466768444325606;0.18683813032772975;0.1270457377738372
S_MG_NSGAII_EXEC_5_65;1641547.0;1.7508668513399992E7;0.06765138133378906;0.056085815241923194;0.1820711813055075;0.13530276266757812
S_MG_NSGAII_EXEC_5_67;1635049.0;1.75155354048E7;0.06557408120011564;0.05982226285661713;0.18214258953555879;0.13114816240023128
S_MG_NSGAII_EXEC_5_104;1417990.0;1061668.3523999997;0.47771814080181607;0.18463444857496902;0.011040200511432448;0.9554362816036321
S_MG_NSGAII_EXEC_6_9;1721933.0;1.2125931532699997E7;0.19227488929711617;0.009862657661931418;0.12609654908359816;0.38454977859423234
S_MG_NSGAII_EXEC_6_10;1721346.0;1.2109325317499997E7;0.19338326511289927;0.010200191480002415;0.12592386243891335;0.38676653022579854
S_MG_NSGAII_EXEC_6_20;1714498.0;1.1522524579099996E7;0.22233323256762733;0.014137894352489959;0.11982177057797806;0.44466646513525465
S_MG_NSGAII_EXEC_6_21;1713779.0;1.1469332777399996E7;0.22467029198326588;0.01455133015350026;0.11926863347541225;0.44934058396653176
S_MG_NSGAII_EXEC_6_33;1706532.0;1.1190917321099998E7;0.24396867795988988;0.018718464019872517;0.11637341440244524;0.48793735591977977
S_MG_NSGAII_EXEC_6_36;1703905.0;1.0922693288500004E7;0.2505352219967672;0.02022902848336913;0.11358417509320638;0.5010704439935344
S_MG_NSGAII_EXEC_6_37;1701782.0;1.0831406253500002E7;0.25688131011864535;0.02144978537564294;0.11263488884179285;0.5137626202372907
S_MG_NSGAII_EXEC_6_39;1697621.0;1.06088201071E7;0.27464387743576374;0.023842422883297826;0.11032023409884238;0.5492877548715275
S_MG_NSGAII_EXEC_6_40;1695679.0;1.05332108918E7;0.28160067539061795;0.024959102056541227;0.10953398018486155;0.5632013507812359
S_MG_NSGAII_EXEC_6_42;1694860.0;1.04604823899E7;0.2860588845629427;0.025430039359778275;0.10877768256889046;0.5721177691258854
S_MG_NSGAII_EXEC_6_43;1694550.0;1.0628083183400003E7;0.2718425921429732;0.025608294016681184;0.11052054922016845;0.5436851842859464
S_MG_NSGAII_EXEC_6_44;1693308.0;1.05301372717E7;0.2842788145922433;0.02632246267433737;0.10950201786619278;0.5685576291844866
S_MG_NSGAII_EXEC_6_50;1689930.0;1.0343458800800001E7;0.29493189479464565;0.028264863419556835;0.10756076404126282;0.5898637895892913
S_MG_NSGAII_EXEC_6_52;1688381.0;1.0313239111199997E7;0.2980964507918453;0.029155561689049127;0.1072465120134774;0.5961929015836906
S_MG_NSGAII_EXEC_6_54;1686572.0;1.0248481454000002E7;0.30274723057044417;0.030195763864330954;0.10657310254570682;0.6054944611408883
S_MG_NSGAII_EXEC_6_56;1684815.0;1.01067951018E7;0.31107054461586947;0.031206065258454877;0.10509971800477619;0.6221410892317389
S_MG_NSGAII_EXEC_6_57;1683988.0;1.0182169541599996E7;0.30631058399772143;0.031681602681870064;0.10588353050794415;0.6126211679954429
S_MG_NSGAII_EXEC_6_58;1683407.0;1.0147300351699997E7;0.30877703757855246;0.03201568640980745;0.10552092871492944;0.6175540751571049
S_MG_NSGAII_EXEC_6_60;1682231.0;1.00444681671E7;0.3144729306037827;0.03269190407599398;0.10445158541723559;0.6289458612075653
S_MG_NSGAII_EXEC_6_62;1681650.0;1.0005613999499999E7;0.3168418124836308;0.03302598780393138;0.10404754417399885;0.6336836249672616
S_MG_NSGAII_EXEC_6_64;1678438.0;9976525.630600002;0.3196625829976401;0.03487293605545445;0.10374505665566931;0.6393251659952802
S_MG_NSGAII_EXEC_6_65;1678259.0;9956940.689199999;0.3244329906349691;0.034975863744440325;0.10354139448605496;0.6488659812699382
S_MG_NSGAII_EXEC_6_69;1673431.0;9838502.391000003;0.3298169416307798;0.037752036271947606;0.10230976451667244;0.6596338832615596
S_MG_NSGAII_EXEC_6_96;1614611.0;6584230.089400005;0.44689950445201804;0.0715744198817194;0.06846885869401456;0.8937990089040361
S_MG_NSGAII_EXEC_6_101;1605913.0;5964553.814500001;0.453741197603089;0.07657590054540175;0.062024896875233715;0.907482395206178
S_MG_NSGAII_EXEC_6_123;1547512.0;3760813.016599999;0.4912356819648974;0.1101573528608435;0.03910838040468006;0.9824713639297948
S_MG_NSGAII_EXEC_6_124;1546665.0;3712804.3022999996;0.4916143794319111;0.11064439058470403;0.038609141795023956;0.9832287588638222
S_MG_NSGAII_EXEC_6_137;1479930.0;4335075.0097;0.4857228198452483;0.14901801809572274;0.045080082900649514;0.9714456396904966
S_MG_NSGAII_EXEC_6_138;1478959.0;4332691.465400001;0.48394508876649667;0.14957635768234445;0.045055296622580294;0.9678901775329933
S_MG_NSGAII_EXEC_6_139;1448901.0;4136233.502899999;0.4851833752670065;0.16686015922165967;0.04301234668141984;0.970366750534013
S_MG_NSGAII_EXEC_6_140;1432983.0;1387103.6860999996;0.4819947002556814;0.17601324834611304;0.014424375361733776;0.9639894005113628
S_MG_NSGAII_EXEC_6_148;1402472.0;0.0;0.44944355092493515;0.19355753169051543;0.0;0.8988871018498703
S_MG_NSGAII_EXEC_6_149;1394908.0;0.0;0.4459757261330713;0.19790694531894645;0.0;0.8919514522661426
S_MG_NSGAII_EXEC_7_1;1735549.0;1.821386257359999E7;0.08201668046376201;0.002033253118737727;0.18940443542999877;0.16403336092752402
S_MG_NSGAII_EXEC_7_7;1731658.0;1.7179359003499992E7;0.09021623031641784;0.004270636570380401;0.17864671922052697;0.1804324606328357
S_MG_NSGAII_EXEC_7_8;1731098.0;1.7860894429699995E7;0.08357443202593653;0.004592644982850177;0.1857339491863475;0.16714886405187307
S_MG_NSGAII_EXEC_7_41;1694318.0;1.5357151180199996E7;0.08704633704917947;0.025741697501847235;0.1596977322819456;0.17409267409835893
S_MG_NSGAII_EXEC_7_43;1693333.0;1.5306818233299995E7;0.09136287797564474;0.02630808729878068;0.159174324171634;0.18272575595128948
S_MG_NSGAII_EXEC_7_68;1648355.0;1.4773954284400001E7;0.09444351025721993;0.05217111297032635;0.15363311647916514;0.18888702051443987
S_MG_NSGAII_EXEC_7_118;1427986.0;1381885.1490999998;0.48071794774432275;0.17888659841238352;0.014370108231394924;0.9614358954886455
S_MG_NSGAII_EXEC_7_124;1403984.0;880807.6812000002;0.47262038394932765;0.19268810897684702;0.00915944549959995;0.9452407678986553
S_MG_NSGAII_EXEC_7_126;1395086.0;0.0;0.44634453527639484;0.19780459264498285;0.0;0.8926890705527897
S_MG_NSGAII_EXEC_7_128;1377050.0;0.0;0.4374170578866493;0.2081755635865987;0.0;0.8748341157732986
S_MG_NSGAII_EXEC_7_130;1367674.0;0.0;0.43363235893806323;0.21356690443537837;0.0;0.8672647178761265
S_MG_NSGAII_EXEC_7_135;1336215.0;0.0;0.4190587199236756;0.2316563020208903;0.0;0.8381174398473512
S_MG_NSGAII_EXEC_7_137;1326335.0;0.0;0.4144221325966696;0.23733745044089277;0.0;0.8288442651933392
S_MG_NSGAII_EXEC_8_8;1723375.0;2.07206715507E7;0.06859311565694919;0.009033485999821745;0.2154725325796214;0.13718623131389837
S_MG_NSGAII_EXEC_8_18;1713625.0;2.0306210657100003E7;0.07654517293991955;0.014639882466929448;0.21116258836856192;0.1530903458798391
S_MG_NSGAII_EXEC_8_38;1695722.0;1.8866012264800012E7;0.07039007228061336;0.024934376410583728;0.19618608559225617;0.14078014456122673
S_MG_NSGAII_EXEC_8_104;1434377.0;1437711.3749999995;0.4832225752184156;0.1752116774050722;0.014950640491153107;0.9664451504368312
S_MG_NSGAII_EXEC_8_115;1387187.0;0.0;0.4426215821670741;0.2023466363058735;0.0;0.8852431643341482
S_MG_NSGAII_EXEC_9_36;1709955.0;1.6742752839900007E7;0.09192792759482923;0.016750187598651014;0.17410648819661584;0.18385585518965847
S_MG_NSGAII_EXEC_9_127;1402372.0;0.0;0.44895013468804257;0.19361503319274215;0.0;0.8979002693760851
S_MG_NSGAII_EXEC_9_129;1385333.0;0.0;0.44190643933800733;0.20341271415715736;0.0;0.8838128786760147
S_MG_NSGAII_EXEC_10_3;1732722.0;1.4620658030000007E7;0.11657585605617538;0.0036588205866878274;0.15203900153507585;0.23315171211235075
S_MG_NSGAII_EXEC_10_4;1732270.0;1.4285873553400004E7;0.12592507780924161;0.003918727376752718;0.14855760572872667;0.25185015561848323
S_MG_NSGAII_EXEC_10_5;1731821.0;1.4227685966900004E7;0.12988720334124942;0.004176909121750806;0.14795251787734248;0.25977440668249885
S_MG_NSGAII_EXEC_10_6;1731577.0;1.4076870525100013E7;0.1260468966660563;0.004317212787184065;0.14638420069624894;0.2520937933321126
S_MG_NSGAII_EXEC_10_13;1728078.0;1.451703655860001E7;0.12284185262097229;0.006329190350097896;0.1509614505098809;0.24568370524194458
S_MG_NSGAII_EXEC_10_17;1725113.0;1.23124409901E7;0.18413063345464736;0.008034109891120906;0.12803604535126;0.3682612669092947
S_MG_NSGAII_EXEC_10_21;1723103.0;1.2037758260499999E7;0.19553693128897862;0.009189890085878493;0.1251796425914375;0.39107386257795723
S_MG_NSGAII_EXEC_10_22;1722813.0;1.19390866444E7;0.19826868135347078;0.009356644442336056;0.12415356469802709;0.39653736270694157
S_MG_NSGAII_EXEC_10_23;1722668.0;1.1883795797899997E7;0.1982686813534707;0.009440021620564837;0.1235785998039272;0.3965373627069414
S_MG_NSGAII_EXEC_10_28;1720049.0;1.1819643774200002E7;0.20187011802679977;0.010945985963883307;0.12291148826833226;0.40374023605359954
S_MG_NSGAII_EXEC_10_29;1719117.0;1.16768841784E7;0.20709440006735128;0.011481899964636576;0.12142694315685733;0.41418880013470255
S_MG_NSGAII_EXEC_10_30;1718313.0;1.1638183956E7;0.2096478963386524;0.011944212042539612;0.12102450277689576;0.4192957926773048
S_MG_NSGAII_EXEC_10_31;1717940.0;1.15706179467E7;0.2121641855029544;0.012158692645845372;0.1203218894902295;0.4243283710059088
S_MG_NSGAII_EXEC_10_32;1717136.0;1.1531917724299999E7;0.21464457610660656;0.012621004723748408;0.11991944911026792;0.4292891522132131
S_MG_NSGAII_EXEC_10_33;1716687.0;1.15318924299E7;0.21709029864271093;0.012879186468746496;0.11991918607591527;0.43418059728542185
S_MG_NSGAII_EXEC_10_34;1716171.0;1.1528686389500001E7;0.2207551584551908;0.013175894220236503;0.11988584672960838;0.4415103169103816
S_MG_NSGAII_EXEC_10_35;1715658.0;1.1524998117500002E7;0.22188230890092764;0.013470876926659709;0.11984749269717569;0.4437646178018553
S_MG_NSGAII_EXEC_10_36;1714854.0;1.1402877839800004E7;0.22471869774587935;0.013933189004562745;0.11857757413054235;0.4494373954917587
S_MG_NSGAII_EXEC_10_37;1714137.0;1.1348476560099998E7;0.23226540446505844;0.01434547477552851;0.11801185976728676;0.4645308089301169
S_MG_NSGAII_EXEC_10_38;1713942.0;1.1321361235100001E7;0.22930447128195855;0.014457602704870665;0.1177298897676575;0.4586089425639171
S_MG_NSGAII_EXEC_10_39;1713333.0;1.1319280819499997E7;0.23448208364285733;0.014807786853431546;0.11770825569961804;0.46896416728571466
S_MG_NSGAII_EXEC_10_40;1712543.0;1.1264972497899998E7;0.2359724480356111;0.015262048721022837;0.11714350799987927;0.4719448960712222
S_MG_NSGAII_EXEC_10_41;1711999.0;1.1233502152599994E7;0.2381420808421142;0.015574856893136334;0.11681625050794157;0.4762841616842284
S_MG_NSGAII_EXEC_10_42;1711794.0;1.1229312583099997E7;0.2402864048893529;0.015692734972701163;0.11677268352468169;0.4805728097787058
S_MG_NSGAII_EXEC_10_43;1710882.0;1.1147795978399994E7;0.2445017824089514;0.016217148673009083;0.11592499916179684;0.4890035648179028
S_MG_NSGAII_EXEC_10_44;1710433.0;1.1113354706499996E7;0.2465740885024681;0.01647533041800717;0.11556684725231853;0.4931481770049362
S_MG_NSGAII_EXEC_10_45;1709298.0;1.1090156061400002E7;0.25065086070665915;0.017127972468280735;0.11532560647979431;0.5013017214133183
S_MG_NSGAII_EXEC_10_46;1708844.0;1.10726029933E7;0.2536034042920132;0.01738902928839016;0.1151430735908966;0.5072068085840264
S_MG_NSGAII_EXEC_10_47;1707932.0;1.0991086388599997E7;0.25753420390541243;0.01791344298869808;0.11429538922801175;0.5150684078108249
S_MG_NSGAII_EXEC_10_48;1704407.0;1.0918605473599998E7;0.26142607478384716;0.019940370942190866;0.11354166624753187;0.5228521495676943
S_MG_NSGAII_EXEC_10_49;1703167.0;1.0863746889999999E7;0.26901516346096777;0.020653389569802512;0.11297119641922057;0.5380303269219355
S_MG_NSGAII_EXEC_10_51;1699645.0;1.08055281792E7;0.26519752937005414;0.022678592478228492;0.1123657849088406;0.5303950587401083
S_MG_NSGAII_EXEC_10_58;1694055.0;1.3127674340400008E7;0.14507620080601966;0.025892926452703576;0.13651358886150294;0.2901524016120393
S_MG_NSGAII_EXEC_10_62;1691670.0;1.0437391095499998E7;0.28730490166317707;0.02726433728081146;0.10853755812732803;0.5746098033263541
S_MG_NSGAII_EXEC_10_63;1688508.0;1.0368734495899998E7;0.28895917035726065;0.02908253478122116;0.10782360388323321;0.5779183407145213
S_MG_NSGAII_EXEC_10_64;1688059.0;1.0334293223999998E7;0.2905992928731356;0.029340716526219248;0.10746545197375489;0.5811985857462711
S_MG_NSGAII_EXEC_10_65;1686924.0;1.0298650274599995E7;0.29383804484922854;0.02999335857649281;0.10709480392033471;0.5876760896984571
S_MG_NSGAII_EXEC_10_66;1684874.0;1.0192458197199995E7;0.2999047693710457;0.031172139372141097;0.1059905213780782;0.5998095387420914
S_MG_NSGAII_EXEC_10_67;1683739.0;1.0151370572899995E7;0.3029883564934608;0.03182478142241466;0.10556325460518724;0.6059767129869216
S_MG_NSGAII_EXEC_10_68;1682562.0;1.0135316986E7;0.3092580319781312;0.032501574103623455;0.10539631469603106;0.6185160639562624
S_MG_NSGAII_EXEC_10_69;1679853.0;1.0069872310600001E7;0.3131249087545183;0.034059289798946;0.10471576098338788;0.6262498175090366
S_MG_NSGAII_EXEC_10_71;1678414.0;1.0187450064200003E7;0.29855916340898797;0.03488673641598887;0.10593844222135958;0.5971183268179759
S_MG_NSGAII_EXEC_10_73;1676304.0;1.0026660335300002E7;0.3062199391581576;0.036100018112973205;0.104266403261903;0.6124398783163152
S_MG_NSGAII_EXEC_10_78;1668631.0;9771083.037599996;0.32548865151262324;0.040512108378831395;0.1016086762924595;0.6509773030252465
S_MG_NSGAII_EXEC_10_79;1667434.0;9751260.249799997;0.3281828515820593;0.04120040136048554;0.10140254077799979;0.6563657031641186
S_MG_NSGAII_EXEC_10_81;1665155.0;9667822.5548;0.33042547762132085;0.042510860596233074;0.10053487915756124;0.6608509552426417
S_MG_NSGAII_EXEC_10_83;1656218.0;9542787.886400001;0.3460331834714836;0.04764976985023734;0.09923465408548868;0.6920663669429672
S_MG_NSGAII_EXEC_10_84;1655388.0;9498913.7754;0.35427699519008915;0.04812703231871933;0.09877841087017018;0.7085539903801783
S_MG_NSGAII_EXEC_10_85;1653804.0;9444178.844700003;0.35771441945425614;0.04903785611399098;0.09820922689803681;0.7154288389085123
S_MG_NSGAII_EXEC_10_86;1652555.0;9350169.625000004;0.3565761476781996;0.04975604987680303;0.0972316328753224;0.7131522953563992
S_MG_NSGAII_EXEC_10_87;1649408.0;9415157.718000006;0.35216035273696467;0.051565622151878716;0.09790743862572808;0.7043207054739293
S_MG_NSGAII_EXEC_10_88;1647921.0;9259810.915200002;0.3654778228828578;0.052420669489990426;0.09629200020011716;0.7309556457657156
S_MG_NSGAII_EXEC_10_89;1646138.0;9186997.854200006;0.3697591303604615;0.0534459212746933;0.09553482326112872;0.739518260720923
S_MG_NSGAII_EXEC_10_90;1642301.0;9138951.924300008;0.3685167794015073;0.05565225391513353;0.095035197649557;0.7370335588030146
S_MG_NSGAII_EXEC_10_91;1640518.0;9066138.863300007;0.3727169031825071;0.05667750569983641;0.09427802071056851;0.7454338063650142
S_MG_NSGAII_EXEC_10_92;1636361.0;8986995.746400006;0.3747773127503491;0.059067843147402224;0.09345501804904946;0.7495546255006982
S_MG_NSGAII_EXEC_10_93;1633800.0;8915875.82670001;0.3808050647749518;0.06054045661942918;0.09271544794500523;0.7616101295499036
S_MG_NSGAII_EXEC_10_94;1625589.0;7710890.331;0.4309998508355571;0.06526190496726728;0.08018490443221932;0.8619997016711142
S_MG_NSGAII_EXEC_10_95;1617996.0;7822382.686499998;0.42803182399937717;0.06962799403134406;0.08134430412368542;0.8560636479987543
S_MG_NSGAII_EXEC_10_96;1617388.0;6948134.514099998;0.43526905813233413;0.06997760316488268;0.07225307040815608;0.8705381162646683
S_MG_NSGAII_EXEC_10_97;1616484.0;7452707.590099999;0.43151280674636305;0.07049741674501246;0.0775000836765816;0.8630256134927261
S_MG_NSGAII_EXEC_10_98;1616254.0;6689605.066099999;0.44026923546758623;0.07062967020013398;0.06956464427434723;0.8805384709351725
S_MG_NSGAII_EXEC_10_99;1615116.0;7110623.2568;0.43328356310776783;0.07128403729547435;0.07394277727019381;0.8665671262155357
S_MG_NSGAII_EXEC_10_100;1612068.0;6460389.646699998;0.44565826335971265;0.07303668308334556;0.06718105227523802;0.8913165267194253
S_MG_NSGAII_EXEC_10_101;1611441.0;6423108.3101;0.44325887018306226;0.07339721750230725;0.06679336677018578;0.8865177403661245
S_MG_NSGAII_EXEC_10_102;1611288.0;7854342.889799999;0.4275556480444592;0.07348519480071417;0.0816766556080454;0.8551112960889184
S_MG_NSGAII_EXEC_10_103;1611177.0;6556886.603300001;0.4402605970614836;0.07354902146818586;0.06818451606616549;0.8805211941229673
S_MG_NSGAII_EXEC_10_106;1608954.0;6204133.842899999;0.4473309234389068;0.07482727986268642;0.06451626957753888;0.8946618468778136
S_MG_NSGAII_EXEC_10_107;1607819.0;6140636.724799998;0.4484737532810472;0.07547992191295998;0.06385596835057153;0.8969475065620944
S_MG_NSGAII_EXEC_10_109;1604887.0;5993846.0926;0.45242805835437644;0.07716586595824816;0.06232950482830076;0.9048561167087529
S_MG_NSGAII_EXEC_10_110;1602741.0;8531501.146000003;0.40735541111566387;0.07839984819603413;0.08871836774867753;0.8147108222313277
S_MG_NSGAII_EXEC_10_111;1602492.0;7659775.017199998;0.4293988464729977;0.07854302693657872;0.0796533605538687;0.8587976929459954
S_MG_NSGAII_EXEC_10_112;1601488.0;8518147.248000005;0.40899062152757376;0.07912034201893524;0.0885795016788772;0.8179812430551475
S_MG_NSGAII_EXEC_10_113;1601157.0;8446853.085600002;0.4098007493527518;0.07931067199130577;0.08783811963955074;0.8196014987055036
S_MG_NSGAII_EXEC_10_114;1596620.0;5796021.300200002;0.45815730695417756;0.08191951514733323;0.06027234133718672;0.9163146139083551
S_MG_NSGAII_EXEC_10_115;1596426.0;6013729.667699998;0.4485480557753076;0.08203106806165311;0.06253627246481537;0.8970961115506152
S_MG_NSGAII_EXEC_10_116;1595200.0;5771731.32;0.4558581302806733;0.08273603647895302;0.06001975186212087;0.9117162605613466
S_MG_NSGAII_EXEC_10_117;1591755.0;5352551.9888;0.4664035648637696;0.0847169632306644;0.05566074101260791;0.9328071297275392
S_MG_NSGAII_EXEC_10_118;1589258.0;5733070.5731999995;0.4569209467620605;0.08615277574126624;0.05961772198562615;0.913841893524121
S_MG_NSGAII_EXEC_10_119;1582788.0;5318423.806800001;0.46303715837248804;0.08987312293533668;0.05530584489884611;0.9260743167449761
S_MG_NSGAII_EXEC_10_121;1580649.0;5240164.647400001;0.46670020698871856;0.09110308006796677;0.05449203443752925;0.9334004139774371
S_MG_NSGAII_EXEC_10_122;1579012.0;5003130.6850000005;0.46915025310740227;0.0920443796594186;0.05202713806287553;0.9383005062148045
S_MG_NSGAII_EXEC_10_123;1570623.0;4954653.3852;0.4706796761040304;0.0968681806812203;0.051523026671747636;0.9413593522080608
S_MG_NSGAII_EXEC_10_125;1568742.0;4847730.9769;0.47356929160515393;0.09794978393810538;0.05041114947946932;0.9471385832103079
S_MG_NSGAII_EXEC_10_126;1564508.0;7243581.020999998;0.427442825284313;0.10038439754238579;0.07532539395364439;0.854885650568626
S_MG_NSGAII_EXEC_10_127;1561994.0;4486228.4853;0.48489044375373835;0.10182998530836618;0.046651915266992076;0.9697808875074767
S_MG_NSGAII_EXEC_10_134;1547123.0;3696089.6360999993;0.49262130928620484;0.11038103370450553;0.03843532737744947;0.9852426185724097
S_MG_NSGAII_EXEC_10_136;1545242.0;3599363.4160999996;0.4924511885238991;0.11146263696139061;0.03742947949557667;0.9849023770477981
S_MG_NSGAII_EXEC_10_137;1543378.0;3706520.3359;0.4917273377416912;0.11253446496289715;0.03854379535335385;0.9834546754833824
S_MG_NSGAII_EXEC_10_139;1542658.0;3588818.9039;0.49313579017190917;0.11294847577892972;0.037319827994031884;0.9862715803438183
S_MG_NSGAII_EXEC_10_140;1542647.0;3557017.6493999995;0.4924716457203362;0.11295480094417466;0.036989129404965515;0.9849432914406724
S_MG_NSGAII_EXEC_10_141;1540478.0;3523384.4409999996;0.49266877781350843;0.11420200852747278;0.036639380480323086;0.9853375556270169
S_MG_NSGAII_EXEC_10_142;1532604.0;3333466.122299999;0.49316824117480895;0.11872967681280673;0.034664435748757653;0.9863364823496179
S_MG_NSGAII_EXEC_10_143;1530009.0;3291120.3555999985;0.4931714426034007;0.12022184079559078;0.03422408565814649;0.9863428852068014
S_MG_NSGAII_EXEC_10_144;1526409.0;3272202.526999999;0.49378429406727786;0.12229189487575363;0.034027360738812906;0.9875685881345557
S_MG_NSGAII_EXEC_10_146;1431490.0;1379561.3185999996;0.48199470025568136;0.17687174577435835;0.014345942912143778;0.9639894005113627
S_MG_NSGAII_EXEC_10_147;1424601.0;1156075.0584999996;0.48006673839167;0.18083302426275885;0.012021927962016923;0.96013347678334
S_MG_NSGAII_EXEC_10_149;1415398.0;1072637.5289999996;0.47622608801057315;0.18612488751268627;0.011154268062599015;0.9524521760211463
S_MG_NSGAII_EXEC_10_158;1374072.0;0.0;0.4366904287402014;0.20988795832291118;0.0;0.8733808574804028
S_MG_NSGAII_EXEC_10_159;1370671.0;0.0;0.4347242244451752;0.21184358441364282;0.0;0.8694484488903504
S_MG_NSGAII_EXEC_10_161;1363501.0;0.0;0.4313635875707633;0.21596644212330046;0.0;0.8627271751415266
S_MG_NSGAII_EXEC_11_1;1736554.0;1.9994535791499995E7;0.08357344394195428;0.001455363021358933;0.20792150747656843;0.16714688788390855
S_MG_NSGAII_EXEC_11_20;1713499.0;1.92416570139E7;0.06840014775962526;0.014712334359735148;0.2000923839591195;0.13680029551925052
S_MG_NSGAII_EXEC_11_139;1358957.0;0.0;0.42873474937793715;0.2185793103844838;0.0;0.8574694987558743
S_MG_NSGAII_EXEC_11_142;1339922.0;0.0;0.42002136613194524;0.22952472133334484;0.0;0.8400427322638905
S_MG_NSGAII_EXEC_11_143;1336286.0;0.0;0.4194398390443177;0.2316154759543093;0.0;0.8388796780886354
S_MG_NSGAII_EXEC_12_55;1695707.0;1.6665924332200011E7;0.08498314723594703;0.024943001635917738;0.17330755496281955;0.16996629447189407
S_MG_NSGAII_EXEC_12_63;1689866.0;1.1008494122899998E7;0.24938694130461467;0.02830166438098195;0.11447641080286353;0.49877388260922934
S_MG_NSGAII_EXEC_12_68;1684879.0;1.1111743300299995E7;0.24522933546269923;0.03116926429702976;0.11555009037385158;0.49045867092539847
S_MG_NSGAII_EXEC_12_78;1671326.0;1.0506898053699996E7;0.27845346548570676;0.0389624428938206;0.10926035517947057;0.5569069309714135
S_MG_NSGAII_EXEC_12_85;1659222.0;1.0442052905199992E7;0.283905345249866;0.0459224247233459;0.10858603589697965;0.567810690499732
S_MG_NSGAII_EXEC_12_93;1643030.0;9559899.703399997;0.33979324237046254;0.05523306796390056;0.09941259844105681;0.6795864847409251
S_MG_NSGAII_EXEC_12_94;1638649.0;9458480.074799996;0.3507140084107718;0.05775220877645428;0.09835794419521077;0.7014280168215437
S_MG_NSGAII_EXEC_12_95;1635302.0;9500073.382999996;0.34937833843050464;0.059676784055983464;0.09879046953273612;0.6987566768610093
S_MG_NSGAII_EXEC_12_98;1623396.0;9332555.252599996;0.35971658099367154;0.0665229129110998;0.0970484624881299;0.7194331619873431
S_MG_NSGAII_EXEC_12_104;1603375.0;6122563.971999998;0.4517598011405349;0.07803528867191656;0.06366803130388977;0.9035196022810698
S_MG_NSGAII_EXEC_12_105;1602995.0;6057138.346599999;0.45104342689391985;0.07825379438037819;0.06298767569060526;0.9020868537878397
S_MG_NSGAII_EXEC_12_115;1579232.0;5106060.498700004;0.4684305281353882;0.09191787635451976;0.05309749659742501;0.9368610562707764
S_MG_NSGAII_EXEC_12_117;1577461.0;5146966.9386;0.4679472455991188;0.09293622795895543;0.05352287924887534;0.9358944911982376
S_MG_NSGAII_EXEC_12_119;1575518.0;8249130.6351999985;0.4255628572865195;0.09405348214722109;0.08578202039434563;0.851125714573039
S_MG_NSGAII_EXEC_12_122;1567706.0;4826237.570100002;0.47356954858801603;0.09854549950117447;0.05018764133758175;0.9471390971760321
S_MG_NSGAII_EXEC_12_124;1563287.0;8124577.798199998;0.4198321498383297;0.10108649088457436;0.08448680584675244;0.8396642996766595
S_MG_NSGAII_EXEC_12_131;1542910.0;3712015.1390999984;0.49164566698458634;0.11280357199331832;0.03860093535282893;0.9832913339691727
S_MG_NSGAII_EXEC_12_135;1538589.0;3615348.594399998;0.49237512286978274;0.115288211904536;0.03759570802941592;0.9847502457395655
S_MG_NSGAII_EXEC_12_139;1528580.0;4640865.487899999;0.48310359425993965;0.12104353726241097;0.04825997253961545;0.9662071885198793
S_MG_NSGAII_EXEC_12_150;1412748.0;930530.5722000002;0.47598635240539827;0.18764867732169502;0.009676509689567698;0.9519727048107965
S_MG_NSGAII_EXEC_12_155;1401216.0;0.0;0.4488750952057546;0.19427975055848334;0.0;0.8977501904115092
S_MG_NSGAII_EXEC_12_162;1362330.0;0.0;0.4305017738441125;0.21663978471437567;0.0;0.861003547688225
S_MG_NSGAII_EXEC_13_1;1732057.0;1.8049507660400018E7;0.07742687844408244;0.004041205576495686;0.18769532241682013;0.15485375688816488
S_MG_NSGAII_EXEC_13_2;1732057.0;1.8214894681300014E7;0.07694389023348151;0.004041205576495686;0.18941516823175547;0.15388778046696303
S_MG_NSGAII_EXEC_13_11;1718541.0;1.7810722159900006E7;0.07801440415496008;0.01181310861746263;0.185212211943777;0.15602880830992016
S_MG_NSGAII_EXEC_13_24;1708342.0;1.6722255760599997E7;0.09236778285815644;0.017677686829568422;0.17389334078117363;0.1847355657163129
S_MG_NSGAII_EXEC_13_33;1695279.0;1.703314748090001E7;0.0786875213931757;0.02518910806544821;0.17712627781061155;0.1573750427863514
S_MG_NSGAII_EXEC_13_136;1374485.0;0.0;0.4373375807159436;0.20965047711871473;0.0;0.8746751614318872
S_MG_NSGAII_EXEC_14_107;1596337.0;5647377.936500004;0.46184717029718697;0.08208224439863492;0.05872661141481312;0.9236943405943739
S_MG_NSGAII_EXEC_14_108;1592437.0;7401189.069000001;0.43295863862482675;0.084324802985478;0.07696434687919974;0.8659172772496535
S_MG_NSGAII_EXEC_14_121;1548037.0;3816239.681299999;0.49226073293759703;0.10985546997415307;0.039684757660896304;0.9845214658751941
S_MG_NSGAII_EXEC_14_127;1535828.0;7896763.240499998;0.4194664868753238;0.11687582838101646;0.08211778129144227;0.8389329737506476
S_MG_NSGAII_EXEC_14_130;1528294.0;8237291.638800001;0.4147115155014421;0.12120799155877947;0.08565890765973821;0.8294230310028842
S_MG_NSGAII_EXEC_14_138;1423223.0;1189677.6955999997;0.4776644916715479;0.18162539496344343;0.012371358978264385;0.9553289833430958
S_MG_NSGAII_EXEC_14_139;1418139.0;1117720.9650999997;0.4754879122296622;0.18454877133665118;0.011623086948612889;0.9509758244593244
S_MG_NSGAII_EXEC_14_140;1414614.0;1033404.4014;0.4744308588756282;0.18657569929014395;0.010746286045978236;0.9488617177512564
S_MG_NSGAII_EXEC_14_141;1408839.0;941582.7616;0.473776204601519;0.18989641104373853;0.00979144048390709;0.947552409203038
S_MG_NSGAII_EXEC_14_142;1405112.0;912770.5028999998;0.4722300094540766;0.19203949203172932;0.009491824212482793;0.9444600189081532
S_MG_NSGAII_EXEC_14_143;1402657.0;825969.8608;0.471797115519882;0.19345115391139595;0.008589191586071009;0.943594231039764
S_MG_NSGAII_EXEC_15_110;1368786.0;0.0;0.43460731420610005;0.21292748773061695;0.0;0.8692146284122001
S_MG_NSGAII_EXEC_15_111;1366090.0;0.0;0.43336899120171746;0.21447772823065003;0.0;0.8667379824034349
S_MG_NSGAII_EXEC_16_115;1427364.0;1299864.1360999998;0.47958991135265777;0.17924425775623387;0.01351717856873353;0.9591798227053155
S_MG_NSGAII_EXEC_16_125;1387922.0;0.0;0.4429798271676223;0.2019240002645069;0.0;0.8859596543352446
S_MG_NSGAII_EXEC_17_1;1736329.0;1.934955245730001E7;0.08358214830132156;0.0015847414013691107;0.20121437966212152;0.16716429660264312
S_MG_NSGAII_EXEC_17_2;1736036.0;1.889593757870001E7;0.08835619908915056;0.0017532208028934757;0.1964972764317275;0.17671239817830112
S_MG_NSGAII_EXEC_17_3;1736002.0;1.8495497033200018E7;0.09022374163130019;0.001772771313650569;0.19233312864938726;0.18044748326260038
S_MG_NSGAII_EXEC_17_30;1708141.0;1.6230203069699999E7;0.09358207860654483;0.017793264849044182;0.1687765259515279;0.18716415721308965
S_MG_NSGAII_EXEC_17_31;1707022.0;1.7259109686499994E7;0.086208908938907;0.018436706658961466;0.17947603991116765;0.172417817877814
S_MG_NSGAII_EXEC_17_32;1707017.0;1.70855302444E7;0.08620852851251765;0.018439581734072803;0.17767100179251746;0.1724170570250353
S_MG_NSGAII_EXEC_17_37;1702335.0;1.6711864649899995E7;0.08547969124513158;0.021131802068329035;0.1737852844890131;0.17095938249026316
S_MG_NSGAII_EXEC_17_50;1680165.0;1.6237488828299996E7;0.08386784108571689;0.03387988511199855;0.16885228994660226;0.16773568217143378
S_MG_NSGAII_EXEC_17_53;1678680.0;1.6447298101400005E7;0.0768830076896441;0.03473378242006572;0.1710340790514067;0.1537660153792882
S_MG_NSGAII_EXEC_17_54;1673700.0;1.60342102003E7;0.07891458189625103;0.03759735723095766;0.1667384124746634;0.15782916379250206
S_MG_NSGAII_EXEC_17_93;1425720.0;1205059.1406999996;0.47905267626945514;0.18018958245284158;0.012531309340988965;0.9581053525389103
S_MG_NSGAII_EXEC_17_94;1419193.0;1100250.8483999996;0.4760449900883773;0.18394270550318126;0.011441416664394547;0.9520899801767546
S_MG_NSGAII_EXEC_17_98;1404046.0;849416.2096999997;0.4726837409563282;0.19265245804546643;0.008833008209719852;0.9453674819126564
S_MG_NSGAII_EXEC_17_100;1391857.0;0.0;0.44478905795681023;0.19966131615188445;0.0;0.8895781159136205
S_MG_NSGAII_EXEC_17_101;1386063.0;0.0;0.4419831400125183;0.2029929531909021;0.0;0.8839662800250366
S_MG_NSGAII_EXEC_18_1;1731346.0;1.3146137732000012E7;0.13905321066801146;0.0044500412573278475;0.13670558812843442;0.2781064213360229
S_MG_NSGAII_EXEC_18_4;1730607.0;1.2925672788400004E7;0.14689344510693886;0.0048749773587834985;0.13441299159620898;0.2937868902138777
S_MG_NSGAII_EXEC_18_5;1729854.0;1.312903645800001E7;0.13498337517472647;0.005307963670550893;0.13652775340864254;0.26996675034945294
S_MG_NSGAII_EXEC_18_6;1729023.0;1.2631128424E7;0.15786460136133118;0.00578580115405515;0.13135004935521874;0.31572920272266236
S_MG_NSGAII_EXEC_18_7;1728393.0;1.2546366781400003E7;0.161701075799686;0.006148060618083647;0.13046862011428215;0.323402151599372
S_MG_NSGAII_EXEC_18_8;1727216.0;1.2468243516800001E7;0.16839459302320017;0.006824853299292444;0.12965622281163866;0.33678918604640035
S_MG_NSGAII_EXEC_18_9;1727130.0;1.2455715337500002E7;0.17163148425682817;0.006874304591207445;0.1295259433216242;0.34326296851365634
S_MG_NSGAII_EXEC_18_10;1725454.0;1.2355941607000005E7;0.1769787954355453;0.007838029768527703;0.128488404632632;0.3539575908710906
S_MG_NSGAII_EXEC_18_11;1725157.0;1.2335020418700002E7;0.1751131982582632;0.008008809230141137;0.12827084694312632;0.3502263965165264
S_MG_NSGAII_EXEC_18_12;1724124.0;1.22032707953E7;0.1821577188878547;0.00860279974814342;0.1269007936149343;0.3643154377757094
S_MG_NSGAII_EXEC_18_13;1723573.0;1.2137335166500002E7;0.18421963312236414;0.00891963302541279;0.12621513451889574;0.3684392662447283
S_MG_NSGAII_EXEC_18_14;1723072.0;1.2127471840400003E7;0.18802616024457403;0.009207715551568785;0.1261125666147028;0.37605232048914805
S_MG_NSGAII_EXEC_18_15;1722274.0;1.19628869204E7;0.19480958791434233;0.009666577539338216;0.12440106178002396;0.38961917582868466
S_MG_NSGAII_EXEC_18_17;1721871.0;1.1915898939599998E7;0.1980951975679303;0.009898308593312;0.12391243769276859;0.3961903951358606
S_MG_NSGAII_EXEC_18_20;1719060.0;1.1752573729299998E7;0.20705231300728583;0.011514675820905821;0.12221403247403179;0.41410462601457165
S_MG_NSGAII_EXEC_18_22;1715938.0;1.1653023688099999E7;0.20918014997713538;0.01330987272042482;0.12117881991138467;0.41836029995427076
S_MG_NSGAII_EXEC_18_26;1713457.0;1.1430722889299998E7;0.22224196834530663;0.014736484990670382;0.11886713247429043;0.44448393669061326
S_MG_NSGAII_EXEC_18_30;1706826.0;1.1290053178199999E7;0.2343212873124502;0.01854940960332589;0.11740431989923485;0.4686425746249004
S_MG_NSGAII_EXEC_18_31;1706478.0;1.1104638877999999E7;0.24726357452712533;0.01874951483107496;0.1154762120798132;0.49452714905425066
S_MG_NSGAII_EXEC_18_39;1695314.0;1.0654271693999996E7;0.27451550841574;0.025168982539668847;0.11079288135427239;0.54903101683148
S_MG_NSGAII_EXEC_18_43;1690666.0;1.0599395429299999E7;0.2770370131781905;0.027841652363167987;0.11022222766167918;0.554074026356381
S_MG_NSGAII_EXEC_18_44;1689883.0;1.0529570302099995E7;0.2805128647611858;0.028291889125603407;0.10949612199668345;0.5610257295223716
S_MG_NSGAII_EXEC_18_75;1646421.0;9339373.060600001;0.3624798095333814;0.05328319202339161;0.09711936030400466;0.7249596190667628
S_MG_NSGAII_EXEC_18_89;1627144.0;8942057.266000004;0.37920148910408746;0.06436775660764138;0.09298770654525118;0.7584029782081749
S_MG_NSGAII_EXEC_18_92;1620630.0;8868065.030900005;0.3870740208011642;0.06811340446269158;0.09221826747329769;0.7741480416023284
S_MG_NSGAII_EXEC_18_93;1620000.0;8783303.388300005;0.38814139852298046;0.06847566392672008;0.09133683823236106;0.7762827970459609
S_MG_NSGAII_EXEC_18_95;1618774.0;1.3589706729699997E7;0.13132638491770535;0.06918063234401998;0.1413182250825196;0.2626527698354107
S_MG_NSGAII_EXEC_18_99;1613754.0;1.3437702112399999E7;0.12701296155872388;0.07206720775580262;0.13973754176473782;0.25402592311744776
S_MG_NSGAII_EXEC_18_101;1611713.0;8717863.772500006;0.39103590405077143;0.0732408134162505;0.09065633713407563;0.7820718081015429
S_MG_NSGAII_EXEC_18_102;1610310.0;8625309.408800004;0.39457415750255675;0.07404755949249174;0.08969387203737555;0.7891483150051135
S_MG_NSGAII_EXEC_18_108;1602688.0;1.3098045173199998E7;0.14209501754548426;0.0784303239922143;0.1362054776268265;0.2841900350909685
S_MG_NSGAII_EXEC_18_109;1597299.0;5790147.636600003;0.4609629221819986;0.08152907994721362;0.06021126160005968;0.9219258443639972
S_MG_NSGAII_EXEC_18_115;1584644.0;5439595.524300005;0.46187773291199796;0.08880589505400828;0.05656589946719654;0.9237554658239959
S_MG_NSGAII_EXEC_18_121;1563056.0;4822886.640700001;0.48132158032871697;0.10121931935471815;0.050152795302666954;0.9626431606574339
S_MG_NSGAII_EXEC_18_125;1552753.0;4327132.214200001;0.4861690859970716;0.10714369912913975;0.044997486433736786;0.9723381719941432
S_MG_NSGAII_EXEC_18_126;1551489.0;3940823.0664000004;0.49150523303662413;0.10787051811728582;0.04098028987562961;0.9830104660732483
S_MG_NSGAII_EXEC_18_127;1550523.0;3880687.8171000006;0.4918887161802292;0.10842598262879617;0.04035494844148385;0.9837774323604584
S_MG_NSGAII_EXEC_18_128;1548614.0;3826563.322299999;0.49226073293759703;0.10952368630630475;0.03979211234128251;0.9845214658751941
S_MG_NSGAII_EXEC_18_129;1547687.0;3821870.9320999994;0.49214894931356884;0.11005672523194668;0.03974331656756582;0.9842978986271377
S_MG_NSGAII_EXEC_18_151;1437454.0;4719924.553100003;0.4775395303870811;0.17344235618155524;0.049082101154527394;0.9550790607741622
S_MG_NSGAII_EXEC_18_152;1423110.0;4713285.493600002;0.4734306780329188;0.18169037166095964;0.04901306212937264;0.9468613560658375
S_MG_NSGAII_EXEC_18_159;1396736.0;0.0;0.4472952510560427;0.19685581785824155;0.0;0.8945905021120854
S_MG_NSGAII_EXEC_18_161;1384758.0;0.0;0.44095283211667435;0.20374334779496114;0.0;0.8819056642333487
S_MG_NSGAII_EXEC_18_164;1361257.0;0.0;0.42976128276791536;0.21725677583326863;0.0;0.8595225655358307
S_MG_NSGAII_EXEC_18_165;1356709.0;0.0;0.42765950935793423;0.21987194415454103;0.0;0.8553190187158685
S_MG_NSGAII_EXEC_18_166;1352790.0;0.0;0.4257930155554564;0.2221254280268072;0.0;0.8515860311109128
S_MG_NSGAII_EXEC_18_167;1346729.0;0.0;0.42287942877748036;0.22561059407677025;0.0;0.8457588575549607
S_MG_NSGAII_EXEC_18_168;1340715.0;0.0;0.4203652869613332;0.22906873442068673;0.0;0.8407305739226664
S_MG_NSGAII_EXEC_18_169;1339856.0;0.0;0.41989326120529935;0.22956267232481448;0.0;0.8397865224105987
S_MG_NSGAII_EXEC_18_175;1306625.0;0.0;0.40483872914009766;0.24867099652978433;0.0;0.8096774582801953
S_MG_NSGAII_EXEC_19_112;1420500.0;1127842.3277999996;0.478067625138536;0.18319116086907772;0.011728338153854458;0.956135250277072
S_MG_NSGAII_EXEC_19_113;1419351.0;1122207.2301999996;0.4782640283614678;0.183851853129663;0.011669739244633087;0.9565280567229356
S_MG_NSGAII_EXEC_20_103;1428675.0;1258301.4216;0.48136245765239566;0.17849041306204125;0.013084971372538862;0.9627249153047913
S_MG_NSGAII_EXEC_21_24;1708422.0;1.1219344971899994E7;0.24147450117101474;0.017631685627787025;0.11666903116844514;0.4829490023420295
S_MG_NSGAII_EXEC_21_27;1704897.0;1.1085344023399998E7;0.24571748018576708;0.01965861358127981;0.11527556649860002;0.49143496037153417
S_MG_NSGAII_EXEC_21_32;1699722.0;1.0810229472499996E7;0.2659166315386026;0.0226343163215139;0.11241467326515045;0.5318332630772052
S_MG_NSGAII_EXEC_21_33;1698698.0;1.0763721703299996E7;0.2639769235580521;0.023223131704315777;0.11193104285820961;0.5279538471161042
S_MG_NSGAII_EXEC_21_35;1696534.0;1.0705230260499999E7;0.2695991221678277;0.02446746421250255;0.111322795230544;0.5391982443356554
S_MG_NSGAII_EXEC_21_37;1695092.0;1.0662426151199996E7;0.2714140369481511;0.025296635874612224;0.11087767887352251;0.5428280738963022
S_MG_NSGAII_EXEC_21_40;1692552.0;1.0561847446199998E7;0.28023884886073486;0.026757174031171563;0.10983176932194738;0.5604776977214697
S_MG_NSGAII_EXEC_21_47;1683919.0;1.0209872109199995E7;0.29904745772673147;0.03172127871840652;0.10617160719431623;0.5980949154534629
S_MG_NSGAII_EXEC_21_51;1681791.0;1.01057633943E7;0.3081983776185276;0.03294491068579167;0.10508898936466612;0.6163967552370552
S_MG_NSGAII_EXEC_21_56;1678734.0;9950964.551100003;0.32457186937513727;0.03470273160886328;0.10347924912516251;0.6491437387502745
S_MG_NSGAII_EXEC_21_61;1669071.0;9742190.310500002;0.3300541754017378;0.04025910176903372;0.10130822323686549;0.6601083508034756
S_MG_NSGAII_EXEC_21_70;1654874.0;1.45335413788E7;0.11224283185736325;0.0484225900401648;0.1511330827564305;0.2244856637147265
S_MG_NSGAII_EXEC_21_73;1647758.0;1.5551162890999999E7;0.07488776036498261;0.05251439693862002;0.1617152438560224;0.14977552072996522
S_MG_NSGAII_EXEC_21_74;1647271.0;1.48380209157E7;0.08730567735022142;0.05279442925446427;0.15429934002632567;0.17461135470044284
S_MG_NSGAII_EXEC_21_80;1634045.0;1.4589122587600006E7;0.08072597711099483;0.06039957793897366;0.15171106710383309;0.16145195422198966
S_MG_NSGAII_EXEC_21_81;1630436.0;1.4363349538599998E7;0.09013409508928816;0.062474807154336905;0.14936327202695918;0.18026819017857632
S_MG_NSGAII_EXEC_21_83;1627658.0;1.46559930497E7;0.07558427067244917;0.0640721988861959;0.15240644745326815;0.15116854134489835
S_MG_NSGAII_EXEC_21_90;1616050.0;1.4054461282899998E7;0.09764043931909194;0.07074697326467654;0.1461511688585398;0.19528087863818389
S_MG_NSGAII_EXEC_21_92;1614564.0;1.3971087203300001E7;0.1138293541975396;0.07160144558776597;0.1452841687693318;0.2276587083950792
S_MG_NSGAII_EXEC_21_95;1608991.0;1.4175854153899994E7;0.08993098800797014;0.07480600430686252;0.14741352318366285;0.17986197601594028
S_MG_NSGAII_EXEC_21_99;1600667.0;5921887.9665;0.453528784710462;0.07959242935221683;0.061581218285921446;0.907057569420924
S_MG_NSGAII_EXEC_21_100;1598949.0;5819145.2783;0.4545360687500498;0.08058030516047232;0.060512805653815206;0.9090721375000996
S_MG_NSGAII_EXEC_21_101;1598798.0;5815953.2146000005;0.45453606875004987;0.0806671324288347;0.06047961165004407;0.9090721375000997
S_MG_NSGAII_EXEC_21_102;1595703.0;5670745.374000001;0.4576630499534217;0.08244680392275248;0.05896960744540511;0.9153260999068434
S_MG_NSGAII_EXEC_21_103;1588172.0;5346340.5759;0.46251158644107676;0.08677724205544869;0.05559614904872363;0.9250231728821535
S_MG_NSGAII_EXEC_21_104;1587727.0;5313863.2454;0.4639295605353595;0.08703312374035772;0.05525842000180845;0.927859121070719
S_MG_NSGAII_EXEC_21_105;1586366.0;5282145.426100001;0.46336465856618564;0.08781571918566372;0.054928589048417235;0.9267293171323713
S_MG_NSGAII_EXEC_21_106;1585587.0;5246896.854700001;0.4642760504336839;0.08826365588801008;0.0545620420988752;0.9285521008673678
S_MG_NSGAII_EXEC_21_107;1581426.0;5243208.209600001;0.4655060243219664;0.09065629339566496;0.054523684186606775;0.9310120486439328
S_MG_NSGAII_EXEC_21_108;1568218.0;5082488.4359;0.4687632228608967;0.09825109180977352;0.05285237268543138;0.9375264457217934
S_MG_NSGAII_EXEC_21_109;1559181.0;4351360.0951999985;0.4855376140359089;0.10344750256600453;0.04524943014440917;0.9710752280718178
S_MG_NSGAII_EXEC_21_110;1556454.0;4119030.739499999;0.48785803043301273;0.10501556853172789;0.04283345658183517;0.9757160608660255
S_MG_NSGAII_EXEC_21_112;1554218.0;4112310.163499999;0.48809704191855297;0.10630130212151792;0.04276356987340631;0.9761940838371059
S_MG_NSGAII_EXEC_21_113;1552117.0;3973926.5512999985;0.48808563091060647;0.10750940868330185;0.041324530249845316;0.9761712618212129
S_MG_NSGAII_EXEC_21_114;1546207.0;3925133.611899999;0.4909176667045542;0.11090774746490252;0.040817136548883595;0.9818353334091084
S_MG_NSGAII_EXEC_21_117;1542671.0;3832343.7091999985;0.49111594809420445;0.11294100058364025;0.03985222210179801;0.9822318961884089
S_MG_NSGAII_EXEC_21_118;1542456.0;3715727.459999998;0.49153118780753896;0.11306462881342776;0.038639539467763814;0.9830623756150779
S_MG_NSGAII_EXEC_21_120;1538360.0;3592120.1621999987;0.4922729097142049;0.11541989034463525;0.03735415750332697;0.9845458194284098
S_MG_NSGAII_EXEC_21_122;1537493.0;3476677.528299998;0.49334004422361605;0.11591842836894115;0.03615367919676094;0.9866800884472321
S_MG_NSGAII_EXEC_21_123;1535292.0;3501953.503199998;0.4932998270254127;0.1171840364329518;0.036416521948348206;0.9865996540508254
S_MG_NSGAII_EXEC_21_124;1533344.0;3435142.401599998;0.4938154329567698;0.11830416569632882;0.03572175888379396;0.9876308659135395
S_MG_NSGAII_EXEC_21_129;1518786.0;6259617.057999998;0.4437499686842375;0.12667523439049846;0.06509323489664084;0.887499937368475
S_MG_NSGAII_EXEC_21_136;1489029.0;7263794.8779;0.42040262766393716;0.14378595640811115;0.07553559616300755;0.8408052553278743
S_MG_NSGAII_EXEC_21_137;1485627.0;7932185.845599998;0.4121998545115362;0.14574215751386504;0.08248613800289291;0.8243997090230724
S_MG_NSGAII_EXEC_21_138;1466833.0;7687539.310600001;0.4135302477109642;0.15654898984235963;0.07994207912167883;0.8270604954219284
S_MG_NSGAII_EXEC_21_139;1464951.0;6769080.088599999;0.42822220907160696;0.15763116811426697;0.07039109839447535;0.8564444181432139
S_MG_NSGAII_EXEC_21_141;1420140.0;1255071.6702999999;0.4774000847279889;0.183398166277094;0.013051385458563509;0.9548001694559778
S_MG_NSGAII_EXEC_21_142;1417896.0;1030181.9596999997;0.47710080951796513;0.18468849998706216;0.010712776143922683;0.9542016190359303
S_MG_NSGAII_EXEC_21_143;1415578.0;1047143.7563999997;0.4764045210835302;0.18602138480867814;0.010889160450922917;0.9528090421670604
S_MG_NSGAII_EXEC_21_144;1412537.0;884929.3765999997;0.47456707300640705;0.18777000549139347;0.00920230666576373;0.9491341460128141
S_MG_NSGAII_EXEC_21_145;1406906.0;794739.8726999998;0.4731681389333384;0.1910079150817815;0.008264433548578197;0.9463362778666768
S_MG_NSGAII_EXEC_22_36;1701966.0;1.349137002060001E7;0.1330573139406785;0.021343982611545728;0.14029562985902627;0.266114627881357
S_MG_NSGAII_EXEC_22_38;1699119.0;1.0748818667900003E7;0.2703333211408188;0.022981050379941175;0.11177606743799204;0.5406666422816376
S_MG_NSGAII_EXEC_22_39;1698524.0;1.0692610363200001E7;0.27213691867696865;0.02332318431819031;0.11119156197270912;0.5442738373539373
S_MG_NSGAII_EXEC_22_41;1697270.0;1.4539443692300009E7;0.11695946109407764;0.024044253156113703;0.15119446042147452;0.23391892218815527
S_MG_NSGAII_EXEC_22_43;1696686.0;1.0586324444600001E7;0.2791856141858301;0.0243800619291179;0.1100863035836527;0.5583712283716602
S_MG_NSGAII_EXEC_22_46;1694455.0;1.0495324044800002E7;0.2859837970318236;0.025662920443796595;0.10913999802774028;0.5719675940636472
S_MG_NSGAII_EXEC_22_49;1691924.0;1.04845200941E7;0.28260702239699215;0.02711828346515553;0.10902764864690585;0.5652140447939843
S_MG_NSGAII_EXEC_22_50;1691430.0;1.0409338566900002E7;0.2876462959803289;0.02740234088615565;0.10824584222575055;0.5752925919606579
S_MG_NSGAII_EXEC_22_51;1689452.0;1.4099980843600003E7;0.12186743676720938;0.028539720600200682;0.14662452296783798;0.24373487353441875
S_MG_NSGAII_EXEC_22_52;1687875.0;1.0336997241899999E7;0.28945351036119726;0.02944651929031646;0.10749357083002016;0.5789070207223945
S_MG_NSGAII_EXEC_22_53;1687551.0;1.2775177141699994E7;0.15714822115219285;0.029632824157531115;0.13284799993764645;0.3142964423043857
S_MG_NSGAII_EXEC_22_55;1685644.0;1.02459968421E7;0.29589630541713713;0.030729377804995156;0.10654726527410774;0.5917926108342743
S_MG_NSGAII_EXEC_22_56;1683343.0;1.0160230715000002E7;0.30212900025271083;0.03205248737123257;0.10565539048276401;0.6042580005054217
S_MG_NSGAII_EXEC_22_57;1683113.0;1.0251939201999998E7;0.2926897055124023;0.032184740826354086;0.10660905937832;0.5853794110248046
S_MG_NSGAII_EXEC_22_58;1681570.0;1.0084277499900002E7;0.30962207412797527;0.033071989005712774;0.1048655593435986;0.6192441482559505
S_MG_NSGAII_EXEC_22_59;1680882.0;1.0156820424500002E7;0.2990231428819016;0.033467599341032786;0.10561992715672898;0.5980462857638033
S_MG_NSGAII_EXEC_22_60;1679599.0;9996365.4602;0.3066522577256564;0.03420534361460193;0.10395136938638365;0.6133045154513128
S_MG_NSGAII_EXEC_22_61;1678581.0;1.0042894878700001E7;0.305153136277673;0.0347907089072702;0.10443522492258675;0.610306272555346
S_MG_NSGAII_EXEC_22_62;1677368.0;9905365.060400005;0.3125460853860613;0.035488202129280624;0.10300506383047127;0.6250921707721226
S_MG_NSGAII_EXEC_22_63;1674863.0;9858836.17990001;0.31518400158681836;0.0369286147600606;0.10252121388888527;0.6303680031736367
S_MG_NSGAII_EXEC_22_64;1671619.0;9750310.720400007;0.32920650279335656;0.03879396349229624;0.10139266670108708;0.6584130055867131
S_MG_NSGAII_EXEC_22_65;1671552.0;9824562.261200003;0.3196404525598173;0.038832489498788154;0.10216480227135405;0.6392809051196346
S_MG_NSGAII_EXEC_22_66;1671114.0;9787694.931600006;0.32220255573595746;0.039084346078541304;0.10178142199051124;0.6444051114719149
S_MG_NSGAII_EXEC_22_67;1669774.0;9758829.626300005;0.3278741081878475;0.03985486620837969;0.10148125409192471;0.655748216375695
S_MG_NSGAII_EXEC_22_68;1666791.0;9624844.304900007;0.33444191848015825;0.04157013601980352;0.10008795192698708;0.6688838369603165
S_MG_NSGAII_EXEC_22_69;1666352.0;9698518.514000008;0.3249122471410116;0.04182256761457893;0.10085408387313248;0.6498244942820232
S_MG_NSGAII_EXEC_22_70;1664855.0;1.26826514715E7;0.15171591696497466;0.04268336510291331;0.1318858332222561;0.3034318339299493
S_MG_NSGAII_EXEC_22_71;1663253.0;1.2483728496200003E7;0.15342914033606167;0.04360453916858578;0.12981724981890033;0.30685828067212334
S_MG_NSGAII_EXEC_22_73;1660751.0;9587233.871000009;0.33311804298045294;0.045043226754298955;0.09969684416660286;0.6662360859609059
S_MG_NSGAII_EXEC_22_75;1657919.0;9665904.678500006;0.3308168194459274;0.04667166929736039;0.10051493532212506;0.6616336388918548
S_MG_NSGAII_EXEC_22_78;1649935.0;1.22005286263E7;0.17226887862668575;0.05126258923514377;0.12687227802856707;0.3445377572533715
S_MG_NSGAII_EXEC_22_79;1648043.0;1.2150088638599996E7;0.1573405471878118;0.0523505176572738;0.12634775680991778;0.3146810943756236
S_MG_NSGAII_EXEC_22_83;1641154.0;1.1972196631799994E7;0.19042066636713492;0.0563117961456743;0.12449787269119708;0.38084133273426984
S_MG_NSGAII_EXEC_22_86;1639049.0;1.2059236796599997E7;0.17437772364742649;0.057522202767547305;0.12540299609415795;0.34875544729485297
S_MG_NSGAII_EXEC_22_89;1635679.0;1.1456988516699987E7;0.22014843786581015;0.05946000339258863;0.11914026653955566;0.4402968757316203
S_MG_NSGAII_EXEC_22_92;1630311.0;1.1624720218500001E7;0.21129728791138697;0.06254668403212034;0.12088449449531022;0.42259457582277393
S_MG_NSGAII_EXEC_22_94;1629623.0;8893657.709400006;0.3930899737339672;0.06294229436744035;0.0924844035991659;0.7861799474679344
S_MG_NSGAII_EXEC_22_97;1624861.0;8804481.291800007;0.3948392329191472;0.06568051590347798;0.09155706548178716;0.7896784658382944
S_MG_NSGAII_EXEC_22_99;1623430.0;1.0868159434600003E7;0.25608708034322053;0.06650336240034271;0.11301708210191946;0.5121741606864411
S_MG_NSGAII_EXEC_22_101;1618873.0;1.0967938418500002E7;0.24810764263272933;0.06912370585681551;0.11405467542057944;0.49621528526545866
S_MG_NSGAII_EXEC_22_102;1617728.0;1.1070162417099994E7;0.23711782176413937;0.06978209805731175;0.11511769424286329;0.47423564352827874
S_MG_NSGAII_EXEC_22_104;1611846.0;6416962.833600004;0.4447239055401306;0.07316433641828893;0.06672946047341723;0.8894478110802612
S_MG_NSGAII_EXEC_22_105;1610648.0;6254906.407000005;0.4492867509551514;0.07385320441496535;0.06504424923039043;0.8985735019103028
S_MG_NSGAII_EXEC_22_106;1607440.0;7993284.2502000015;0.4267932252363232;0.07569785260639934;0.08312149520854739;0.8535864504726464
S_MG_NSGAII_EXEC_22_107;1606886.0;7884534.177000001;0.4270032793168115;0.07601641092873551;0.08199061228164575;0.854006558633623
S_MG_NSGAII_EXEC_22_110;1601387.0;5796834.246600004;0.45580615845007166;0.07917841853618426;0.06028079509889185;0.9116123169001433
S_MG_NSGAII_EXEC_22_117;1579101.0;5239966.153400004;0.46610473622840176;0.0919932033224368;0.05448997031500424;0.9322094724568035
S_MG_NSGAII_EXEC_22_119;1573790.0;7434879.413700002;0.4217210010347878;0.09504710810569926;0.07731468995945306;0.8434420020695756
S_MG_NSGAII_EXEC_22_121;1565958.0;6921684.992700002;0.4299468902052071;0.09955062576009799;0.07197802404454613;0.8598937804104142
S_MG_NSGAII_EXEC_22_122;1557826.0;6789380.637700001;0.42831840772790664;0.10422664792117695;0.07060220210878458;0.8566368154558133
S_MG_NSGAII_EXEC_22_123;1557332.0;6640237.395100003;0.4352998613555929;0.10451070534217706;0.06905127398748666;0.8705997227111858
S_MG_NSGAII_EXEC_22_124;1550506.0;4097879.2310999995;0.48788087337129954;0.10843575788417473;0.04261350381284911;0.9757617467425991
S_MG_NSGAII_EXEC_22_125;1550258.0;7226336.831600002;0.4256668965092977;0.10857836160969705;0.07514607306854623;0.8513337930185954
S_MG_NSGAII_EXEC_22_126;1549070.0;4101484.0945999986;0.48759101221708917;0.10926147945615079;0.042650990487257706;0.9751820244341783
S_MG_NSGAII_EXEC_22_127;1548163.0;3850016.174299999;0.4920761562130125;0.10978301808134737;0.04003599659012503;0.984152312426025
S_MG_NSGAII_EXEC_22_135;1540791.0;6490114.718900002;0.43832627622850384;0.11402202882550307;0.0674901608179981;0.8766525524570077
S_MG_NSGAII_EXEC_22_136;1538802.0;7094840.876600005;0.42664473298461814;0.11516573370479304;0.07377865761685601;0.8532894659692363
S_MG_NSGAII_EXEC_22_138;1535697.0;6487706.3894000035;0.43565513387629157;0.1169511553489335;0.0674651168007045;0.8713102677525831
S_MG_NSGAII_EXEC_22_139;1534273.0;6479532.126800003;0.4363010180717956;0.11776997674064235;0.06738011332675418;0.8726020361435912
S_MG_NSGAII_EXEC_22_140;1533490.0;5721336.278300002;0.45413090791112254;0.11822021350307776;0.05949569803317113;0.9082618158222451
S_MG_NSGAII_EXEC_22_142;1530362.0;4645140.910100002;0.48101540928672293;0.12001886049273038;0.048304432297931084;0.9620308185734459
S_MG_NSGAII_EXEC_22_146;1522157.0;3261767.1091999994;0.4952993720165306;0.12473685875043486;0.03391884370082065;0.9905987440330613
S_MG_NSGAII_EXEC_22_147;1516379.0;6177351.245500004;0.445651754801623;0.12805929554909623;0.06423775958442804;0.891303509603246
S_MG_NSGAII_EXEC_22_148;1513484.0;4576665.397000001;0.47939706914405517;0.1297239640385605;0.047592361157222915;0.9587941382881103
S_MG_NSGAII_EXEC_22_149;1506639.0;4547087.2924;0.47869799857010653;0.13365994186598124;0.04728478091825851;0.9573959971402131
S_MG_NSGAII_EXEC_22_151;1484369.0;4478495.545100002;0.47914231567605575;0.14646552641187752;0.046571501067814054;0.9582846313521115
S_MG_NSGAII_EXEC_22_166;1355890.0;0.0;0.4275339256567615;0.22034288145777808;0.0;0.855067851313523
S_MG_NSGAII_EXEC_22_168;1344066.0;0.0;0.42173128568854656;0.2271418590810685;0.0;0.8434625713770931
S_MG_NSGAII_EXEC_22_169;1337124.0;0.0;0.4194805486574674;0.23113361336564917;0.0;0.8389610973149348
S_MG_NSGAII_EXEC_22_170;1331248.0;0.0;0.4156361129761675;0.23451240163649276;0.0;0.831272225952335
S_MG_NSGAII_EXEC_22_171;1330004.0;0.0;0.4148530122397075;0.23522772032419348;0.0;0.829706024479415
S_MG_NSGAII_EXEC_22_174;1315737.0;0.0;0.4084130438094769;0.24343145964688329;0.0;0.8168260876189538
S_MG_NSGAII_EXEC_22_175;1311234.0;0.0;0.40591585648420214;0.24602075229215364;0.0;0.8118317129684043
S_MG_NSGAII_EXEC_22_176;1306168.0;0.0;0.4033725476223842;0.24893377839496056;0.0;0.8067450952447685
S_MG_NSGAII_EXEC_22_189;1248598.0;0.0;0.37738190882586037;0.282037393226898;0.0;0.7547638176517207
S_MG_NSGAII_EXEC_22_191;1240591.0;0.0;0.3743102729320797;0.2866415385101936;0.0;0.7486205458641594
S_MG_NSGAII_EXEC_22_193;1232372.0;0.0;0.37012313081857046;0.2913675869782098;0.0;0.7402462616371409
S_MG_NSGAII_EXEC_22_198;1209001.0;0.0;0.36066506444503443;0.3048062630636225;0.0;0.7213301288900689
S_MG_NSGAII_EXEC_22_203;1188874.0;0.0;0.35380108881323946;0.31637959041679964;0.0;0.7076021776264789
S_MG_NSGAII_EXEC_22_204;1184008.0;0.0;0.35263046311417084;0.31917761351515306;0.0;0.7052609262283417
S_MG_NSGAII_EXEC_23_1;1736513.0;2.047353042130002E7;0.07627051858233319;0.0014789386372718988;0.2129025326196248;0.15254103716466638
S_MG_NSGAII_EXEC_23_115;1416077.0;1077535.6373999997;0.47622608801057326;0.18573445231256666;0.011205203082693084;0.9524521760211465
S_MG_NSGAII_EXEC_24_34;1705394.0;1.1072292772600008E7;0.25465600007322803;0.019372831115212884;0.1151398476317513;0.5093120001464561
S_MG_NSGAII_EXEC_24_38;1699183.0;1.07860220178E7;0.2698078569029718;0.02294424941851606;0.11216294196586549;0.5396157138059436
S_MG_NSGAII_EXEC_24_42;1695131.0;1.0646806691500003E7;0.2743733594229586;0.025274210288743795;0.11071525341685486;0.5487467188459172
S_MG_NSGAII_EXEC_24_43;1693919.0;1.05732282392E7;0.27789236730732647;0.02597112849573195;0.10995011723767369;0.5557847346146529
S_MG_NSGAII_EXEC_24_44;1692448.0;1.04944422859E7;0.28305245716950406;0.02681697559348738;0.10913082869059583;0.5661049143390081
S_MG_NSGAII_EXEC_24_45;1688502.0;1.04241421316E7;0.28641688788505526;0.029085984871354765;0.10839978325846805;0.5728337757701105
S_MG_NSGAII_EXEC_24_46;1688211.0;1.0388692205500005E7;0.28807721300062733;0.029253314242834595;0.10803114243822068;0.5761544260012547
S_MG_NSGAII_EXEC_24_47;1686740.0;1.0309906252200006E7;0.29297359817775176;0.030099161340590024;0.10721185389114281;0.5859471963555035
S_MG_NSGAII_EXEC_24_89;1634421.0;1.3220810168500002E7;0.1341905559120795;0.06018337229060109;0.13748210055792662;0.268381111824159
S_MG_NSGAII_EXEC_24_94;1611758.0;6266899.098899997;0.4445980145936043;0.07321493774024847;0.06516896023166349;0.8891960291872086
S_MG_NSGAII_EXEC_24_95;1611103.0;6543703.527299996;0.4417180358774099;0.07359157257983365;0.06804742636007367;0.8834360717548198
S_MG_NSGAII_EXEC_24_96;1609489.0;6800296.024999997;0.4384807323361735;0.07451964682577332;0.07071571030951362;0.876961464672347
S_MG_NSGAII_EXEC_24_97;1604665.0;5977861.297699999;0.45260595248457064;0.07729351929319153;0.06216328028140606;0.9052119049691413
S_MG_NSGAII_EXEC_24_98;1603699.0;7105019.233399997;0.4346851487732952;0.0778489838047019;0.07388450149898247;0.8693702975465905
S_MG_NSGAII_EXEC_24_100;1595237.0;5850764.577499998;0.45253441405529443;0.08271476092312911;0.06084161210491626;0.9050688281105889
S_MG_NSGAII_EXEC_24_101;1591178.0;5535140.858000002;0.4593318388432086;0.08504874689851272;0.05755946741107951;0.9186636776864172
S_MG_NSGAII_EXEC_24_102;1586494.0;5456781.575900001;0.46130237377923033;0.08774211726281349;0.056744615782168974;0.9226047475584607
S_MG_NSGAII_EXEC_24_104;1583182.0;5414221.3939000005;0.4614725800218177;0.0896465670165633;0.05630203600476402;0.9229451600436354
S_MG_NSGAII_EXEC_24_105;1582770.0;5394334.007000001;0.462214594207146;0.0898834732057375;0.05609522872965962;0.924429188414292
S_MG_NSGAII_EXEC_24_109;1570585.0;7072020.524899999;0.4351693674638475;0.09689003125206647;0.07354135068579798;0.870338734927695
S_MG_NSGAII_EXEC_24_110;1569882.0;5126739.8534;0.46677907507724087;0.09729426681272048;0.053312539479525516;0.9335581501544817
S_MG_NSGAII_EXEC_24_111;1561919.0;4378287.3143;0.48649606767533426;0.10187311143503625;0.04552944404649757;0.9729921353506685
S_MG_NSGAII_EXEC_24_114;1542572.0;3756665.5923000006;0.491143117316785;0.11299792707084473;0.039065251685834426;0.98228623463357
S_MG_NSGAII_EXEC_24_117;1540229.0;3664615.9102000007;0.4922729097142049;0.11434518726801737;0.03810803473093482;0.9845458194284098
S_MG_NSGAII_EXEC_24_119;1533143.0;7461231.580299998;0.41823990131817407;0.11841974371580458;0.07758872393863023;0.8364798026363481
S_MG_NSGAII_EXEC_24_121;1524945.0;7233830.3597;0.4226877518248947;0.12313371686835319;0.07522399764129535;0.8453755036497894
S_MG_NSGAII_EXEC_24_122;1520137.0;7267660.598699998;0.4209621238010385;0.12589838909541512;0.07557579547068845;0.841924247602077
S_MG_NSGAII_EXEC_24_123;1510281.0;7542548.227099997;0.4153922590507366;0.13156573715488318;0.07843432895601618;0.8307845181014732
S_MG_NSGAII_EXEC_24_124;1502270.0;7968276.996199996;0.41376284045562195;0.13617218249826776;0.0828614468631519;0.8275256809112439
S_MG_NSGAII_EXEC_24_127;1453767.0;3997923.949600001;0.4872182507461692;0.16406213612330622;0.04157407719017355;0.9744365014923384
S_MG_NSGAII_EXEC_24_137;1395549.0;0.0;0.44656326127128226;0.197538360689673;0.0;0.8931265225425645
S_MG_NSGAII_EXEC_25_1;1736256.0;1.6760446484600015E7;0.09192079884078642;0.001626717497994635;0.17429048292983412;0.18384159768157285
S_MG_NSGAII_EXEC_25_2;1735952.0;1.5753222262899997E7;0.09685362561159705;0.0018015220647639419;0.1638164423856265;0.1937072512231941
S_MG_NSGAII_EXEC_25_3;1735228.0;1.557063376039999E7;0.10260835824143344;0.0022178329408855807;0.1619177198004375;0.20521671648286688
S_MG_NSGAII_EXEC_25_5;1733415.0;1.5474330555999996E7;0.0983757395544453;0.0032603351762564795;0.16091627082245308;0.1967514791088906
S_MG_NSGAII_EXEC_25_35;1695082.0;1.696502779969999E7;0.08023418441634379;0.025302386024834898;0.1764179069361073;0.16046836883268759
S_MG_NSGAII_EXEC_25_39;1692089.0;1.63200404158E7;0.07905232999721254;0.027023405986481397;0.1697107370091683;0.15810465999442508
S_MG_NSGAII_EXEC_25_44;1686615.0;1.50263724318E7;0.10475186741895866;0.030171038218373455;0.15625799170853466;0.20950373483791732
S_MG_NSGAII_EXEC_25_47;1679814.0;1.4764177727899997E7;0.10480589105388771;0.03408171538481443;0.15353145088479433;0.20961178210777542
S_MG_NSGAII_EXEC_25_49;1678028.0;1.5050881235999998E7;0.09383144701525187;0.035108692214584104;0.15651285671609724;0.18766289403050374
S_MG_NSGAII_EXEC_25_50;1676390.0;1.45496524367E7;0.11176457945345367;0.0360505668210582;0.15130062030171498;0.22352915890690733
S_MG_NSGAII_EXEC_25_51;1675230.0;1.4357167033299994E7;0.11674086655092884;0.03671758424688845;0.1492989806707925;0.23348173310185769
S_MG_NSGAII_EXEC_25_54;1671526.0;1.4352468711099997E7;0.11523367734592291;0.03884743988936711;0.14925012321070336;0.23046735469184582
S_MG_NSGAII_EXEC_25_58;1661344.0;1.4102547163600001E7;0.12164341921142535;0.04470224284609436;0.14665120991514355;0.2432868384228507
S_MG_NSGAII_EXEC_25_111;1429531.0;1271375.3187;0.4810417391712082;0.1779982002029803;0.013220925736369661;0.9620834783424164
S_MG_NSGAII_EXEC_25_112;1426006.0;1187058.7550000001;0.48009907708949;0.1800251281564731;0.012344124833735008;0.96019815417898
S_MG_NSGAII_EXEC_25_116;1409558.0;861987.8258;0.4760608697500968;0.18948297524272822;0.00896373939538909;0.9521217395001936
S_MG_NSGAII_EXEC_25_121;1388397.0;0.0;0.4437537027802701;0.20165086812892988;0.0;0.8875074055605402
S_MG_NSGAII_EXEC_25_122;1384762.0;0.0;0.44130409805636633;0.20374104773487206;0.0;0.8826081961127327
S_MG_NSGAII_EXEC_25_123;1382113.0;0.0;0.44005544389551526;0.20526426252885857;0.0;0.8801108877910305
S_MG_NSGAII_EXEC_26_1;1736063.0;1.772031882100001E7;0.09065739238369132;0.0017376953972922543;0.18427211517428896;0.18131478476738264
S_MG_NSGAII_EXEC_26_2;1735664.0;1.826202989090001E7;0.08405544327621167;0.0019671263911769693;0.18990532333900337;0.16811088655242334
S_MG_NSGAII_EXEC_26_3;1734767.0;1.53624458207E7;0.09838968446701768;0.002482914866150878;0.15975279080622376;0.19677936893403536
S_MG_NSGAII_EXEC_26_4;1734418.0;1.5071384751500003E7;0.10405298285488038;0.0026835951089222206;0.15672607106104558;0.20810596570976075
S_MG_NSGAII_EXEC_26_5;1733969.0;1.4880015074900003E7;0.10886662298851008;0.0029417768539203087;0.15473603377991546;0.21773324597702015
S_MG_NSGAII_EXEC_26_13;1728969.0;1.7696011449100003E7;0.08433170282367093;0.005816851965257592;0.18401934484438753;0.16866340564734186
S_MG_NSGAII_EXEC_26_29;1717361.0;1.7362871018299997E7;0.07756234840095974;0.01249162634373823;0.18055504533297917;0.15512469680191948
S_MG_NSGAII_EXEC_26_41;1701332.0;1.6177449947800003E7;0.0908000097316366;0.021708542135663294;0.16822795064355775;0.1816000194632732
S_MG_NSGAII_EXEC_26_43;1692905.0;1.6973510730799995E7;0.07050826870568608;0.02655419372831115;0.1765061202280049;0.14101653741137216
S_MG_NSGAII_EXEC_26_48;1688490.0;1.5302971622299992E7;0.09631809012247662;0.029092885051621973;0.15913432358516694;0.19263618024495324
S_MG_NSGAII_EXEC_26_49;1687694.0;1.6695554003899992E7;0.07107210876251918;0.02955059700934687;0.17361567144374906;0.14214421752503836
S_MG_NSGAII_EXEC_26_50;1686310.0;1.6382989690499987E7;0.07833115149316101;0.03034641780016503;0.17036534125838235;0.15666230298632203
S_MG_NSGAII_EXEC_26_51;1686147.0;1.688212623179999E7;0.07056408870921779;0.030440145248794626;0.1755558204565969;0.14112817741843559
S_MG_NSGAII_EXEC_26_56;1678096.0;1.6114388834999993E7;0.07158370477513068;0.03506959119306992;0.16757218339928384;0.14316740955026136
S_MG_NSGAII_EXEC_26_59;1672215.0;1.5770256658099994E7;0.07760509552624849;0.03845125453902483;0.16399358163836378;0.15521019105249698
S_MG_NSGAII_EXEC_26_60;1671968.0;1.5250194645299995E7;0.09177959029485079;0.03859328324952489;0.1585855002100046;0.18355918058970158
S_MG_NSGAII_EXEC_26_63;1668420.0;1.52010400545E7;0.09089344811823213;0.04063343654852983;0.15807434572634443;0.18178689623646427
S_MG_NSGAII_EXEC_26_64;1666065.0;1.5770256658099994E7;0.06982074322026628;0.04198759692596969;0.16399358163836378;0.13964148644053256
S_MG_NSGAII_EXEC_26_117;1418616.0;1072714.1519;0.4780676251385359;0.1842744891710296;0.011155064857735517;0.9561352502770718
S_MG_NSGAII_EXEC_27_1;1736112.0;1.9251576162599992E7;0.08357344394195398;0.0017095196612011488;0.2001955323578667;0.16714688788390797
S_MG_NSGAII_EXEC_27_127;1426630.0;1241730.4637999993;0.48124516565800524;0.1796663187825782;0.01291265136661147;0.9624903313160105
S_MG_NSGAII_EXEC_27_128;1423603.0;1143921.7403999995;0.4790973369730275;0.18140688925498177;0.011895546622307674;0.958194673946055
S_MG_NSGAII_EXEC_27_131;1410896.0;913179.9736999997;0.47432102465325576;0.18871360514293437;0.009496082265127345;0.9486420493065115
S_MG_NSGAII_EXEC_27_166;1240739.0;0.0;0.37478792697019203;0.286556436286898;0.0;0.7495758539403841
S_MG_NSGAII_EXEC_27_171;1221010.0;0.0;0.3668212047446846;0.29790090766121263;0.0;0.7336424094893692
S_MG_NSGAII_EXEC_28_3;1733735.0;1.6714265915300015E7;0.0928087714413167;0.0030763303691308933;0.17381025504732112;0.1856175428826334
S_MG_NSGAII_EXEC_28_5;1731425.0;1.6273128645100016E7;0.09611297620794465;0.004404615070568719;0.1692229054243769;0.1922259524158893
S_MG_NSGAII_EXEC_28_8;1729285.0;1.701794412390001E7;0.09118880581196287;0.005635147218221076;0.17696817937116252;0.18237761162392574
S_MG_NSGAII_EXEC_28_10;1728000.0;1.5847442697600015E7;0.09611517033850421;0.006374041521834758;0.1647962328154825;0.19223034067700842
S_MG_NSGAII_EXEC_28_12;1726977.0;1.6657653067500018E7;0.09281321228318735;0.006962281889614366;0.17322154277213436;0.1856264245663747
S_MG_NSGAII_EXEC_28_15;1724596.0;1.6519415383000012E7;0.09281726395747732;0.00833139265763318;0.17178402063853573;0.18563452791495463
S_MG_NSGAII_EXEC_28_21;1720194.0;1.6239798731700009E7;0.0941023784189089;0.010862608785654525;0.16887631043910403;0.1882047568378178
S_MG_NSGAII_EXEC_28_22;1719944.0;1.5345804927800016E7;0.10191658249235909;0.01100636254122139;0.1595797435510336;0.20383316498471818
S_MG_NSGAII_EXEC_28_45;1692603.0;1.0728491575799994E7;0.2662257280174367;0.026727848265035926;0.11156468770524296;0.5324514560348734
S_MG_NSGAII_EXEC_28_48;1687841.0;1.0643743974999998E7;0.26990306430530175;0.029466069801073552;0.1106834044838116;0.5398061286106035
S_MG_NSGAII_EXEC_28_50;1687110.0;1.0507121699099993E7;0.2776606677146557;0.029886405782351064;0.10926268084930318;0.5553213354293114
S_MG_NSGAII_EXEC_28_51;1686728.0;1.0490995468399994E7;0.279400596899136;0.030106061520857232;0.10909498552333897;0.558801193798272
S_MG_NSGAII_EXEC_28_52;1685179.0;1.044356791999999E7;0.28283377037425367;0.030996759790349524;0.10860179040932993;0.5656675407485073
S_MG_NSGAII_EXEC_28_55;1680122.0;1.0333601366999995E7;0.28786152435518153;0.033904610757956054;0.1074582574106053;0.5757230487103631
S_MG_NSGAII_EXEC_28_56;1678182.0;1.0226501020899998E7;0.2973748423122289;0.03502013990115492;0.10634452985800864;0.5947496846244578
S_MG_NSGAII_EXEC_28_61;1675531.0;1.0139617758899998E7;0.30202374202381504;0.036544504725185945;0.1054410380741583;0.6040474840476301
S_MG_NSGAII_EXEC_28_66;1669045.0;9993844.706;0.3108487218878065;0.04027405215961267;0.10392515627402599;0.621697443775613
S_MG_NSGAII_EXEC_28_72;1660724.0;1.43238378014E7;0.12134858392733176;0.04505875215990018;0.14895239277238131;0.24269716785466353
S_MG_NSGAII_EXEC_28_76;1651734.0;9537990.383100001;0.3432597967371981;0.050228137210084615;0.09918476524942557;0.6865195934743962
S_MG_NSGAII_EXEC_28_78;1647468.0;1.4232864468E7;0.12029645798703449;0.05268115129507758;0.14800636867770153;0.24059291597406898
S_MG_NSGAII_EXEC_28_102;1596379.0;5914922.114500001;0.45359974687455723;0.08205809376769968;0.06150878097285744;0.9071994937491145
S_MG_NSGAII_EXEC_28_118;1549826.0;4180067.4952000002;0.4872029814914134;0.1088267680993166;0.043468172705728295;0.9744059629828268
S_MG_NSGAII_EXEC_28_124;1545060.0;3961528.610000001;0.48959660972090974;0.1115672896954433;0.041195605093913595;0.9791932194418195
S_MG_NSGAII_EXEC_28_129;1535852.0;3895321.6485999995;0.4909969216244489;0.11686202802048204;0.04050712443283301;0.9819938432488978
S_MG_NSGAII_EXEC_28_131;1533985.0;3936888.1293;0.4901747213538815;0.11793558106705537;0.04093937079342689;0.980349442707763
S_MG_NSGAII_EXEC_28_153;1393157.0;0.0;0.4453843301616536;0.19891379662293676;0.0;0.8907686603233071
S_MG_NSGAII_EXEC_28_155;1381665.0;0.0;0.4393332874183443;0.2055218692588344;0.0;0.8786665748366886
S_MG_NSGAII_EXEC_28_156;1374065.0;0.0;0.4361191377164403;0.20989198342806706;0.0;0.8722382754328806
S_MG_NSGAII_EXEC_28_158;1363131.0;0.0;0.4311425291393055;0.21617919768153943;0.0;0.862285058278611
S_MG_NSGAII_EXEC_28_159;1355509.0;0.0;0.427127772023562;0.22056196218126198;0.0;0.854255544047124
S_MG_NSGAII_EXEC_28_160;1349636.0;0.0;0.42358256000764616;0.22393902540703875;0.0;0.8471651200152923
S_MG_NSGAII_EXEC_28_161;1346567.0;0.0;0.42211152652951434;0.22570374651037758;0.0;0.8442230530590287
S_MG_NSGAII_EXEC_28_162;1341629.0;0.0;0.4214595280965827;0.22854317069033428;0.0;0.8429190561931654
S_MG_NSGAII_EXEC_28_163;1334532.0;0.0;0.4168181867029633;0.2326240523033664;0.0;0.8336363734059266
S_MG_NSGAII_EXEC_28_164;1326151.0;0.0;0.41289584849813227;0.23744325320499;0.0;0.8257916969962645
S_MG_NSGAII_EXEC_28_165;1321009.0;0.0;0.4104842816999256;0.24039998044948924;0.0;0.8209685633998512
S_MG_NSGAII_EXEC_28_166;1320713.0;0.0;0.409670561959845;0.2405701848960804;0.0;0.81934112391969
S_MG_NSGAII_EXEC_28_167;1313994.0;0.0;0.4068047333492868;0.24443371083069546;0.0;0.8136094666985736
S_MG_NSGAII_EXEC_28_168;1305870.0;0.0;0.40297891458584795;0.24910513287159627;0.0;0.8059578291716959
S_MG_NSGAII_EXEC_28_169;1304851.0;0.0;0.4021192495430563;0.24969107317928682;0.0;0.8042384990861126
S_MG_NSGAII_EXEC_28_170;1300254.0;0.0;0.39950851584864155;0.2523344172366503;0.0;0.7990170316972831
S_MG_NSGAII_EXEC_28_171;1293167.0;0.0;0.3959949117654195;0.25640954869945976;0.0;0.791989823530839
S_MG_NSGAII_EXEC_28_172;1289278.0;0.0;0.39418410938585424;0.25864578212105793;0.0;0.7883682187717085
S_MG_NSGAII_EXEC_28_173;1285099.0;0.0;0.39235093873254434;0.26104876989911363;0.0;0.7847018774650887
S_MG_NSGAII_EXEC_28_174;1279630.0;0.0;0.38955855041877013;0.26419352705589433;0.0;0.7791171008375403
S_MG_NSGAII_EXEC_28_175;1275647.0;0.0;0.3876680589703007;0.26648381188958564;0.0;0.7753361179406014
S_MG_NSGAII_EXEC_28_176;1270146.0;0.0;0.38575405217703373;0.2696469695270789;0.0;0.7715081043540675
S_MG_NSGAII_EXEC_28_177;1265273.0;0.0;0.3828381780085155;0.2724490177305882;0.0;0.765676356017031
S_MG_NSGAII_EXEC_28_178;1260463.0;0.0;0.38086381828091403;0.2752148399876947;0.0;0.7617276365618281
S_MG_NSGAII_EXEC_28_179;1254255.0;0.0;0.3778556588296009;0.27878453324593105;0.0;0.7557113176592019
S_MG_NSGAII_EXEC_28_180;1247464.0;0.0;0.37525409164138573;0.28268946026214936;0.0;0.7505081832827715
S_MG_NSGAII_EXEC_28_181;1240430.0;0.0;0.374275299837101;0.2867341159287786;0.0;0.748550599674202
S_MG_NSGAII_EXEC_28_182;1238094.0;0.0;0.37061194261022096;0.2880773510207954;0.0;0.7412238852204419
S_MG_NSGAII_EXEC_28_183;1231350.0;0.0;0.368482591234112;0.29195525233096714;0.0;0.736965182468224
S_MG_NSGAII_EXEC_28_184;1223422.0;0.0;0.36740767679467423;0.2965139714275035;0.0;0.7348153535893485
S_MG_NSGAII_EXEC_28_185;1222014.0;0.0;0.3668762194379878;0.2973235925788561;0.0;0.7337524388759756
S_MG_NSGAII_EXEC_28_186;1220743.0;0.0;0.36303834147005093;0.2980544366721581;0.0;0.7260766829401019
S_MG_NSGAII_EXEC_28_187;1212554.0;0.0;0.3625008133030007;0.3027632346895063;0.0;0.7250016266060014
S_MG_NSGAII_EXEC_28_188;1205475.0;0.0;0.35741507590704;0.3068337660321376;0.0;0.71483015181408
S_MG_NSGAII_EXEC_28_189;1202170.0;0.0;0.3562681997037222;0.30873419068073155;0.0;0.7125363994074444
S_MG_NSGAII_EXEC_28_190;1195479.0;0.0;0.353951650938299;0.3125816161947231;0.0;0.707903301876598
S_MG_NSGAII_EXEC_28_191;1187800.0;0.0;0.35315046211060946;0.31699715655071486;0.0;0.7063009242212189
S_MG_NSGAII_EXEC_28_192;1182914.0;0.0;0.3519785483671692;0.3198066799495137;0.0;0.7039570967343384
S_MG_NSGAII_EXEC_28_193;1181039.0;0.0;0.34922524052093656;0.32088483311626514;0.0;0.6984504810418731
S_MG_NSGAII_EXEC_28_194;1177282.0;0.0;0.34802373647210433;0.323045164554924;0.0;0.6960474729442087
S_MG_NSGAII_EXEC_28_195;1164890.0;0.0;0.34437012989944543;0.3301707507108623;0.0;0.6887402597988909
S_MG_NSGAII_EXEC_28_196;1160416.0;0.0;0.34313560582054703;0.3327433679204869;0.0;0.6862712116410941
S_MG_NSGAII_EXEC_28_197;1155285.0;0.0;0.34189260428919743;0.33569376999974126;0.0;0.6837852085783949
S_MG_NSGAII_EXEC_28_198;1148847.0;0.0;0.34111439867506704;0.33939571671309915;0.0;0.6822287973501341
S_MG_NSGAII_EXEC_28_199;1142266.0;0.0;0.3393807956442346;0.34317989057464127;0.0;0.6787615912884692
S_MG_NSGAII_EXEC_28_200;1135059.0;0.0;0.3381117968228275;0.34732402384012284;0.0;0.676223593645655
S_MG_NSGAII_EXEC_28_201;1130304.0;0.0;0.33554711496432654;0.3500582202710046;0.0;0.6710942299286531
S_MG_NSGAII_EXEC_28_202;1120004.0;0.0;0.33546241095326207;0.3559808750003594;0.0;0.6709248219065241
S_MG_NSGAII_EXEC_28_203;1119581.0;0.0;0.334290899358296;0.3562241063547785;0.0;0.668581798716592
S_MG_NSGAII_EXEC_28_204;1112584.0;0.0;0.333246211812814;0.3602474864655839;0.0;0.666492423625628
S_MG_NSGAII_EXEC_28_205;1104325.0;0.0;0.3308187645505336;0.36499653553449085;0.0;0.6616375291010672
S_MG_NSGAII_EXEC_28_206;1094178.0;0.0;0.3294305163083517;0.3708312129654387;0.0;0.6588610326167034
S_MG_NSGAII_EXEC_28_207;1084161.0;0.0;0.3288586092344355;0.37659113844349185;0.0;0.657717218468871
S_MG_NSGAII_EXEC_28_208;1083515.0;0.0;0.32751673328153047;0.37696259814787664;0.0;0.6550334665630609
S_MG_NSGAII_EXEC_28_209;1076757.0;0.0;0.3265427218461984;0.38084854966836007;0.0;0.6530854436923968
S_MG_NSGAII_EXEC_28_210;1073846.0;0.0;0.3255494553421687;0.38252241839818063;0.0;0.6510989106843375
S_MG_NSGAII_EXEC_28_211;1064513.0;0.0;0.3238543262376592;0.38788903360100285;0.0;0.6477086524753184
S_MG_NSGAII_EXEC_28_212;1059382.0;0.0;0.3224794229582835;0.39083943568025714;0.0;0.644958845916567
S_MG_NSGAII_EXEC_28_213;1053516.0;0.0;0.3216145425150293;0.39421247380087804;0.0;0.6432290850300586
S_MG_NSGAII_EXEC_28_214;1048934.0;0.0;0.32031007028850433;0.3968471926329075;0.0;0.6406201405770087
S_MG_NSGAII_EXEC_28_215;1041328.0;0.0;0.3197240996445717;0.4012207568922738;0.0;0.6394481992891434
S_MG_NSGAII_EXEC_28_216;1030251.0;0.0;0.3175491304608631;0.40759019829393045;0.0;0.6350982609217262
S_MG_NSGAII_EXEC_28_217;1016735.0;0.0;0.31662499406820166;0.41536210133489737;0.0;0.6332499881364033
S_MG_NSGAII_EXEC_28_218;1014494.0;0.0;0.31535656278255214;0.41665070999979875;0.0;0.6307131255651043
S_MG_NSGAII_EXEC_29_120;1393311.0;0.0;0.44597572613307124;0.1988252443095076;0.0;0.8919514522661425
S_MG_NSGAII_EXEC_29_121;1385698.0;0.0;0.44192243719615515;0.20320283367402972;0.0;0.8838448743923103
S_MG_NSGAII_EXEC_29_130;1337552.0;0.0;0.4195663275060282;0.2308875069361187;0.0;0.8391326550120564
S_MG_NSGAII_EXEC_29_133;1317781.0;0.0;0.409325278518617;0.24225612894136858;0.0;0.818650557037234
S_MG_NSGAII_EXEC_29_134;1309514.0;0.0;0.4052243091374944;0.24700977813045366;0.0;0.8104486182749888
S_MG_NSGAII_EXEC_29_136;1302304.0;0.0;0.4018042875870384;0.25115563644100203;0.0;0.8036085751740768
S_MG_NSGAII_EXEC_29_147;1254447.0;0.0;0.3795265817931023;0.2786741303616557;0.0;0.7590531635862046
S_MG_NSGAII_EXEC_30_17;1712069.0;1.14921581238E7;0.2190088506189382;0.015534605841577611;0.11950599234593832;0.4380177012378764
S_MG_NSGAII_EXEC_30_19;1709132.0;1.1362154438599998E7;0.2260468222153429;0.01722342496197713;0.1181540948832433;0.4520936444306858
S_MG_NSGAII_EXEC_30_20;1708709.0;1.13024789805E7;0.2283325749215057;0.017466656316396267;0.11753353477937827;0.4566651498430114
S_MG_NSGAII_EXEC_30_21;1706650.0;1.1243667962299997E7;0.2371975405147316;0.018650612247244958;0.11692196391382334;0.4743950810294632
S_MG_NSGAII_EXEC_30_24;1705110.0;1.1148324107999997E7;0.2371975405147316;0.019536135381536843;0.11593049113739061;0.4743950810294632
S_MG_NSGAII_EXEC_30_26;1701951.0;1.1248266779499998E7;0.232308148808587;0.021352607836879738;0.11696978662972955;0.464616297617174
S_MG_NSGAII_EXEC_30_31;1696650.0;1.1050434408100003E7;0.24973158395173728;0.024400762469919526;0.11491254432522764;0.49946316790347456
S_MG_NSGAII_EXEC_30_92;1603752.0;6162391.458299996;0.4468083401185479;0.07781850800852172;0.0640821940069828;0.8936166802370958
S_MG_NSGAII_EXEC_30_94;1598785.0;5973643.8781999955;0.4489684683460112;0.08067460762412418;0.06211942368832254;0.8979369366920223
S_MG_NSGAII_EXEC_30_95;1598356.0;7605535.8354999935;0.4312441224790265;0.08092128906867692;0.07908933183417445;0.862488244958053
S_MG_NSGAII_EXEC_30_99;1592665.0;5453376.5187;0.465963203416079;0.08419369956040101;0.05670920687678347;0.931926406832158
S_MG_NSGAII_EXEC_30_100;1590960.0;5828563.914599994;0.4528980148864091;0.08517410017336703;0.06061074926592451;0.9057960297728181
S_MG_NSGAII_EXEC_30_104;1585887.0;5740664.391499995;0.4533888453464195;0.08809115138132984;0.059696689467787424;0.906777690692839
S_MG_NSGAII_EXEC_30_105;1583738.0;5520869.172599997;0.46104399167253424;0.0893268586641826;0.05741105734677275;0.9220879833450685
S_MG_NSGAII_EXEC_30_108;1553785.0;4508505.929599999;0.4835128613752032;0.10655028362615973;0.04688357654934855;0.9670257227504064
S_MG_NSGAII_EXEC_30_109;1553352.0;4452916.901799999;0.48379727113031457;0.10679926513080154;0.0463055108928182;0.9675945422606291
S_MG_NSGAII_EXEC_30_110;1551243.0;4346969.953299999;0.4856025396765895;0.1080119718127636;0.04520377742551625;0.971205079353179
S_MG_NSGAII_EXEC_30_111;1549213.0;4200175.877000001;0.4870483589854803;0.10917925230796655;0.043677278088337275;0.9740967179709606
S_MG_NSGAII_EXEC_30_113;1547863.0;4068509.778600001;0.4872942761260745;0.10995552258802761;0.04230809332964313;0.974588552252149
S_MG_NSGAII_EXEC_30_121;1508714.0;7138864.325999995;0.4253458539725494;0.13246678569477627;0.07423645378972117;0.8506917079450989
S_MG_NSGAII_EXEC_30_122;1507585.0;6756595.557699996;0.4312242253984609;0.13311597765491623;0.07026127280052633;0.8624484507969218
S_MG_NSGAII_EXEC_30_134;1398504.0;0.0;0.4477268097453179;0.19583919129887267;0.0;0.8954536194906358
S_MG_NSGAII_EXEC_30_135;1390986.0;0.0;0.4441898939345819;0.20016215423627942;0.0;0.8883797878691638
S_MG_NSGAII_EXEC_30_137;1377108.0;0.0;0.43798063853392394;0.2081422127153072;0.0;0.8759612770678479
S_MG_NSGAII_EXEC_30_140;1353186.0;0.0;0.42664295354367765;0.2218977220779893;0.0;0.8532859070873553
S_MG_NSGAII_EXEC_30_146;1322587.0;0.0;0.4125202514609028;0.2394926067443512;0.0;0.8250405029218056
S_MG_NSGAII_EXEC_30_149;1307353.0;0.0;0.405179673122347;0.24825238559357363;0.0;0.810359346244694
S_MG_NSGAII_EXEC_30_153;1293801.0;0.0;0.39888478858566156;0.2560449891753422;0.0;0.7977695771713231
